work_year,experience_level,salary_in_usd,remote_ratio,company_size,FL,FT,PT
2024,3,284000,0,2,0,1,0
2025,3,166000,100,2,0,1,0
2025,2,200000,0,2,0,1,0
2025,2,70629,100,2,0,1,0
2024,2,124800,0,2,0,1,0
2024,3,284000,0,2,0,1,0
2024,3,39413,0,2,0,1,0
2024,3,145537,0,2,0,1,0
2024,3,156312,0,3,0,1,0
2025,3,111870,100,2,0,1,0
2025,2,54000,100,2,0,1,0
2024,1,90000,0,2,0,1,0
2022,3,135000,100,2,0,1,0
2025,3,200000,0,2,0,1,0
2025,1,44000,0,2,0,1,0
2025,3,139800,0,2,0,1,0
2024,1,44850,0,2,0,1,0
2025,3,85000,0,2,0,1,0
2025,3,84836,0,2,0,1,0
2024,3,170000,0,2,0,1,0
2023,3,116500,100,2,0,1,0
2025,1,95000,0,2,0,1,0
2024,2,145000,0,2,0,1,0
2024,2,112300,0,2,0,1,0
2025,2,105400,100,2,0,1,0
2024,2,92307,0,2,0,1,0
2025,3,103000,0,2,0,1,0
2024,2,150000,100,2,0,1,0
2025,3,161000,0,2,0,1,0
2024,2,39205,0,2,0,1,0
2025,3,86200,0,2,0,1,0
2024,3,200500,0,2,0,1,0
2023,3,150000,100,2,0,1,0
2024,3,150400,0,3,0,1,0
2025,1,145100,100,2,0,1,0
2024,3,160000,100,2,0,1,0
2024,1,110000,0,2,0,1,0
2025,2,31578,0,2,0,1,0
2025,2,58844,0,2,0,1,0
2025,3,245000,0,2,0,1,0
2024,3,176355,0,2,0,1,0
2024,3,110000,100,2,0,1,0
2024,3,91520,0,2,0,1,0
2025,2,86400,0,2,0,1,0
2025,3,325000,0,2,0,1,0
2025,3,50526,0,2,0,1,0
2023,4,200000,0,2,0,1,0
2025,2,75789,0,2,0,1,0
2025,2,108000,0,2,0,1,0
2023,4,200000,0,2,0,1,0
2024,1,355000,0,2,0,1,0
2023,2,55368,0,2,0,1,0
2025,4,448990,0,2,0,1,0
2025,2,180000,0,2,0,1,0
2025,2,100000,0,2,0,1,0
2025,3,210000,100,2,0,1,0
2022,3,210000,100,2,0,1,0
2025,3,110530,0,2,0,1,0
2025,2,75000,0,2,0,1,0
2025,2,185000,100,2,0,1,0
2025,3,270000,100,2,0,1,0
2024,3,269075,0,2,0,1,0
2024,3,175100,100,2,0,1,0
2024,2,251000,0,2,0,1,0
2025,2,99875,100,2,0,1,0
2024,3,135000,0,2,0,1,0
2023,3,120000,0,2,0,1,0
2025,3,114000,0,2,0,1,0
2024,2,325000,0,2,0,1,0
2024,3,228188,0,2,0,1,0
2024,3,62222,0,2,0,1,0
2025,3,130000,100,2,0,1,0
2025,2,139400,0,2,0,1,0
2025,3,110000,0,2,0,1,0
2025,3,200000,100,2,0,1,0
2025,4,113900,100,2,0,1,0
2024,3,207000,0,2,0,1,0
2025,2,134814,0,3,0,1,0
2025,2,85000,100,2,0,1,0
2025,2,41197,0,2,0,1,0
2024,2,155900,0,2,0,1,0
2023,3,90000,0,2,0,1,0
2024,3,137600,0,2,0,1,0
2025,2,120000,100,2,0,1,0
2025,3,152889,0,2,0,1,0
2025,3,114000,0,2,0,1,0
2025,3,117000,0,2,0,1,0
2024,2,122000,0,2,0,1,0
2024,3,168000,0,2,0,1,0
2025,3,173000,0,2,0,1,0
2025,4,396890,0,2,0,1,0
2023,2,151410,0,2,0,1,0
2025,3,100000,0,2,0,1,0
2024,2,167000,0,2,0,1,0
2025,2,130000,0,2,0,1,0
2024,3,179982,0,2,0,1,0
2025,3,180000,0,2,0,1,0
2024,3,215000,0,2,0,1,0
2024,2,140000,100,2,0,1,0
2024,2,102000,0,2,0,1,0
2025,3,75949,0,2,0,1,0
2024,3,212160,0,2,0,1,0
2022,3,250000,0,2,0,1,0
2024,3,77777,100,2,0,1,0
2025,3,250000,0,2,0,1,0
2024,3,208000,0,2,0,1,0
2025,2,161600,0,2,0,1,0
2024,2,125000,0,2,0,1,0
2024,3,180000,0,2,0,1,0
2025,3,164000,0,2,0,1,0
2024,3,250200,0,2,0,1,0
2024,3,200000,0,2,0,1,0
2025,2,190000,0,2,0,1,0
2024,3,264200,0,2,0,1,0
2025,2,158900,0,2,0,1,0
2025,2,145000,0,2,0,1,0
2024,3,171350,0,2,0,1,0
2024,2,136500,0,2,0,1,0
2024,2,212160,0,2,0,1,0
2024,2,161500,0,2,0,1,0
2024,3,166000,0,2,0,1,0
2024,3,175800,0,2,0,1,0
2024,1,114400,0,2,0,1,0
2025,3,90000,0,2,0,1,0
2024,2,177688,0,2,0,1,0
2025,2,95000,0,2,0,1,0
2024,2,212800,0,3,0,1,0
2024,3,95000,0,2,0,1,0
2024,3,190000,100,2,0,1,0
2025,3,118450,0,2,0,1,0
2024,1,276000,0,2,0,1,0
2025,3,176720,0,2,0,1,0
2025,3,155000,0,2,0,1,0
2025,3,168300,0,2,0,1,0
2024,1,135450,100,2,0,1,0
2024,3,190000,0,2,0,1,0
2024,3,160000,100,2,0,1,0
2024,3,251000,0,2,0,1,0
2024,2,96700,0,2,0,1,0
2023,3,95000,100,2,0,1,0
2025,2,65000,0,2,0,1,0
2025,3,318500,0,2,0,1,0
2024,3,175000,100,2,0,1,0
2024,3,186000,0,2,0,1,0
2025,2,303000,0,2,0,1,0
2025,3,240000,100,2,0,1,0
2024,1,145000,0,2,0,1,0
2024,3,142000,0,2,0,1,0
2024,2,230000,0,2,0,1,0
2024,3,157000,100,2,0,1,0
2025,3,105500,0,2,0,1,0
2025,2,277000,0,2,0,1,0
2024,3,75000,0,2,0,1,0
2024,1,106400,0,2,0,1,0
2024,3,88461,0,2,0,1,0
2024,2,80000,0,2,0,1,0
2024,2,108000,0,2,0,1,0
2025,1,25000,100,2,0,1,0
2024,3,220000,100,2,0,1,0
2024,2,113000,0,2,0,1,0
2025,3,200000,100,2,0,1,0
2024,3,180000,100,2,0,1,0
2024,3,171000,0,2,0,1,0
2025,3,250000,0,2,0,1,0
2025,3,180000,0,2,0,1,0
2024,3,160000,100,2,0,1,0
2025,2,75949,100,2,0,1,0
2024,2,171250,0,2,0,1,0
2024,3,120000,100,2,0,1,0
2024,1,40000,100,2,0,1,0
2024,2,126000,0,2,0,1,0
2025,3,130000,100,2,0,1,0
2025,3,110000,0,2,0,1,0
2025,2,175000,0,2,0,1,0
2025,3,124000,100,2,0,1,0
2025,3,150000,0,2,0,1,0
2024,3,291900,0,2,0,1,0
2024,3,214200,100,2,0,1,0
2025,3,294000,0,2,0,1,0
2025,3,134000,100,2,0,1,0
2024,2,196900,0,2,0,1,0
2025,2,130000,0,2,0,1,0
2024,3,113000,0,3,0,1,0
2025,2,346000,0,2,0,1,0
2025,3,90000,100,2,0,1,0
2025,2,175800,0,2,0,1,0
2024,3,339250,0,2,0,1,0
2025,3,222000,100,2,0,1,0
2024,3,115000,0,2,0,1,0
2024,2,185000,0,3,0,1,0
2024,2,148200,0,2,0,1,0
2024,3,103000,0,2,0,1,0
2024,3,128000,100,2,0,1,0
2025,3,420000,0,2,0,1,0
2025,1,95000,0,2,0,1,0
2024,3,210000,0,2,0,1,0
2024,3,90000,0,2,0,1,0
2024,3,134800,0,2,0,1,0
2025,3,170000,100,2,0,1,0
2024,1,99500,0,3,0,1,0
2025,3,160000,100,2,0,1,0
2024,3,177000,0,2,0,1,0
2025,2,147100,0,2,0,1,0
2024,2,228000,0,2,0,1,0
2025,3,125000,100,2,0,1,0
2024,1,112000,0,2,0,1,0
2025,3,160759,0,2,0,1,0
2025,2,75000,100,2,0,1,0
2025,3,257970,0,2,0,1,0
2024,3,131500,0,2,0,1,0
2024,2,88888,0,2,0,1,0
2024,3,237500,0,2,0,1,0
2025,3,111260,100,2,0,1,0
2025,4,205000,0,2,0,1,0
2025,2,138715,0,2,0,1,0
2023,3,130000,0,2,0,1,0
2024,2,57020,0,2,0,1,0
2023,3,140100,0,2,0,1,0
2024,3,251000,100,2,0,1,0
2024,2,97100,0,2,0,1,0
2024,3,231110,0,2,0,1,0
2024,2,57700,0,2,0,1,0
2024,3,175000,0,2,0,1,0
2025,3,80000,0,2,0,1,0
2025,3,160000,0,2,0,1,0
2024,3,124200,0,2,0,1,0
2025,3,168800,0,2,0,1,0
2024,2,83028,0,2,0,1,0
2025,3,137439,0,2,0,1,0
2024,2,129800,0,2,0,1,0
2024,3,160000,100,2,0,1,0
2025,3,197000,0,2,0,1,0
2024,1,80000,100,2,0,1,0
2024,3,199700,100,2,0,1,0
2024,2,136000,0,3,0,1,0
2024,2,48000,0,2,0,1,0
2025,3,137000,100,2,0,1,0
2024,3,144000,0,2,0,1,0
2024,2,120200,0,2,0,1,0
2023,1,155000,0,2,0,1,0
2022,3,169000,0,2,0,1,0
2025,3,301200,0,2,0,1,0
2024,3,87360,0,2,0,1,0
2025,2,115290,0,2,0,1,0
2024,3,141300,100,2,0,1,0
2024,2,250000,0,2,0,1,0
2024,3,242000,0,2,0,1,0
2025,3,600243,0,2,0,1,0
2025,1,110000,0,2,0,1,0
2024,2,296300,0,2,0,1,0
2025,3,245960,100,2,0,1,0
2024,2,100000,0,2,0,1,0
2025,2,65000,0,2,0,1,0
2024,3,207000,100,2,0,1,0
2024,1,92000,0,2,0,1,0
2025,3,144505,0,2,0,1,0
2024,3,130100,0,2,0,1,0
2024,3,247200,0,2,0,1,0
2023,3,182850,100,2,0,1,0
2024,2,159000,0,2,0,1,0
2024,2,160000,100,2,0,1,0
2025,2,85400,0,2,0,1,0
2025,3,28000,0,2,0,1,0
2025,3,175800,0,2,0,1,0
2024,3,145000,0,2,0,1,0
2025,3,123000,0,2,0,1,0
2025,3,251600,0,2,0,1,0
2024,2,190000,0,2,0,1,0
2024,3,239000,0,3,0,1,0
2024,2,91800,0,2,0,1,0
2025,2,64800,0,2,0,1,0
2023,3,135200,0,2,0,1,0
2024,3,124800,0,2,0,1,0
2025,3,78900,0,2,0,1,0
2025,2,186000,0,2,0,1,0
2025,3,234000,0,2,0,1,0
2025,3,141200,0,2,0,1,0
2025,3,240000,100,2,0,1,0
2024,1,79700,0,2,0,1,0
2025,2,63000,0,2,0,1,0
2024,3,122200,0,2,0,1,0
2024,3,242000,0,2,0,1,0
2024,2,135200,0,2,0,1,0
2025,2,220000,0,2,0,1,0
2024,2,60400,0,2,0,1,0
2025,3,250000,100,2,0,1,0
2024,1,118575,0,2,0,1,0
2025,3,110000,100,2,0,1,0
2025,2,78000,0,2,0,1,0
2024,3,130760,0,2,0,0,0
2024,3,115000,100,2,0,1,0
2024,3,260830,100,2,0,1,0
2025,3,149000,0,2,0,1,0
2025,3,110000,100,2,0,1,0
2024,3,175000,0,2,0,1,0
2025,2,236500,0,2,0,1,0
2025,3,110000,0,2,0,1,0
2025,3,156000,0,2,0,1,0
2024,3,138000,0,2,0,1,0
2024,3,110000,0,2,0,1,0
2025,2,216000,0,2,0,1,0
2024,2,183750,0,2,0,1,0
2025,3,301200,0,2,0,1,0
2025,1,145000,0,2,0,1,0
2024,3,239000,100,2,0,1,0
2025,3,113840,0,2,0,1,0
2024,2,125000,0,2,0,1,0
2024,1,200000,0,3,0,1,0
2024,2,195800,0,2,0,1,0
2024,2,60000,0,2,0,1,0
2024,2,419750,0,2,0,1,0
2024,3,190000,0,2,0,1,0
2024,1,144000,0,2,0,1,0
2025,3,151200,0,2,0,1,0
2024,2,130000,0,2,0,1,0
2025,3,184300,0,2,0,1,0
2025,2,245985,100,2,0,1,0
2025,3,246400,0,2,0,1,0
2025,3,116270,100,2,0,1,0
2025,2,220000,100,2,0,1,0
2024,3,168300,0,2,0,1,0
2025,1,99000,100,2,0,1,0
2025,3,140800,0,2,0,1,0
2025,3,250000,0,2,0,1,0
2023,3,75000,100,2,0,1,0
2023,3,156400,100,2,0,1,0
2025,1,81094,100,2,0,0,1
2025,1,50000,100,2,0,0,0
2024,2,130000,0,2,0,1,0
2025,2,96000,0,2,0,1,0
2025,3,146000,100,2,0,1,0
2025,3,178100,0,2,0,1,0
2025,3,82783,0,2,0,1,0
2024,3,280000,0,2,0,1,0
2023,3,204500,0,2,0,1,0
2024,3,138000,0,2,0,1,0
2024,3,225000,100,2,0,1,0
2025,3,233800,0,2,0,1,0
2024,2,148000,0,2,0,1,0
2024,2,173000,0,2,0,1,0
2025,3,414000,0,2,0,1,0
2024,1,44444,0,2,0,1,0
2024,2,210000,0,2,0,1,0
2025,3,220000,0,2,0,1,0
2024,3,62500,0,2,0,1,0
2024,2,230000,0,2,0,1,0
2025,3,180000,100,2,0,1,0
2024,3,140000,0,2,0,1,0
2025,3,202500,0,2,0,1,0
2025,3,95000,0,2,0,1,0
2024,3,201000,0,2,0,1,0
2025,3,217378,0,2,0,1,0
2024,3,183552,0,2,0,1,0
2025,1,76800,0,2,0,1,0
2024,1,52021,0,2,0,1,0
2025,3,120000,0,3,0,1,0
2025,3,119574,0,2,0,1,0
2025,3,145350,0,2,0,1,0
2025,1,60300,100,2,0,1,0
2022,2,20984,50,3,0,1,0
2025,3,90000,0,2,0,1,0
2025,2,209000,100,2,0,1,0
2024,3,720000,0,2,0,1,0
2025,2,293500,0,2,0,1,0
2025,3,260050,0,2,0,1,0
2025,3,110000,0,2,0,1,0
2023,3,110400,0,2,0,1,0
2024,3,267100,0,2,0,1,0
2024,3,165000,0,2,0,1,0
2024,3,242000,0,2,0,1,0
2025,3,178360,100,2,0,1,0
2025,2,125000,0,2,0,1,0
2024,3,180000,100,2,0,1,0
2024,2,100000,100,2,0,1,0
2025,3,264200,0,2,0,1,0
2025,1,145000,0,2,0,1,0
2024,3,232223,0,2,0,1,0
2025,2,84000,0,2,0,1,0
2024,2,230000,0,2,0,1,0
2024,1,51111,0,2,0,1,0
2025,3,223500,0,2,0,1,0
2025,1,36708,0,2,0,1,0
2023,3,176000,0,2,0,1,0
2025,3,204900,0,2,0,1,0
2025,3,158000,0,2,0,1,0
2025,3,190000,100,2,0,1,0
2025,3,105740,0,2,0,1,0
2025,2,266000,0,2,0,1,0
2024,3,252000,0,2,0,1,0
2025,3,355000,0,2,0,1,0
2024,1,43750,100,2,0,1,0
2024,3,61333,0,2,0,1,0
2023,3,75038,100,2,0,1,0
2023,4,329500,100,2,0,1,0
2025,3,254400,0,2,0,1,0
2024,3,230000,0,2,0,1,0
2024,3,218500,100,2,0,1,0
2024,3,145400,0,2,0,1,0
2025,2,171288,0,2,0,1,0
2024,2,89000,100,2,0,1,0
2023,3,142200,0,2,0,1,0
2024,3,295490,0,2,0,1,0
2025,3,95000,0,2,0,1,0
2025,3,216000,0,2,0,1,0
2024,2,160000,0,2,0,1,0
2025,2,154700,100,2,0,1,0
2024,2,75000,0,2,0,1,0
2025,3,120750,0,2,0,1,0
2024,3,209720,0,2,0,1,0
2025,3,148000,0,2,0,1,0
2023,3,232200,100,2,0,1,0
2022,3,210000,100,2,0,1,0
2025,2,245000,0,2,0,1,0
2025,4,350000,0,2,0,1,0
2023,2,110000,0,2,0,1,0
2024,3,166600,100,2,0,1,0
2024,2,150000,0,2,0,1,0
2024,3,130000,100,2,0,1,0
2025,3,197400,0,2,0,1,0
2023,3,170000,0,2,0,1,0
2025,3,179840,0,2,0,1,0
2025,3,20000,100,2,0,0,0
2024,3,110100,0,2,0,1,0
2024,2,200200,0,2,0,1,0
2024,1,55000,100,2,0,1,0
2024,2,109000,100,2,0,1,0
2024,1,89000,100,2,0,1,0
2024,2,90011,0,2,0,1,0
2024,2,146000,0,2,0,1,0
2025,1,48000,100,2,0,1,0
2025,3,269400,100,2,0,1,0
2024,3,194000,0,2,0,1,0
2025,3,202000,0,2,0,1,0
2024,3,220000,0,2,0,1,0
2025,3,135000,100,2,0,1,0
2024,3,359400,0,2,0,1,0
2025,2,77000,0,2,0,1,0
2024,2,93700,100,2,0,1,0
2025,4,155350,0,2,0,1,0
2025,2,180000,100,2,0,1,0
2024,3,141480,0,2,0,1,0
2025,3,160000,0,2,0,1,0
2024,2,50000,0,2,0,1,0
2024,2,62500,0,2,0,1,0
2024,3,222480,0,2,0,1,0
2024,3,337250,0,2,0,1,0
2025,1,176000,0,2,0,1,0
2024,3,216000,0,2,0,1,0
2025,3,153925,0,2,0,1,0
2024,3,233582,0,2,0,1,0
2024,2,121550,0,2,0,1,0
2024,3,155000,100,2,0,1,0
2025,3,160000,100,2,0,1,0
2025,2,63323,0,2,0,1,0
2025,2,109943,100,2,0,1,0
2025,1,106260,0,2,0,1,0
2024,2,160000,0,2,0,1,0
2024,2,178000,0,2,0,1,0
2025,3,323400,100,2,0,1,0
2023,3,208500,0,2,0,1,0
2024,1,117200,0,2,0,1,0
2025,3,197100,100,2,0,1,0
2024,1,250000,0,2,0,1,0
2025,2,120000,0,2,0,1,0
2025,2,82500,0,2,0,1,0
2024,3,182000,0,2,0,1,0
2024,2,90000,0,2,0,1,0
2025,3,170500,100,2,0,1,0
2025,1,45000,0,2,0,1,0
2024,3,117000,0,2,0,1,0
2025,3,239000,0,2,0,1,0
2025,2,81600,100,2,0,1,0
2025,2,136300,0,2,0,1,0
2024,2,103500,100,2,0,1,0
2024,3,250200,0,2,0,1,0
2024,3,132600,0,2,0,1,0
2025,2,141600,100,2,0,1,0
2024,2,85000,0,2,0,1,0
2024,3,155000,100,2,0,1,0
2024,2,98300,0,2,0,1,0
2024,3,160000,0,2,0,1,0
2024,2,166000,0,2,0,1,0
2025,3,97600,0,2,0,1,0
2024,3,106590,0,2,0,1,0
2024,3,108100,0,2,0,1,0
2024,1,85000,0,2,0,1,0
2024,3,210500,0,2,0,1,0
2024,2,167200,0,2,0,1,0
2023,3,160000,0,2,0,1,0
2024,3,165600,0,2,0,1,0
2023,3,166000,0,2,0,1,0
2025,3,299000,0,2,0,1,0
2025,2,68947,0,2,0,1,0
2025,3,171000,0,2,0,1,0
2025,2,136000,0,3,0,1,0
2024,3,139000,0,2,0,1,0
2024,3,68750,0,2,0,1,0
2024,3,149000,0,2,0,1,0
2025,1,82500,0,2,0,1,0
2024,1,34000,0,2,0,1,0
2025,3,142800,0,2,0,1,0
2023,3,208450,0,2,0,1,0
2024,3,166560,0,2,0,1,0
2025,1,126000,0,2,0,1,0
2024,3,250700,100,2,0,1,0
2024,3,200000,0,2,0,1,0
2025,2,172000,0,2,0,1,0
2024,2,142800,0,3,0,1,0
2025,2,182000,100,2,0,1,0
2023,3,235000,100,2,0,1,0
2024,2,320000,0,2,0,1,0
2025,3,234000,0,2,0,1,0
2025,3,116700,0,2,0,1,0
2024,2,167700,0,2,0,1,0
2024,2,124000,0,2,0,1,0
2024,3,185000,0,2,0,1,0
2025,3,264500,0,2,0,1,0
2025,2,189291,0,2,0,1,0
2025,2,95495,0,2,0,1,0
2025,2,50526,0,2,0,1,0
2025,4,142320,0,2,0,1,0
2025,4,210526,0,2,0,1,0
2024,2,85000,0,2,0,1,0
2024,3,110000,0,2,0,1,0
2025,3,384200,0,2,0,1,0
2024,2,200200,0,2,0,1,0
2025,3,77848,0,2,0,1,0
2025,3,151200,0,2,0,1,0
2024,3,148000,100,2,0,1,0
2025,3,173700,100,2,0,1,0
2025,3,235750,0,2,0,1,0
2024,3,234520,100,2,0,1,0
2025,3,138250,0,2,0,1,0
2025,2,180000,0,2,0,1,0
2025,2,61000,0,2,0,1,0
2025,3,90000,0,2,0,1,0
2025,2,220700,0,2,0,1,0
2024,1,89000,0,2,0,1,0
2024,2,266000,0,2,0,1,0
2024,2,170000,100,2,0,1,0
2024,3,177000,0,2,0,1,0
2024,3,306000,0,2,0,1,0
2025,3,149800,100,2,0,1,0
2024,3,159000,0,2,0,1,0
2025,3,176000,0,2,0,1,0
2024,2,87800,0,2,0,1,0
2024,3,68000,0,2,0,1,0
2024,2,158500,0,2,0,1,0
2025,3,97070,0,2,0,1,0
2025,2,134000,0,2,0,1,0
2022,3,110925,100,2,0,1,0
2024,2,212800,0,2,0,1,0
2024,1,110000,0,2,0,1,0
2025,2,223400,0,3,0,1,0
2024,2,110000,0,2,0,1,0
2025,2,252000,0,2,0,1,0
2024,3,240500,0,3,0,1,0
2025,3,310500,0,2,0,1,0
2023,3,168000,100,2,0,1,0
2023,3,159500,0,2,0,1,0
2025,3,147000,100,2,0,1,0
2024,3,137510,0,2,0,1,0
2025,2,138000,100,2,0,0,0
2024,3,196100,0,2,0,1,0
2024,2,109000,100,2,0,1,0
2025,3,140000,0,2,0,1,0
2025,3,230000,0,2,0,1,0
2025,3,150000,0,2,0,1,0
2025,1,36000,0,2,0,1,0
2024,3,105200,100,2,0,1,0
2025,3,144000,0,2,0,1,0
2024,3,115200,0,2,0,1,0
2024,3,185000,100,2,0,1,0
2024,2,167500,0,2,0,1,0
2024,3,139000,0,2,0,1,0
2024,3,80000,0,2,0,1,0
2024,3,78592,0,2,0,1,0
2024,3,211000,0,2,0,1,0
2024,2,107000,0,2,0,1,0
2024,3,174915,100,2,0,1,0
2024,3,140000,100,2,0,1,0
2024,3,93500,0,2,0,1,0
2025,2,165000,100,2,0,1,0
2025,1,60300,0,2,0,1,0
2024,3,146000,0,2,0,1,0
2025,2,320000,0,2,0,1,0
2024,3,86840,0,2,0,1,0
2025,3,117200,0,2,0,1,0
2024,2,190000,100,2,0,1,0
2024,3,87600,0,2,0,1,0
2024,2,275000,0,2,0,1,0
2024,2,115000,100,2,0,1,0
2025,3,163983,0,2,0,1,0
2024,3,252900,0,2,0,1,0
2024,2,145900,100,2,0,1,0
2023,3,204500,0,2,0,1,0
2025,2,90000,0,2,0,1,0
2023,2,110000,100,2,0,1,0
2025,4,110000,100,2,0,1,0
2024,2,103500,100,2,0,1,0
2025,3,234000,0,2,0,1,0
2025,2,81700,0,2,0,1,0
2025,3,215400,100,2,0,1,0
2025,2,287100,100,2,0,1,0
2023,4,222000,0,2,0,1,0
2024,3,95000,0,2,0,1,0
2025,3,145200,0,2,0,1,0
2025,2,152500,0,2,0,1,0
2024,3,295000,0,2,0,1,0
2024,3,185000,0,2,0,1,0
2025,3,189175,0,2,0,1,0
2025,3,185000,100,2,0,1,0
2024,3,152000,0,2,0,1,0
2023,2,145000,100,2,0,1,0
2025,2,158100,0,2,0,1,0
2024,2,144000,0,2,0,1,0
2024,2,117000,0,2,0,1,0
2024,2,143000,100,2,0,1,0
2024,3,410000,0,2,0,1,0
2025,1,145500,0,2,0,1,0
2024,2,119100,0,2,0,1,0
2025,3,142000,0,2,0,1,0
2024,3,92000,100,2,0,1,0
2025,1,40000,0,2,0,1,0
2024,3,196900,0,2,0,1,0
2025,1,105000,100,2,0,1,0
2023,3,145000,0,2,0,1,0
2024,3,190000,0,2,0,1,0
2025,3,85081,100,2,0,1,0
2024,1,66900,0,2,0,1,0
2025,3,350000,0,3,0,1,0
2025,3,144200,0,2,0,1,0
2025,2,95000,0,2,0,1,0
2025,2,92000,0,2,0,1,0
2024,3,204000,0,2,0,1,0
2025,1,43520,0,2,0,1,0
2024,2,113000,0,2,0,1,0
2023,3,111967,100,2,0,1,0
2025,3,350000,0,2,0,1,0
2024,3,133600,0,2,0,1,0
2024,2,56250,0,2,0,1,0
2025,2,165000,100,2,0,1,0
2024,3,99000,0,2,0,1,0
2024,3,252000,0,2,0,1,0
2024,3,160000,0,2,0,1,0
2024,3,166000,0,2,0,1,0
2024,2,93000,0,2,0,1,0
2024,3,279400,0,2,0,1,0
2025,2,63291,0,2,0,1,0
2025,1,68000,100,2,0,1,0
2025,1,44650,0,2,0,0,1
2025,3,161000,0,2,0,1,0
2024,3,176000,0,2,0,1,0
2025,2,219100,100,2,0,1,0
2024,2,208800,0,2,0,1,0
2025,4,227950,0,2,0,1,0
2023,2,220000,0,2,0,1,0
2024,2,209000,100,2,0,1,0
2025,2,82450,0,2,0,1,0
2024,3,104000,0,2,0,1,0
2024,2,222200,0,3,0,1,0
2024,3,96600,0,2,0,1,0
2024,2,212800,0,3,0,1,0
2025,1,42105,0,2,0,1,0
2024,3,136500,0,2,0,1,0
2024,3,96600,0,2,0,1,0
2024,2,164200,100,2,0,1,0
2024,3,201250,0,2,0,1,0
2023,2,187500,0,2,0,1,0
2024,3,86700,0,2,0,1,0
2024,2,102500,0,2,0,1,0
2025,3,76208,100,2,0,1,0
2024,4,120000,0,2,0,1,0
2024,3,85000,0,2,0,1,0
2025,3,193000,0,2,0,1,0
2025,2,200000,0,2,0,1,0
2025,3,100000,100,2,0,1,0
2025,3,322000,100,2,0,1,0
2024,3,226000,0,2,0,1,0
2024,3,84000,0,2,0,1,0
2024,3,110000,100,2,0,1,0
2024,3,100000,0,2,0,1,0
2024,2,161000,0,2,0,1,0
2023,3,254000,0,2,0,1,0
2024,3,175000,0,2,0,1,0
2025,1,80000,0,2,0,1,0
2025,2,214500,0,2,0,1,0
2024,3,355000,0,2,0,1,0
2025,2,154125,0,2,0,1,0
2025,2,130000,0,2,0,1,0
2025,2,170000,100,2,0,1,0
2025,2,136000,0,3,0,1,0
2025,3,296600,100,2,0,1,0
2025,1,110000,0,2,0,1,0
2024,3,180000,0,2,0,1,0
2025,2,78894,0,2,0,1,0
2024,3,94800,100,2,0,1,0
2024,1,70800,0,2,0,1,0
2024,2,82700,0,2,0,1,0
2024,3,43700,0,2,0,1,0
2024,2,107633,0,2,0,1,0
2025,1,65000,100,2,0,1,0
2025,3,150000,100,2,0,1,0
2024,2,139000,0,2,0,1,0
2024,3,175800,0,2,0,1,0
2025,3,152000,100,2,0,1,0
2023,2,133000,0,2,0,1,0
2025,3,131250,0,2,0,1,0
2024,2,72100,0,2,0,1,0
2025,2,170000,0,2,0,1,0
2024,3,185000,0,2,0,1,0
2025,3,46000,0,2,0,1,0
2024,3,214400,100,2,0,1,0
2025,3,170373,0,2,0,1,0
2025,3,252000,0,2,0,1,0
2024,3,111500,100,2,0,1,0
2025,4,125000,0,2,0,1,0
2025,3,230000,0,2,0,1,0
2023,3,181500,0,2,0,1,0
2024,3,31200,100,2,0,1,0
2025,3,137600,100,2,0,1,0
2025,1,44000,0,2,0,1,0
2025,2,82900,100,2,0,1,0
2025,2,180000,0,2,0,1,0
2024,2,200000,0,2,0,1,0
2025,3,100000,0,2,0,1,0
2025,3,218030,0,2,0,1,0
2025,3,250200,0,2,0,1,0
2024,3,180000,0,2,0,1,0
2024,2,163700,0,2,0,1,0
2025,2,100000,0,2,0,1,0
2025,1,34800,0,2,0,1,0
2025,3,272000,0,2,0,1,0
2024,3,175000,0,2,0,1,0
2025,3,244200,0,2,0,1,0
2025,3,170000,0,2,0,1,0
2025,2,67236,0,2,0,1,0
2024,4,163680,0,2,0,1,0
2024,3,140000,0,2,0,1,0
2024,3,355000,0,2,0,1,0
2024,3,212800,0,3,0,1,0
2024,2,110900,0,2,0,1,0
2025,2,244000,0,2,0,1,0
2025,3,162200,0,2,0,1,0
2025,2,72500,0,2,0,1,0
2025,1,80633,0,2,0,1,0
2024,2,97421,100,2,0,1,0
2024,3,120000,0,2,0,1,0
2024,4,78000,0,2,0,1,0
2024,3,206100,0,2,0,1,0
2025,3,208000,0,2,0,1,0
2024,2,98582,0,2,0,1,0
2024,3,67900,0,2,0,1,0
2024,4,228000,0,2,0,1,0
2025,2,141000,0,2,0,1,0
2025,3,144200,0,2,0,1,0
2025,2,66000,0,2,0,1,0
2024,3,300000,0,2,0,1,0
2025,3,132000,0,2,0,1,0
2025,3,111100,0,2,0,1,0
2022,3,191475,100,2,0,1,0
2022,2,100000,0,2,0,1,0
2025,3,180000,0,2,0,1,0
2025,3,272000,0,2,0,1,0
2024,2,252000,0,2,0,1,0
2024,3,220000,0,2,0,1,0
2025,3,160000,0,2,0,1,0
2024,3,156000,0,2,0,1,0
2024,3,96600,0,2,0,1,0
2023,3,238000,0,2,0,1,0
2025,3,261500,0,3,0,1,0
2024,3,250600,0,2,0,1,0
2025,2,54200,0,2,0,1,0
2024,3,138800,0,2,0,1,0
2024,3,107730,0,2,0,1,0
2025,2,206250,100,2,0,1,0
2025,3,200000,0,2,0,1,0
2025,1,46800,0,2,0,1,0
2025,2,68640,0,2,0,1,0
2025,3,180000,0,2,0,1,0
2024,3,300000,0,2,0,1,0
2024,1,139650,0,2,0,1,0
2023,3,140000,100,2,0,1,0
2025,3,180840,0,2,0,1,0
2023,3,170000,100,2,0,1,0
2025,3,220000,0,2,0,1,0
2025,1,65000,0,2,0,1,0
2024,3,105800,0,2,0,1,0
2025,3,104000,0,2,0,1,0
2025,2,223600,0,3,0,1,0
2025,2,76000,0,2,0,1,0
2024,3,155000,0,2,0,1,0
2025,4,142250,0,2,0,1,0
2025,2,133808,0,2,0,1,0
2024,2,70000,100,2,0,1,0
2024,2,115200,0,2,0,1,0
2024,2,60900,0,2,0,1,0
2025,3,253000,0,2,0,1,0
2024,2,102200,0,2,0,1,0
2024,3,99500,100,2,0,1,0
2024,2,80000,100,2,0,1,0
2025,1,51493,0,2,0,1,0
2023,2,130000,0,2,0,1,0
2024,3,142700,0,2,0,1,0
2024,3,249800,0,2,0,1,0
2023,2,135000,0,2,0,1,0
2024,2,81978,100,2,0,1,0
2025,2,156000,0,2,0,1,0
2025,3,356500,0,2,0,1,0
2024,3,180000,100,2,0,1,0
2024,2,210000,0,2,0,1,0
2024,3,120500,0,2,0,1,0
2023,3,160000,0,2,0,1,0
2025,3,200000,100,2,0,1,0
2024,2,192000,0,2,0,1,0
2024,2,150000,100,2,0,1,0
2025,1,115000,0,2,0,1,0
2024,3,419750,0,2,0,1,0
2025,2,189000,0,2,0,1,0
2024,3,194000,0,2,0,1,0
2024,3,130000,0,2,0,1,0
2025,2,75949,0,2,0,1,0
2025,2,130000,0,2,0,1,0
2024,3,220000,0,2,0,1,0
2025,1,110000,0,2,0,1,0
2025,3,132513,0,2,0,1,0
2025,3,47000,0,2,0,1,0
2024,2,172000,0,2,0,1,0
2025,3,103796,0,2,0,1,0
2025,2,385000,0,2,0,1,0
2024,1,174600,0,2,0,1,0
2025,3,220000,0,2,0,1,0
2025,3,170000,0,2,0,1,0
2025,3,98000,0,2,0,1,0
2024,3,145000,0,2,0,1,0
2025,4,175000,0,2,0,1,0
2024,3,261000,100,2,0,1,0
2025,3,150000,0,2,0,1,0
2024,3,250000,0,2,0,1,0
2024,2,144660,100,2,0,1,0
2025,3,123200,100,2,0,1,0
2024,3,180000,0,2,0,1,0
2024,3,165600,0,2,0,1,0
2024,3,189360,100,2,0,1,0
2024,2,170000,100,2,0,1,0
2025,3,159550,0,2,0,1,0
2024,1,63162,0,2,0,0,1
2024,3,113000,0,2,0,1,0
2025,3,226000,100,2,0,1,0
2024,3,115590,100,2,0,1,0
2024,3,212800,100,2,0,1,0
2025,2,280000,0,2,0,1,0
2024,3,94200,0,2,0,1,0
2024,1,59000,0,2,0,1,0
2025,3,117200,0,2,0,1,0
2025,3,175000,0,2,0,1,0
2024,2,256500,0,2,0,1,0
2025,3,250200,0,2,0,1,0
2025,3,161300,0,2,0,1,0
2025,3,121800,0,2,0,1,0
2025,3,44285,0,2,0,0,1
2025,4,176400,0,2,0,1,0
2023,2,300000,0,2,0,1,0
2024,2,119000,0,2,0,1,0
2023,3,278700,0,2,0,1,0
2025,1,141300,0,2,0,1,0
2025,3,135000,0,2,0,1,0
2025,4,330000,0,2,0,1,0
2025,3,312200,0,2,0,1,0
2025,2,83800,0,2,0,1,0
2024,3,143300,0,2,0,1,0
2024,2,227700,0,2,0,1,0
2024,3,162000,0,2,0,1,0
2024,2,135000,100,2,0,1,0
2025,3,145900,0,2,0,1,0
2025,3,199400,0,2,0,1,0
2024,3,180000,100,2,0,1,0
2025,3,272300,0,2,0,1,0
2025,3,207000,0,2,0,1,0
2024,3,169000,100,2,0,1,0
2024,2,167030,0,2,0,1,0
2025,2,31851,0,2,0,1,0
2024,3,194500,100,2,0,1,0
2025,2,178100,0,2,0,1,0
2024,2,235400,0,2,0,1,0
2025,3,37894,0,2,0,1,0
2025,3,115200,0,2,0,1,0
2023,2,143000,100,2,0,1,0
2025,3,120000,100,2,0,1,0
2024,3,175000,0,2,0,1,0
2025,1,54800,100,2,0,1,0
2025,2,70900,0,2,0,1,0
2024,1,116600,100,2,0,1,0
2024,2,99000,100,2,0,1,0
2024,3,100000,0,2,0,1,0
2022,1,100000,100,2,0,1,0
2024,3,115000,100,2,0,1,0
2025,3,186000,0,2,0,1,0
2024,3,154000,0,2,0,1,0
2025,3,170000,0,2,0,1,0
2024,2,440000,0,2,0,1,0
2025,1,77000,0,2,0,1,0
2025,2,130000,0,2,0,1,0
2024,3,333000,0,2,0,1,0
2025,3,136000,100,2,0,1,0
2025,2,83600,0,2,0,1,0
2024,3,440000,0,2,0,1,0
2025,3,259900,100,2,0,1,0
2025,3,208000,0,2,0,1,0
2025,2,112000,0,2,0,1,0
2024,4,196000,0,2,0,1,0
2025,3,125000,100,2,0,1,0
2024,3,89100,0,2,0,1,0
2025,3,168000,0,2,0,1,0
2025,3,356500,0,2,0,1,0
2024,3,103000,0,2,0,1,0
2024,3,280000,0,2,0,1,0
2024,3,105000,0,2,0,1,0
2025,2,166900,0,2,0,1,0
2025,3,180000,0,2,0,1,0
2025,3,145000,0,2,0,1,0
2023,3,225000,100,2,0,1,0
2024,2,130000,0,2,0,1,0
2024,2,175800,0,2,0,1,0
2024,3,135000,0,2,0,1,0
2025,3,129000,0,2,0,1,0
2024,3,160000,0,2,0,1,0
2023,3,186700,100,2,0,1,0
2025,2,119875,0,2,0,1,0
2025,2,145000,0,2,0,1,0
2024,2,129300,0,3,0,1,0
2025,1,154000,100,2,0,1,0
2025,3,287500,0,2,0,1,0
2024,3,156800,0,2,0,1,0
2025,3,148940,0,2,0,1,0
2025,3,155000,100,2,0,1,0
2024,1,45000,0,2,0,1,0
2025,3,280000,0,2,0,1,0
2025,3,220000,0,2,0,1,0
2024,3,120000,0,2,0,1,0
2025,1,66730,100,2,0,1,0
2023,2,136000,0,3,0,1,0
2024,3,280000,0,2,0,1,0
2024,2,161000,0,2,0,1,0
2024,3,200000,0,2,0,1,0
2024,3,278700,0,2,0,1,0
2024,3,233840,0,2,0,1,0
2025,3,218657,100,2,0,1,0
2025,3,235750,0,2,0,1,0
2025,3,94100,100,3,0,1,0
2024,1,60400,0,2,0,1,0
2024,3,110000,100,2,0,1,0
2024,3,176000,0,2,0,1,0
2025,3,200000,0,2,0,0,0
2025,3,81000,100,2,0,1,0
2025,1,80000,0,2,0,1,0
2025,2,202700,0,2,0,1,0
2025,3,189000,100,2,0,1,0
2024,3,195000,100,2,0,1,0
2024,3,170000,100,2,0,1,0
2025,3,218500,0,2,0,1,0
2024,3,214280,0,2,0,1,0
2024,3,220000,0,2,0,1,0
2024,3,126800,0,2,0,1,0
2024,2,155542,0,2,0,1,0
2023,2,70000,0,2,0,1,0
2025,3,80000,0,2,0,1,0
2025,3,193800,0,2,0,1,0
2022,2,80036,0,2,0,1,0
2024,3,194000,0,2,0,1,0
2024,2,222200,0,3,0,1,0
2023,2,74883,0,2,0,1,0
2024,3,300200,0,2,0,1,0
2024,1,167030,0,2,0,1,0
2025,2,135000,100,2,0,1,0
2024,1,250200,0,2,0,1,0
2024,2,235400,0,2,0,1,0
2024,3,176800,0,2,0,1,0
2024,3,142000,0,2,0,1,0
2025,2,143000,0,2,0,1,0
2024,4,128500,0,2,0,1,0
2024,2,140000,0,2,0,1,0
2024,3,168000,0,2,0,1,0
2024,2,109350,0,2,0,1,0
2024,2,138000,0,2,0,1,0
2025,4,290000,0,2,0,1,0
2024,3,231300,0,2,0,1,0
2025,3,129400,0,2,0,1,0
2025,1,183500,0,2,0,1,0
2025,3,241500,100,2,0,1,0
2024,2,172000,0,2,0,1,0
2023,2,120000,0,2,0,1,0
2024,2,130900,100,2,0,1,0
2024,3,213500,0,2,0,1,0
2024,2,178000,0,2,0,1,0
2025,2,139600,100,2,0,1,0
2025,3,137500,0,2,0,1,0
2025,1,75000,0,2,0,1,0
2025,3,151200,0,2,0,1,0
2025,1,114700,0,2,0,1,0
2024,3,110000,100,2,0,1,0
2025,3,240000,0,2,0,1,0
2025,3,180650,0,2,0,1,0
2025,3,70600,0,2,0,1,0
2024,3,209169,0,2,0,1,0
2023,3,253792,0,2,0,1,0
2025,3,150000,100,2,0,1,0
2025,3,123000,0,2,0,1,0
2025,3,140000,0,2,0,1,0
2025,3,212000,100,2,0,1,0
2024,1,104000,100,2,0,1,0
2025,3,167200,0,2,0,1,0
2025,2,260000,0,2,0,1,0
2023,2,115000,0,2,0,1,0
2024,2,208800,0,2,0,1,0
2023,3,297300,100,2,0,1,0
2023,3,160000,0,2,0,1,0
2024,3,137000,0,2,0,1,0
2024,2,86163,0,2,0,1,0
2025,3,173400,0,2,0,1,0
2025,2,190000,0,2,0,1,0
2025,2,78554,0,2,0,1,0
2025,3,160000,100,2,0,1,0
2024,3,140250,100,2,0,1,0
2024,3,110000,100,2,0,1,0
2024,3,80000,0,2,0,1,0
2025,3,95000,0,2,0,1,0
2024,3,113000,0,2,0,1,0
2024,2,179400,100,2,0,1,0
2025,3,259900,100,2,0,1,0
2025,3,230000,0,2,0,0,1
2024,3,148049,100,2,0,1,0
2024,3,112000,0,2,0,1,0
2025,3,68000,100,2,0,1,0
2025,2,105000,0,2,0,1,0
2024,2,145000,0,2,0,1,0
2024,2,165600,0,3,0,1,0
2024,3,111000,100,2,0,1,0
2024,1,60800,100,2,0,1,0
2024,3,218500,0,2,0,1,0
2024,1,124500,0,2,0,1,0
2025,3,110000,0,2,0,1,0
2024,4,220000,0,2,0,1,0
2025,2,199452,100,2,0,1,0
2024,3,195000,100,2,0,1,0
2024,2,158200,0,2,0,1,0
2025,2,110747,0,2,0,1,0
2024,3,154000,100,2,0,1,0
2024,2,125200,0,2,0,1,0
2025,3,250000,0,2,0,1,0
2025,3,316100,0,2,0,1,0
2024,3,114590,100,2,0,1,0
2025,3,98333,0,2,0,1,0
2024,2,119400,0,2,0,1,0
2025,3,180000,0,2,0,1,0
2022,3,140000,100,2,0,1,0
2025,2,82160,0,2,0,1,0
2025,4,130000,0,2,0,1,0
2024,1,147000,0,2,0,1,0
2023,3,209450,100,2,0,1,0
2025,2,87550,0,2,0,1,0
2025,2,100000,100,2,0,1,0
2025,3,180000,0,2,0,1,0
2025,2,101500,100,2,0,1,0
2025,1,73100,0,2,0,1,0
2024,3,96400,0,2,0,1,0
2024,3,133000,0,2,0,1,0
2025,3,99000,100,2,0,1,0
2025,2,235000,0,2,0,1,0
2024,3,259000,0,2,0,1,0
2024,1,72176,0,2,0,1,0
2024,3,340100,0,2,0,1,0
2022,3,70186,0,2,0,1,0
2021,1,80000,100,2,0,1,0
2023,3,196000,0,2,0,1,0
2024,3,96600,0,2,0,1,0
2024,3,150000,0,2,0,1,0
2025,2,87000,100,2,0,1,0
2025,2,129400,0,3,0,1,0
2024,3,180000,0,2,0,1,0
2025,2,194700,0,2,0,1,0
2025,2,85000,100,2,0,1,0
2025,3,120550,0,2,0,1,0
2023,1,85000,0,2,0,1,0
2025,3,160000,100,2,0,1,0
2023,3,220000,0,2,0,1,0
2025,3,180000,100,2,0,1,0
2024,2,80000,0,2,0,1,0
2025,1,69000,100,2,0,1,0
2025,3,182500,0,2,0,1,0
2025,3,155000,100,2,0,1,0
2025,3,103978,0,2,0,1,0
2025,3,124400,0,2,0,1,0
2025,3,150000,100,2,0,1,0
2023,3,160000,100,2,0,1,0
2025,3,80000,100,2,0,1,0
2024,3,144600,0,2,0,1,0
2023,3,275000,0,2,0,1,0
2024,3,114192,0,2,0,1,0
2024,3,250200,0,2,0,1,0
2024,2,165384,100,2,0,1,0
2024,3,176000,100,2,0,1,0
2023,3,304000,100,2,0,1,0
2024,3,86250,0,2,0,1,0
2025,2,126490,0,2,0,1,0
2024,3,123000,0,2,0,1,0
2025,3,57002,0,2,0,1,0
2024,3,161700,0,2,0,1,0
2025,2,106000,0,2,0,1,0
2024,2,190000,0,2,0,1,0
2024,3,161000,0,2,0,1,0
2024,3,312200,0,2,0,1,0
2025,3,82000,0,2,0,1,0
2025,2,118900,0,3,0,1,0
2024,3,208000,0,2,0,1,0
2024,3,150000,0,2,0,1,0
2024,3,180000,0,2,0,1,0
2025,2,85000,100,2,0,1,0
2024,2,47700,0,3,0,1,0
2024,3,108000,100,2,0,1,0
2024,2,200200,0,2,0,1,0
2024,1,139650,0,2,0,1,0
2024,2,100000,0,2,0,1,0
2024,3,180000,0,2,0,1,0
2025,3,70000,0,2,0,1,0
2025,3,191500,0,2,0,1,0
2024,3,355000,0,2,0,1,0
2024,1,68000,0,2,0,1,0
2024,3,141340,0,2,0,1,0
2025,3,259000,100,2,0,1,0
2025,2,104650,0,2,0,1,0
2025,3,110000,100,2,0,1,0
2024,1,140000,0,2,0,1,0
2024,2,149100,0,2,0,1,0
2025,3,113840,0,2,0,1,0
2024,2,312000,0,2,0,1,0
2024,3,175750,0,2,0,1,0
2023,2,59382,50,3,0,1,0
2024,3,150000,0,2,0,1,0
2025,3,123700,100,2,0,1,0
2025,3,105000,100,2,0,1,0
2025,3,110760,0,2,0,1,0
2025,4,231000,100,2,0,1,0
2024,2,188400,0,2,0,1,0
2025,2,135000,0,2,0,1,0
2024,3,198000,0,2,0,1,0
2024,3,76800,0,2,0,1,0
2024,3,126600,0,2,0,1,0
2024,2,53877,100,2,0,1,0
2025,2,132000,0,2,0,1,0
2024,3,293000,0,2,0,1,0
2025,2,312200,0,2,0,1,0
2025,3,217500,100,2,0,1,0
2024,2,104100,100,2,0,1,0
2024,3,145000,0,2,0,1,0
2024,3,115000,100,2,0,1,0
2024,3,99450,0,2,0,1,0
2024,2,78000,100,2,0,1,0
2024,3,167500,0,2,0,1,0
2024,3,155615,0,2,0,1,0
2024,2,146875,0,2,0,1,0
2024,2,64890,0,2,0,1,0
2024,1,122000,0,2,0,1,0
2025,3,170000,100,2,0,1,0
2023,2,38868,100,3,0,1,0
2025,3,115000,0,2,0,1,0
2025,2,166000,0,2,0,1,0
2024,3,182222,0,2,0,1,0
2025,2,140000,100,2,0,1,0
2025,3,86900,0,2,0,1,0
2025,2,225000,0,2,0,1,0
2024,3,144300,100,2,0,1,0
2024,1,87552,0,2,0,1,0
2024,2,171000,0,2,0,1,0
2024,2,162500,100,2,0,1,0
2025,2,155000,0,2,0,1,0
2024,3,133800,0,2,0,1,0
2025,3,160000,0,2,0,1,0
2025,3,135000,0,2,0,1,0
2024,3,148000,0,2,0,1,0
2024,2,250600,0,2,0,1,0
2024,2,103798,0,2,0,1,0
2024,3,117000,0,2,0,1,0
2025,3,121389,0,2,0,1,0
2025,2,136000,0,3,0,1,0
2024,3,160000,100,2,0,1,0
2024,3,152000,100,2,0,1,0
2024,3,180000,100,2,0,1,0
2024,1,110400,0,2,0,1,0
2024,2,67200,0,2,0,1,0
2024,2,167500,0,2,0,1,0
2025,3,110000,100,2,0,1,0
2025,1,64000,100,2,0,1,0
2024,2,160000,0,2,0,1,0
2025,3,82600,0,2,0,1,0
2025,3,130920,0,2,0,1,0
2024,3,150400,0,3,0,1,0
2023,3,180180,0,2,0,1,0
2024,3,104000,0,2,0,1,0
2023,3,283780,0,2,0,1,0
2024,3,200000,100,2,0,1,0
2025,2,196000,0,2,0,1,0
2025,3,125760,0,2,0,1,0
2025,3,90400,0,2,0,1,0
2025,3,147472,0,2,0,1,0
2025,2,98300,0,2,0,1,0
2023,2,179000,0,2,0,1,0
2024,3,50000,0,2,0,1,0
2024,3,188000,0,2,0,1,0
2024,2,110000,0,2,0,1,0
2024,3,68150,100,2,0,1,0
2025,3,173100,0,2,0,1,0
2024,3,151470,100,2,0,1,0
2025,3,116000,0,2,0,1,0
2025,3,221900,100,2,0,1,0
2024,2,52000,0,2,0,1,0
2025,2,75000,0,2,0,1,0
2024,2,250000,0,2,0,1,0
2025,2,134400,100,2,0,1,0
2023,1,92700,100,2,0,1,0
2024,3,162500,100,2,0,1,0
2025,2,364254,0,2,0,1,0
2025,3,124400,0,2,0,1,0
2024,3,122716,0,2,0,1,0
2025,2,78015,100,2,0,1,0
2024,3,122242,0,2,0,1,0
2024,3,115000,100,2,0,1,0
2024,2,204600,0,2,0,1,0
2024,3,234000,0,2,0,1,0
2024,3,171400,100,2,0,1,0
2024,2,200000,0,2,0,1,0
2025,3,188080,0,2,0,1,0
2025,3,260000,0,3,0,1,0
2024,3,226700,0,2,0,1,0
2024,3,141000,100,2,0,1,0
2024,3,168000,0,2,0,1,0
2020,1,138000,100,1,0,1,0
2025,2,99700,0,2,0,1,0
2025,3,150000,0,2,0,1,0
2025,3,99000,0,2,0,1,0
2024,2,60000,0,2,0,1,0
2025,2,240000,0,2,0,1,0
2024,4,96960,0,2,0,1,0
2024,3,170000,0,2,0,1,0
2024,3,150000,0,2,0,0,1
2025,3,172100,0,2,0,1,0
2025,3,147700,100,2,0,1,0
2025,2,78320,0,2,0,1,0
2024,3,160000,100,2,0,1,0
2025,3,210000,0,2,0,1,0
2024,3,170000,0,2,0,1,0
2025,2,140000,0,2,0,1,0
2024,3,133400,0,2,0,1,0
2025,2,91746,0,2,0,1,0
2024,1,177000,0,2,0,1,0
2025,2,190000,0,2,0,1,0
2025,3,60526,0,2,0,1,0
2023,3,144500,0,2,0,1,0
2024,1,80000,0,2,0,1,0
2025,3,303050,0,2,0,1,0
2025,3,159800,0,2,0,1,0
2025,3,73684,0,2,0,1,0
2025,2,40000,0,2,0,1,0
2024,3,95000,0,2,0,1,0
2025,2,125000,0,2,0,1,0
2025,4,265000,0,2,0,1,0
2024,1,250000,0,2,0,1,0
2024,2,105000,100,2,0,1,0
2024,1,50669,0,2,0,1,0
2025,2,112000,0,2,0,1,0
2025,2,94500,0,2,0,1,0
2025,3,204290,0,2,0,1,0
2024,3,230000,0,2,0,1,0
2025,2,121900,0,2,0,1,0
2024,3,164600,0,2,0,1,0
2025,3,240000,100,2,0,1,0
2025,3,238000,0,2,0,1,0
2025,2,180000,100,2,0,1,0
2025,3,117600,100,3,0,1,0
2025,2,105000,0,2,0,1,0
2024,3,166698,0,2,0,1,0
2024,3,378700,0,2,0,1,0
2025,1,106300,0,2,0,1,0
2025,3,223000,0,2,0,1,0
2024,3,135000,100,2,0,1,0
2025,3,166372,100,2,0,1,0
2024,2,105000,0,2,0,1,0
2024,3,123520,100,2,0,1,0
2024,2,142600,0,2,0,1,0
2025,3,92118,0,2,0,1,0
2025,3,381004,100,2,0,0,1
2025,3,191265,0,2,0,1,0
2024,3,125360,0,2,0,1,0
2024,1,90000,0,2,0,1,0
2025,3,150000,0,2,0,1,0
2022,3,102100,0,2,0,1,0
2024,1,96000,0,2,0,1,0
2024,3,278700,0,2,0,1,0
2025,2,126100,0,2,0,1,0
2024,3,266000,0,2,0,1,0
2024,2,173000,0,2,0,1,0
2023,4,258750,0,2,0,1,0
2025,2,89000,0,2,0,1,0
2024,3,194750,0,2,0,1,0
2024,2,253529,0,2,0,1,0
2025,4,130000,0,2,0,1,0
2024,3,310000,0,2,0,1,0
2025,3,167700,100,2,0,1,0
2024,3,100000,100,2,0,1,0
2023,3,139600,0,2,0,1,0
2024,3,108800,0,2,0,1,0
2025,4,312000,0,2,0,1,0
2025,2,151250,100,2,0,1,0
2025,2,172000,0,2,0,1,0
2024,3,199467,0,2,0,1,0
2024,3,198600,0,2,0,1,0
2024,3,247000,100,2,0,1,0
2025,3,125000,0,2,0,1,0
2025,2,142000,0,2,0,1,0
2023,3,110000,0,2,0,1,0
2023,3,110000,0,2,0,1,0
2025,1,39178,0,2,0,1,0
2025,3,208500,100,2,0,1,0
2024,3,270000,0,2,0,1,0
2025,2,235000,100,2,0,1,0
2025,2,105500,0,2,0,1,0
2024,3,168000,0,2,0,1,0
2024,2,85000,100,2,0,1,0
2025,1,145000,0,2,0,1,0
2024,3,139900,0,2,0,1,0
2025,2,224500,0,2,0,1,0
2025,1,70500,0,2,0,1,0
2024,3,150400,0,3,0,1,0
2024,2,170000,0,2,0,1,0
2025,3,154660,0,2,0,1,0
2025,2,47368,0,2,0,1,0
2023,3,81666,100,2,0,1,0
2025,2,150000,0,2,0,1,0
2025,3,226400,100,2,0,1,0
2025,2,78000,100,2,0,1,0
2024,3,211000,100,2,0,1,0
2025,3,207000,100,2,0,1,0
2025,3,31212,0,2,0,1,0
2025,2,208800,0,2,0,1,0
2025,3,241900,0,2,0,1,0
2024,3,92000,0,2,0,1,0
2025,3,140000,0,2,0,1,0
2024,3,142800,0,2,0,1,0
2025,3,105263,0,2,0,1,0
2025,3,145000,0,2,0,1,0
2025,3,107800,0,2,0,1,0
2024,3,215000,0,2,0,1,0
2025,2,175000,0,2,0,1,0
2023,3,204500,0,2,0,1,0
2025,3,149000,100,2,0,1,0
2024,3,294000,0,2,0,1,0
2024,2,120000,50,3,0,1,0
2024,3,194750,0,2,0,1,0
2024,2,125000,100,2,0,1,0
2023,2,106050,0,2,0,1,0
2025,2,75000,0,2,0,1,0
2025,2,140000,100,2,0,1,0
2025,1,161700,100,2,0,1,0
2025,3,167000,0,2,0,1,0
2025,1,65000,0,2,0,1,0
2024,1,46000,0,2,0,1,0
2024,3,184000,0,2,0,1,0
2025,2,55000,0,2,0,1,0
2025,2,151300,0,2,0,1,0
2024,3,110000,100,2,0,1,0
2025,3,134500,0,2,0,1,0
2024,2,105295,0,2,0,1,0
2025,3,163600,0,2,0,1,0
2024,2,180000,0,2,0,1,0
2023,2,115000,0,2,0,1,0
2024,2,99750,0,2,0,1,0
2024,3,166666,100,2,0,1,0
2024,2,119000,0,2,0,1,0
2025,2,73500,0,2,0,1,0
2023,3,309000,0,2,0,1,0
2024,3,297000,0,2,0,1,0
2024,3,151200,0,2,0,1,0
2025,3,86000,0,2,0,1,0
2025,2,99500,0,3,0,1,0
2024,3,275000,0,2,0,1,0
2025,3,252000,0,2,0,1,0
2025,4,220000,0,2,0,1,0
2025,3,248000,0,2,0,1,0
2024,3,255800,0,2,0,1,0
2025,3,210000,100,2,0,1,0
2024,3,144000,0,2,0,1,0
2023,3,234500,0,2,0,1,0
2024,3,108000,100,2,0,1,0
2025,3,190000,0,2,0,1,0
2024,3,240000,0,2,0,1,0
2025,3,240000,0,2,0,1,0
2024,2,222200,0,3,0,1,0
2025,1,40000,100,2,0,1,0
2024,3,146000,0,2,0,1,0
2024,3,155880,0,2,0,1,0
2024,3,160000,0,2,0,1,0
2025,3,194000,100,2,0,1,0
2024,3,170000,100,2,0,1,0
2024,2,98800,0,2,0,1,0
2024,1,83175,100,2,0,1,0
2025,1,176000,0,2,0,1,0
2025,3,200000,0,2,0,1,0
2025,3,165600,0,2,0,1,0
2024,2,240240,0,2,0,1,0
2025,1,150000,0,2,0,1,0
2025,3,126100,100,2,0,1,0
2023,3,185900,0,2,0,1,0
2024,3,223500,0,2,0,1,0
2025,1,77260,0,2,0,1,0
2025,2,83000,0,2,0,1,0
2024,2,112500,0,2,0,1,0
2025,3,216000,0,2,0,1,0
2024,2,218000,100,2,0,1,0
2024,3,158400,0,2,0,1,0
2024,3,173000,100,2,0,1,0
2024,3,149000,0,2,0,1,0
2025,3,143000,0,2,0,1,0
2024,3,128000,0,2,0,1,0
2025,2,85000,0,2,0,1,0
2024,3,96000,0,2,0,1,0
2025,3,150000,0,2,0,1,0
2025,3,43920,0,2,0,1,0
2025,3,100000,0,2,0,1,0
2025,3,198000,0,2,0,1,0
2024,3,57777,0,2,0,1,0
2024,1,208800,0,2,0,1,0
2025,2,205000,100,2,0,1,0
2025,3,183752,100,2,0,1,0
2024,3,48128,0,2,0,1,0
2025,3,120000,0,2,0,1,0
2025,3,160000,100,2,0,1,0
2024,3,220000,0,2,0,1,0
2024,2,165000,0,2,0,1,0
2024,3,220000,0,2,0,1,0
2024,2,309000,0,2,0,1,0
2025,1,88800,0,2,0,1,0
2024,3,98500,0,2,0,1,0
2024,3,148000,0,2,0,1,0
2024,3,190000,0,2,0,1,0
2025,2,55250,100,2,0,1,0
2022,1,135000,0,2,0,1,0
2024,3,130000,0,2,0,1,0
2025,3,166400,0,2,0,1,0
2025,3,86000,100,2,0,1,0
2023,3,185000,100,2,0,1,0
2024,3,130766,0,2,0,1,0
2024,2,178000,0,2,0,1,0
2025,2,195000,0,2,0,1,0
2025,3,209900,0,2,0,1,0
2025,3,244000,0,2,0,1,0
2024,3,244000,0,2,0,1,0
2024,1,80860,0,2,0,1,0
2023,1,67672,0,2,0,1,0
2025,3,249000,0,2,0,1,0
2024,1,49333,0,2,0,1,0
2025,2,258000,100,2,0,1,0
2024,2,131584,0,2,0,1,0
2024,3,79348,100,2,0,1,0
2025,3,115200,0,2,0,1,0
2025,1,80000,0,2,0,1,0
2024,3,87500,0,2,0,1,0
2025,2,175000,0,2,0,1,0
2024,2,149100,0,2,0,1,0
2025,2,210000,0,2,0,1,0
2025,1,75000,0,2,0,1,0
2024,3,161500,0,2,0,1,0
2024,3,203500,0,2,0,1,0
2025,3,112580,0,2,0,1,0
2023,3,163200,0,2,0,1,0
2025,3,212800,0,3,0,1,0
2024,3,199700,100,2,0,1,0
2025,2,202700,0,2,0,1,0
2025,3,148000,0,2,0,1,0
2025,3,142700,0,2,0,1,0
2025,2,160680,0,2,0,1,0
2024,2,161875,0,2,0,1,0
2025,1,50526,0,2,0,1,0
2025,3,160000,100,2,0,1,0
2024,2,80000,100,2,0,1,0
2024,2,150000,0,2,0,1,0
2025,3,182000,100,2,0,1,0
2024,3,204200,0,2,0,1,0
2023,3,170000,0,2,0,1,0
2025,2,175400,0,2,0,1,0
2025,3,69400,0,2,0,1,0
2024,3,100000,100,2,0,1,0
2024,3,206000,0,2,0,1,0
2025,3,138000,100,2,0,1,0
2023,3,191600,0,2,0,1,0
2025,4,270000,0,2,0,1,0
2025,3,160000,100,2,0,1,0
2025,3,216000,0,2,0,1,0
2025,1,21052,0,2,0,0,1
2024,3,120000,100,2,0,1,0
2023,2,212000,0,2,0,1,0
2025,3,203000,0,2,0,1,0
2025,2,70000,0,2,0,1,0
2024,3,96960,0,2,0,1,0
2025,3,110000,100,2,0,1,0
2024,3,172900,0,2,0,1,0
2024,3,149000,0,2,0,1,0
2024,3,224000,0,2,0,1,0
2024,3,192700,0,2,0,1,0
2022,1,100000,50,3,0,1,0
2025,3,110240,0,2,0,1,0
2025,3,155720,0,2,0,1,0
2025,3,294000,0,2,0,1,0
2024,3,250000,0,2,0,1,0
2024,2,220000,0,2,0,1,0
2024,3,288400,0,2,0,1,0
2024,2,137000,0,2,0,1,0
2024,3,75000,100,2,0,1,0
2024,3,225500,0,2,0,1,0
2024,2,256500,0,2,0,1,0
2024,3,102000,0,2,0,1,0
2025,2,121000,0,2,0,1,0
2025,2,120000,0,2,0,1,0
2025,3,204000,0,2,0,1,0
2024,3,142900,0,2,0,1,0
2023,1,91200,0,2,0,1,0
2024,3,110000,100,2,0,1,0
2023,3,105000,0,2,0,1,0
2024,1,56000,0,2,0,1,0
2022,3,161311,50,2,0,1,0
2023,3,385000,0,2,0,1,0
2024,3,140000,100,2,0,1,0
2025,3,303900,100,2,0,1,0
2024,1,60400,0,2,0,1,0
2024,3,62400,0,2,0,1,0
2024,3,86900,0,2,0,1,0
2025,3,150000,0,2,0,1,0
2024,3,222000,0,2,0,1,0
2024,4,60000,100,2,0,1,0
2024,2,132100,0,2,0,1,0
2024,3,143100,0,2,0,1,0
2025,3,60792,0,2,0,1,0
2024,3,200000,0,2,0,1,0
2024,3,195600,100,2,0,1,0
2024,2,186000,0,2,0,1,0
2025,3,99110,0,2,0,1,0
2024,3,160000,100,2,0,1,0
2024,2,135000,0,2,0,1,0
2025,2,136000,0,3,0,1,0
2024,2,204000,100,2,0,1,0
2025,2,320000,0,2,0,1,0
2025,3,252000,0,2,0,1,0
2024,2,110200,0,2,0,1,0
2025,3,69726,0,2,0,1,0
2025,3,112500,0,2,0,1,0
2024,2,137000,0,2,0,1,0
2025,2,74800,0,2,0,1,0
2025,2,173000,0,2,0,1,0
2024,4,145000,0,2,0,1,0
2024,3,314800,100,2,0,1,0
2024,3,223500,0,2,0,1,0
2025,3,160000,100,2,0,1,0
2025,3,130000,0,2,0,1,0
2025,2,80000,0,2,0,1,0
2024,3,190800,100,2,0,1,0
2024,4,143244,0,2,0,1,0
2024,1,95000,0,2,0,1,0
2023,4,201900,0,2,0,1,0
2024,2,105000,0,2,0,1,0
2024,3,250000,0,2,0,1,0
2024,2,174000,0,2,0,1,0
2025,3,157000,100,2,0,1,0
2025,3,110000,0,2,0,1,0
2024,2,95000,0,2,0,1,0
2024,3,247250,0,2,0,1,0
2025,3,118200,0,2,0,1,0
2025,3,144200,0,2,0,1,0
2024,2,97344,0,2,0,1,0
2025,3,190000,100,2,0,1,0
2024,3,393300,0,2,0,1,0
2024,3,90000,0,2,0,1,0
2024,3,200000,100,2,0,1,0
2024,2,172000,0,2,0,1,0
2025,1,80000,0,2,0,1,0
2024,3,140000,0,2,0,1,0
2024,3,62241,0,2,0,1,0
2025,3,163800,0,2,0,1,0
2025,2,75000,0,2,0,1,0
2024,3,152152,0,2,0,1,0
2024,3,229900,0,2,0,1,0
2024,3,225000,0,2,0,1,0
2024,1,46000,0,2,0,1,0
2024,3,208000,0,2,0,1,0
2025,1,67500,0,2,0,1,0
2025,3,110000,100,2,0,1,0
2024,3,206700,100,2,0,1,0
2025,2,110000,0,2,0,1,0
2025,1,120770,0,2,0,1,0
2025,4,168350,0,2,0,1,0
2024,3,96000,0,2,0,1,0
2024,3,100406,0,2,0,1,0
2024,2,93400,0,2,0,1,0
2025,3,175000,0,2,0,1,0
2025,2,117000,0,2,0,1,0
2025,2,165143,0,2,0,1,0
2025,2,136000,0,3,0,1,0
2024,3,190000,0,2,0,1,0
2024,1,245520,0,2,0,1,0
2025,3,188640,0,2,0,1,0
2024,3,145000,100,2,0,1,0
2024,3,170000,0,2,0,1,0
2024,2,213000,0,2,0,1,0
2024,3,109000,0,2,0,1,0
2025,3,129400,0,3,0,1,0
2024,2,85000,0,2,0,1,0
2025,2,68900,0,2,0,1,0
2025,3,112000,100,2,0,1,0
2024,2,123365,0,2,0,1,0
2024,3,140179,0,2,0,1,0
2023,3,120000,0,2,0,1,0
2024,2,124300,0,2,0,1,0
2024,3,137750,0,2,0,1,0
2025,2,130000,0,2,0,1,0
2024,1,50000,100,2,0,1,0
2025,3,130000,0,2,0,1,0
2024,2,95776,100,2,0,1,0
2025,2,128000,0,2,0,1,0
2025,3,95000,100,2,0,1,0
2024,3,323000,0,2,0,1,0
2025,3,75310,0,2,0,1,0
2024,1,99500,0,2,0,1,0
2024,3,123000,0,2,0,1,0
2025,3,52988,0,2,0,1,0
2025,2,187974,0,2,0,1,0
2024,2,108000,0,2,0,1,0
2023,3,106800,0,2,0,1,0
2025,3,300000,100,2,0,1,0
2024,3,146000,100,2,0,1,0
2025,3,193000,100,2,0,1,0
2025,3,145000,100,2,0,1,0
2025,3,207750,0,2,0,1,0
2024,2,172000,0,2,0,1,0
2024,3,251600,0,2,0,1,0
2025,2,228000,100,2,0,1,0
2025,1,95000,0,2,0,1,0
2024,3,146994,0,2,0,1,0
2023,3,160000,0,2,0,1,0
2025,3,174500,100,2,0,1,0
2025,2,148350,0,2,0,1,0
2024,3,148000,100,2,0,1,0
2025,4,239900,0,2,0,1,0
2024,2,146875,0,2,0,1,0
2024,2,170750,0,2,0,1,0
2024,3,156000,0,2,0,1,0
2025,2,172000,0,2,0,1,0
2024,1,130000,0,2,0,1,0
2024,2,158620,0,2,0,1,0
2025,3,224000,0,2,0,1,0
2025,2,144650,100,2,0,1,0
2024,3,105000,0,2,0,1,0
2025,3,250000,0,2,0,1,0
2024,3,104220,0,2,0,1,0
2025,3,82142,0,2,0,1,0
2024,3,85000,0,2,0,1,0
2025,3,95000,0,2,0,1,0
2025,2,122000,0,2,0,1,0
2025,3,70354,0,2,0,1,0
2025,3,155000,0,2,0,1,0
2024,2,237500,0,2,0,1,0
2024,2,94400,0,2,0,1,0
2024,3,219236,0,2,0,1,0
2025,3,116900,0,2,0,1,0
2024,3,94600,0,2,0,1,0
2024,2,80000,0,2,0,1,0
2024,2,90000,0,2,0,1,0
2025,3,251000,0,2,0,1,0
2025,2,113800,100,2,0,1,0
2025,2,150000,0,2,0,1,0
2025,2,98175,0,2,0,1,0
2024,3,261000,100,2,0,1,0
2024,2,167000,0,2,0,1,0
2024,3,228000,0,2,0,1,0
2025,2,174600,0,2,0,1,0
2024,3,260000,0,2,0,1,0
2023,2,150000,0,2,0,1,0
2025,3,75789,100,2,0,1,0
2024,2,130000,0,2,0,1,0
2025,3,234000,0,2,0,1,0
2024,2,138000,0,2,0,1,0
2025,3,90000,0,2,0,1,0
2024,3,184300,0,2,0,1,0
2024,3,178600,0,2,0,1,0
2024,1,90000,0,2,0,1,0
2024,3,183600,0,2,0,1,0
2025,3,205000,100,2,0,1,0
2025,2,130000,0,2,0,1,0
2024,2,95000,100,2,0,1,0
2025,2,301200,0,2,0,1,0
2024,2,173000,0,2,0,1,0
2025,3,181000,0,2,0,1,0
2024,2,136000,0,3,0,1,0
2024,3,192700,0,2,0,1,0
2023,3,120000,0,2,0,1,0
2025,2,113000,0,2,0,1,0
2024,3,272290,100,2,0,1,0
2025,3,121052,100,2,0,1,0
2025,2,200000,0,2,0,1,0
2024,2,99500,0,3,0,1,0
2024,3,299000,0,2,0,1,0
2024,1,178200,0,2,0,1,0
2025,2,338270,0,2,0,1,0
2024,3,122000,0,2,0,1,0
2025,1,75000,0,2,0,1,0
2025,3,275000,0,2,0,1,0
2025,2,63720,100,2,0,1,0
2024,2,252000,0,2,0,1,0
2025,4,145329,0,2,0,1,0
2025,2,215000,100,2,0,1,0
2025,2,145537,0,2,0,1,0
2022,3,70000,0,2,0,1,0
2024,3,172000,0,2,0,1,0
2024,3,302000,0,2,0,1,0
2025,3,71761,0,2,0,1,0
2025,2,116000,0,2,0,1,0
2024,3,190000,0,2,0,1,0
2025,3,117800,100,2,0,1,0
2025,2,84788,0,2,0,1,0
2024,3,91538,100,2,0,1,0
2025,3,227200,0,2,0,1,0
2025,3,180000,0,2,0,1,0
2024,1,44000,0,2,0,1,0
2025,3,171000,0,2,0,1,0
2024,3,160000,0,2,0,1,0
2025,3,212850,100,2,0,1,0
2025,2,72360,0,2,0,1,0
2025,2,147000,0,2,0,1,0
2023,1,135000,0,2,0,1,0
2024,3,172000,0,2,0,1,0
2025,3,110000,100,2,0,1,0
2025,3,180000,0,2,0,1,0
2024,3,160000,100,2,0,1,0
2025,2,320000,0,2,0,1,0
2023,3,64000,100,2,0,1,0
2025,2,236000,0,2,0,1,0
2024,3,165000,0,2,0,1,0
2024,3,142000,0,2,0,1,0
2023,3,202353,0,2,0,1,0
2024,2,170400,100,2,0,1,0
2025,1,97155,0,2,0,1,0
2024,2,159100,0,2,0,1,0
2024,3,165000,0,2,0,1,0
2025,2,204300,100,3,0,1,0
2025,1,50439,0,2,0,1,0
2025,3,205000,0,2,0,1,0
2025,1,95500,0,2,0,1,0
2024,1,139650,0,2,0,1,0
2024,1,137000,0,2,0,1,0
2025,2,184700,100,2,0,1,0
2024,2,130000,0,2,0,1,0
2024,2,37221,0,2,0,1,0
2024,3,294000,0,2,0,1,0
2024,3,235700,0,2,0,1,0
2025,2,88000,0,2,0,1,0
2025,2,164200,100,2,0,1,0
2025,3,66000,0,2,0,1,0
2025,2,144000,100,2,0,1,0
2025,1,16000,100,2,0,0,0
2024,3,148000,0,2,0,1,0
2024,2,208800,0,2,0,1,0
2024,3,175800,0,2,0,1,0
2024,3,92986,100,2,0,1,0
2025,3,225000,100,2,0,1,0
2024,3,100000,0,2,0,1,0
2024,2,87600,0,2,0,1,0
2024,3,215197,0,2,0,1,0
2025,2,204100,0,2,0,1,0
2024,3,90535,0,2,0,1,0
2025,3,209200,0,2,0,1,0
2025,2,67215,0,2,0,1,0
2025,2,83100,100,2,0,1,0
2024,3,114900,0,2,0,1,0
2024,3,170000,0,2,0,1,0
2025,3,220000,0,2,0,1,0
2024,2,208000,0,2,0,1,0
2024,3,120000,0,2,0,1,0
2023,3,139700,100,2,0,1,0
2024,3,140000,0,2,0,1,0
2024,3,276000,0,2,0,1,0
2025,2,73500,0,2,0,1,0
2024,2,48000,100,2,0,1,0
2025,3,125000,0,2,0,1,0
2024,3,130000,100,2,0,1,0
2025,3,115000,0,2,0,1,0
2024,3,202000,0,2,0,1,0
2025,2,220000,0,2,0,1,0
2025,2,125000,0,2,0,1,0
2025,2,176000,0,2,0,1,0
2025,3,196000,0,2,0,1,0
2025,2,100960,0,2,0,1,0
2025,3,165600,0,2,0,1,0
2025,3,117200,0,2,0,1,0
2024,3,75600,0,2,0,1,0
2024,3,106960,0,2,0,1,0
2024,2,252000,0,2,0,1,0
2024,3,259000,0,2,0,1,0
2025,3,160000,100,2,0,1,0
2024,2,126500,0,2,0,1,0
2025,1,280000,0,2,0,1,0
2024,2,147430,0,2,0,1,0
2024,3,101000,0,2,0,1,0
2025,3,130530,0,2,0,1,0
2025,3,223676,0,2,0,1,0
2023,3,123040,100,2,0,1,0
2023,2,136000,100,2,0,1,0
2025,3,186000,0,2,0,1,0
2024,3,240240,0,2,0,1,0
2025,3,245000,0,2,0,1,0
2023,3,106020,0,2,0,1,0
2025,3,258000,0,2,0,1,0
2024,1,87000,0,2,0,1,0
2024,3,147100,100,2,0,1,0
2024,3,130000,0,2,0,1,0
2024,3,117000,100,2,0,1,0
2023,3,133000,0,2,0,1,0
2025,3,78000,0,2,0,1,0
2023,3,297300,100,2,0,1,0
2025,2,128300,0,2,0,1,0
2025,1,48000,100,2,0,1,0
2023,3,359170,0,2,0,1,0
2024,3,122000,0,2,0,1,0
2023,3,184590,0,2,0,1,0
2024,3,183000,100,2,0,1,0
2024,2,175400,0,2,0,1,0
2023,2,152375,100,2,0,1,0
2025,3,200000,0,2,0,1,0
2025,3,260000,0,2,0,1,0
2025,3,119000,0,2,0,1,0
2024,1,21600,100,2,0,1,0
2024,2,25000,100,2,0,1,0
2025,2,44450,0,2,0,1,0
2025,3,248000,0,2,0,1,0
2024,3,117200,0,2,0,1,0
2025,2,90000,0,2,0,1,0
2024,2,280000,0,2,0,1,0
2025,3,170000,0,2,0,1,0
2024,3,118000,0,2,0,1,0
2025,2,185000,0,3,0,1,0
2023,2,140000,0,2,0,1,0
2023,3,214500,0,2,0,1,0
2025,3,165300,0,2,0,1,0
2024,3,90000,100,2,0,1,0
2024,3,117200,0,2,0,1,0
2025,1,46000,0,2,0,1,0
2024,2,92700,100,2,0,1,0
2025,3,180180,0,2,0,1,0
2024,3,79500,0,2,0,1,0
2025,3,170000,0,2,0,1,0
2025,3,247300,100,2,0,1,0
2025,3,210000,0,2,0,1,0
2025,4,180000,0,2,0,1,0
2025,3,184000,0,2,0,1,0
2024,2,141700,0,2,0,1,0
2025,3,98140,0,2,0,1,0
2025,3,85600,0,2,0,1,0
2023,3,180000,100,2,0,1,0
2023,3,150000,100,2,0,1,0
2024,2,70000,0,2,0,1,0
2025,2,64700,0,2,0,1,0
2025,2,93558,0,2,0,1,0
2024,3,160000,100,2,0,1,0
2023,2,72000,100,2,0,1,0
2025,3,179000,100,2,0,1,0
2025,3,255000,0,2,0,1,0
2025,3,180000,0,2,0,1,0
2024,3,148950,100,2,0,1,0
2025,3,119800,0,2,0,1,0
2025,3,150400,0,3,0,1,0
2024,2,144900,0,2,0,1,0
2025,3,142620,0,2,0,1,0
2024,3,165000,0,2,0,1,0
2024,2,265080,0,2,0,1,0
2024,2,440000,0,2,0,1,0
2025,4,150000,0,2,0,1,0
2025,1,79310,0,2,0,1,0
2025,2,185000,0,2,0,1,0
2024,2,510000,0,2,0,1,0
2025,3,199001,0,2,0,1,0
2024,3,138500,0,2,0,1,0
2025,3,128000,100,2,0,1,0
2024,1,90342,0,2,0,1,0
2024,2,110975,0,2,0,1,0
2024,3,160000,100,2,0,1,0
2024,3,166000,0,2,0,1,0
2025,3,159400,0,2,0,1,0
2024,3,116500,0,2,0,1,0
2025,3,257800,0,2,0,1,0
2024,3,190000,0,2,0,1,0
2025,3,108800,0,2,0,1,0
2024,2,98300,0,2,0,1,0
2024,3,147100,100,2,0,1,0
2025,1,47237,100,2,0,1,0
2025,3,161600,100,2,0,1,0
2025,3,108000,0,2,0,1,0
2021,2,111775,0,2,0,1,0
2024,2,111662,0,2,0,1,0
2025,3,241200,100,2,0,1,0
2024,3,242000,0,2,0,1,0
2024,2,180000,100,2,0,1,0
2023,3,165000,100,2,0,1,0
2024,2,80000,100,2,0,1,0
2025,2,56962,0,2,0,1,0
2025,3,137000,0,2,0,1,0
2025,3,220200,0,3,0,1,0
2025,3,110000,100,2,0,1,0
2025,3,110000,0,2,0,1,0
2024,3,323400,0,2,0,1,0
2025,3,201250,0,2,0,1,0
2025,3,235400,0,2,0,1,0
2024,3,133600,0,2,0,1,0
2024,3,202300,100,2,0,1,0
2025,3,299300,0,2,0,1,0
2023,3,172800,100,2,0,1,0
2025,3,150000,100,2,0,1,0
2025,3,90000,0,2,0,1,0
2025,2,320000,0,2,0,1,0
2025,3,254000,0,2,0,1,0
2024,3,170760,0,2,0,1,0
2024,1,137750,0,2,0,1,0
2025,3,218900,0,2,0,1,0
2025,2,86700,0,2,0,1,0
2024,3,178100,0,3,0,1,0
2025,3,142950,100,2,0,1,0
2024,3,110000,100,2,0,1,0
2024,1,70000,0,2,0,1,0
2025,2,175000,0,2,0,1,0
2024,2,220000,0,2,0,1,0
2025,2,108000,100,2,0,1,0
2024,3,110000,100,2,0,1,0
2025,2,112500,0,2,0,1,0
2025,3,150000,0,2,0,1,0
2024,2,72150,0,2,0,1,0
2025,1,170000,0,2,0,1,0
2025,3,60526,0,2,0,1,0
2024,2,208000,0,2,0,1,0
2025,2,110000,0,2,0,1,0
2024,2,65000,0,2,0,1,0
2024,3,67500,100,2,0,1,0
2024,2,225000,0,2,0,1,0
2024,3,270700,0,2,0,1,0
2025,3,205000,0,2,0,1,0
2024,3,185000,0,2,0,1,0
2024,3,196800,0,2,0,1,0
2023,4,174500,0,2,0,1,0
2025,2,104000,0,2,0,1,0
2025,3,157000,0,2,0,1,0
2023,3,156400,0,2,0,1,0
2024,3,260000,0,3,0,1,0
2024,2,60000,0,2,0,1,0
2024,3,200000,0,2,0,1,0
2024,2,202000,0,2,0,1,0
2025,2,173000,0,2,0,1,0
2023,3,120000,0,2,0,1,0
2024,2,59570,0,2,0,1,0
2025,3,275600,0,2,0,1,0
2024,3,172500,0,2,0,1,0
2022,2,65000,0,2,0,1,0
2023,3,153090,0,2,0,1,0
2024,3,121900,0,2,0,1,0
2025,1,48960,0,2,0,1,0
2024,3,132900,0,2,0,1,0
2024,3,127300,0,3,0,1,0
2025,2,150000,0,2,0,1,0
2024,2,222200,0,3,0,1,0
2025,3,165000,100,2,0,1,0
2024,2,228000,0,2,0,1,0
2024,1,115200,0,2,0,1,0
2025,4,125000,0,2,0,1,0
2025,2,129300,0,3,0,1,0
2022,3,128000,0,2,0,1,0
2024,3,250000,100,2,0,1,0
2024,3,183600,0,2,0,1,0
2024,3,176000,0,2,0,1,0
2024,2,98880,100,2,0,1,0
2024,3,221000,0,2,0,1,0
2025,3,160000,0,2,0,1,0
2024,3,116500,0,2,0,1,0
2025,3,180000,0,2,0,1,0
2024,2,232000,0,2,0,1,0
2025,1,54000,0,2,0,1,0
2022,2,145000,50,3,0,1,0
2025,3,105063,0,2,0,1,0
2025,1,16000,100,2,0,0,0
2024,1,70000,0,2,0,1,0
2025,3,632911,0,2,0,1,0
2025,2,110250,0,2,0,1,0
2025,3,85300,100,2,0,1,0
2023,3,184000,100,2,0,1,0
2025,2,223000,0,2,0,1,0
2024,1,50000,0,2,0,1,0
2025,3,99500,0,3,0,1,0
2025,1,125200,0,2,0,1,0
2025,3,185000,0,2,0,1,0
2025,3,105000,0,2,0,1,0
2023,3,150000,100,2,0,1,0
2025,3,159800,0,2,0,1,0
2025,1,50866,0,2,0,1,0
2024,3,161800,0,2,0,1,0
2025,1,82200,0,2,0,1,0
2024,1,125000,0,2,0,1,0
2025,2,90000,100,2,0,1,0
2024,3,90000,0,2,0,1,0
2025,3,206100,0,2,0,1,0
2025,2,207000,0,2,0,1,0
2024,3,99500,0,2,0,1,0
2024,3,130000,100,2,0,1,0
2023,3,115920,0,2,0,1,0
2024,3,134000,0,2,0,1,0
2025,2,161000,0,2,0,1,0
2024,3,175800,0,2,0,1,0
2025,3,141300,0,2,0,1,0
2025,3,102400,100,2,0,1,0
2023,3,88000,100,2,0,1,0
2025,3,269000,0,2,0,1,0
2025,2,130000,0,2,0,1,0
2025,3,135000,0,2,0,1,0
2024,3,159000,0,2,0,1,0
2025,3,214500,100,2,0,1,0
2023,3,125000,0,2,0,1,0
2025,3,170000,0,2,0,1,0
2024,3,96600,0,2,0,1,0
2025,3,178100,0,2,0,1,0
2024,2,220000,0,2,0,1,0
2025,3,87800,0,2,0,1,0
2025,3,63157,0,2,0,1,0
2024,3,148500,100,2,0,1,0
2025,2,163000,0,2,0,1,0
2025,3,188000,0,2,0,1,0
2023,3,78800,0,2,0,1,0
2025,2,176000,0,2,0,1,0
2025,2,138500,0,2,0,1,0
2024,3,168000,0,2,0,1,0
2024,3,303050,0,2,0,1,0
2025,1,62045,0,2,0,1,0
2024,1,124000,0,2,0,1,0
2023,3,270000,100,2,0,1,0
2025,2,156000,0,2,0,1,0
2024,2,239200,100,2,0,1,0
2025,2,150000,0,2,0,1,0
2025,2,61500,100,2,0,1,0
2025,3,110000,0,2,0,0,0
2024,3,378700,0,2,0,1,0
2024,1,71025,0,2,0,1,0
2024,3,160000,0,2,0,1,0
2025,2,225000,0,2,0,1,0
2025,3,124200,0,2,0,1,0
2025,2,62000,100,2,0,1,0
2025,2,160000,0,2,0,1,0
2024,2,80000,0,2,0,0,1
2025,3,80000,0,2,0,1,0
2025,1,98300,0,2,0,1,0
2024,3,228000,0,2,0,1,0
2024,3,234000,0,2,0,1,0
2025,3,267771,0,2,0,1,0
2024,2,206100,0,2,0,1,0
2025,3,160000,100,2,0,1,0
2025,2,50632,0,2,0,1,0
2025,3,107375,0,2,0,1,0
2025,3,176583,0,2,0,1,0
2024,3,143100,0,2,0,1,0
2024,3,300000,0,2,0,1,0
2025,2,137000,0,2,0,1,0
2025,2,108500,100,2,0,1,0
2025,2,294000,0,2,0,1,0
2024,3,180000,0,2,0,1,0
2024,2,38651,0,2,0,1,0
2024,3,137600,0,2,0,1,0
2025,3,105900,100,2,0,1,0
2024,2,80000,100,2,0,1,0
2024,2,176000,0,2,0,1,0
2024,3,283780,0,2,0,1,0
2024,2,161000,0,2,0,1,0
2025,3,142857,0,2,0,1,0
2025,3,145600,0,2,0,1,0
2024,3,217900,100,2,0,1,0
2025,3,54500,0,2,0,1,0
2025,3,187000,0,2,0,1,0
2024,3,296300,0,2,0,1,0
2025,4,122634,0,2,0,1,0
2024,3,235200,0,2,0,1,0
2023,1,24322,100,3,0,1,0
2025,1,35000,0,2,0,1,0
2024,3,250200,0,2,0,1,0
2025,3,100000,0,2,0,1,0
2025,3,185000,0,2,0,1,0
2024,2,230000,0,2,0,1,0
2022,3,150000,100,2,0,1,0
2024,2,312867,0,2,0,1,0
2025,3,100000,0,2,0,1,0
2025,3,124000,0,2,0,1,0
2025,3,155600,0,2,0,1,0
2025,3,99100,0,2,0,1,0
2025,3,171000,0,2,0,1,0
2025,3,69473,0,2,0,1,0
2025,3,48126,0,2,0,1,0
2025,3,179000,100,2,0,1,0
2025,3,300000,0,2,0,1,0
2025,3,120000,100,2,0,1,0
2025,3,107657,0,2,0,1,0
2025,3,170000,0,2,0,1,0
2024,3,158000,0,2,0,1,0
2023,2,75000,100,2,0,1,0
2025,3,138900,0,2,0,1,0
2024,2,177008,0,2,0,1,0
2020,2,118000,100,2,0,1,0
2025,3,100000,0,2,0,1,0
2025,3,122000,0,2,0,0,0
2024,3,225500,0,2,0,1,0
2023,3,180000,100,2,0,1,0
2025,3,160000,0,2,0,1,0
2024,3,158000,0,2,0,1,0
2025,3,189000,100,2,0,1,0
2024,3,115900,0,2,0,1,0
2025,3,240500,0,3,0,1,0
2025,2,161000,100,2,0,1,0
2025,1,40506,0,2,0,1,0
2024,3,169700,0,2,0,1,0
2024,3,220842,0,2,0,1,0
2025,3,136000,0,2,0,1,0
2025,3,250000,0,2,0,1,0
2025,2,77600,0,2,0,1,0
2024,2,85000,0,2,0,1,0
2023,3,165000,0,2,0,1,0
2024,2,171835,0,3,0,1,0
2024,3,140000,0,2,0,1,0
2023,3,130000,100,2,0,1,0
2024,2,250200,0,2,0,1,0
2025,3,200000,0,2,0,1,0
2025,2,160000,0,2,0,1,0
2024,3,247000,0,2,0,1,0
2025,3,124200,100,2,0,1,0
2024,2,82900,100,2,0,1,0
2025,3,350000,0,2,0,1,0
2025,3,90000,0,2,0,1,0
2025,3,95000,0,2,0,1,0
2024,2,68750,0,2,0,1,0
2024,3,125000,100,2,0,1,0
2024,3,167500,0,2,0,1,0
2024,1,62000,0,2,0,1,0
2024,3,180000,0,2,0,1,0
2025,3,29975,0,2,0,1,0
2025,3,180000,100,2,0,1,0
2024,3,122500,100,2,0,1,0
2024,2,194000,0,2,0,1,0
2024,2,140000,0,2,0,1,0
2025,2,135000,100,2,0,1,0
2024,3,130000,100,2,0,1,0
2025,3,190300,100,2,0,1,0
2025,3,248000,0,2,0,1,0
2024,3,148000,0,2,0,1,0
2024,3,117200,0,2,0,1,0
2024,3,255000,100,2,0,1,0
2025,3,175800,0,2,0,1,0
2024,3,200000,100,2,0,1,0
2025,4,125900,0,2,0,1,0
2025,1,200000,0,2,0,1,0
2025,3,110000,100,2,0,1,0
2024,3,140000,0,2,0,1,0
2024,3,148000,0,2,0,1,0
2024,3,60400,0,2,0,1,0
2024,3,90000,100,2,0,1,0
2024,3,147900,0,2,0,1,0
2025,3,130000,0,2,0,1,0
2025,2,180000,0,2,0,1,0
2024,2,83028,0,2,0,1,0
2025,3,140000,0,2,0,1,0
2024,3,132500,0,2,0,1,0
2023,3,139000,0,2,0,1,0
2022,2,140000,0,2,0,1,0
2025,2,160000,0,2,0,1,0
2024,3,259000,0,2,0,1,0
2025,3,193000,0,2,0,1,0
2024,1,68600,0,2,0,1,0
2024,2,146050,0,2,0,1,0
2025,2,276000,100,2,0,1,0
2023,2,167000,0,2,0,1,0
2024,3,135800,100,2,0,1,0
2025,2,155000,100,2,0,1,0
2024,2,190700,0,2,0,1,0
2024,2,120000,0,2,0,1,0
2023,3,202350,0,2,0,1,0
2025,1,75860,0,2,0,1,0
2023,3,164000,100,2,0,1,0
2025,3,248300,100,2,0,1,0
2025,2,124000,100,2,0,1,0
2024,3,93400,0,2,0,1,0
2024,3,133200,0,2,0,1,0
2025,3,200000,0,2,0,1,0
2024,2,145000,0,2,0,1,0
2025,3,155000,100,2,0,1,0
2025,2,98500,0,2,0,1,0
2024,3,130000,0,2,0,1,0
2024,2,70000,100,2,0,1,0
2024,2,125500,0,3,0,1,0
2025,2,121900,0,2,0,1,0
2024,1,100354,0,2,0,1,0
2024,2,159282,0,2,0,1,0
2024,3,52650,0,2,0,1,0
2024,3,64000,0,2,0,1,0
2025,3,165600,0,2,0,1,0
2025,2,95000,0,2,0,1,0
2024,3,130000,0,2,0,1,0
2024,3,120000,0,2,0,1,0
2025,3,74000,0,2,0,1,0
2025,3,267100,100,2,0,1,0
2025,2,125005,0,2,0,1,0
2025,2,74880,0,2,0,1,0
2025,3,136000,100,2,0,1,0
2025,3,74526,0,2,0,1,0
2023,3,156000,0,2,0,1,0
2025,3,151200,100,2,0,1,0
2025,3,201600,0,2,0,1,0
2024,2,114000,0,2,0,1,0
2025,2,69620,0,2,0,1,0
2025,2,141700,0,2,0,1,0
2024,3,80000,0,2,0,1,0
2025,2,50000,0,2,0,1,0
2025,2,98072,0,2,0,1,0
2025,2,143000,0,2,0,1,0
2025,3,217200,0,2,0,1,0
2025,3,278875,0,2,0,1,0
2024,3,110000,100,2,0,1,0
2024,3,118765,100,2,0,1,0
2024,3,145000,0,2,0,1,0
2023,3,93918,0,2,0,1,0
2024,3,160000,100,2,0,1,0
2025,3,119800,0,2,0,1,0
2025,2,113100,0,2,0,1,0
2025,3,105000,100,2,0,1,0
2023,3,95000,100,2,0,1,0
2024,3,245000,0,2,0,1,0
2024,3,204000,0,2,0,1,0
2025,3,184000,0,2,0,1,0
2024,2,110000,0,2,0,1,0
2024,2,172000,0,2,0,1,0
2025,4,200000,0,2,0,1,0
2025,3,77500,0,2,0,1,0
2025,1,73600,0,2,0,1,0
2025,2,100000,0,2,0,1,0
2024,2,164000,0,2,0,1,0
2025,3,176000,0,2,0,1,0
2024,1,60400,0,2,0,1,0
2024,3,215000,0,2,0,1,0
2025,2,223400,0,2,0,1,0
2025,3,160000,0,2,0,1,0
2024,2,101000,0,2,0,1,0
2024,3,90000,0,2,0,1,0
2025,3,178100,0,2,0,1,0
2025,3,145100,0,2,0,1,0
2023,3,230000,100,2,0,1,0
2024,3,200000,0,2,0,1,0
2025,3,142418,0,2,0,1,0
2023,3,225000,0,2,0,1,0
2025,2,250000,0,2,0,1,0
2024,1,95000,0,2,0,1,0
2025,3,138320,0,2,0,1,0
2025,2,98300,0,2,0,1,0
2025,3,85894,0,2,0,1,0
2024,3,230000,0,2,0,1,0
2025,3,160000,0,2,0,1,0
2021,1,21844,50,2,0,1,0
2024,3,180000,100,2,0,1,0
2025,3,156400,0,2,0,1,0
2025,2,65000,0,2,0,1,0
2025,3,124200,0,2,0,1,0
2025,3,280600,0,2,0,1,0
2024,3,181000,0,2,0,1,0
2025,3,160000,0,2,0,1,0
2024,3,183600,100,2,0,1,0
2024,1,42866,0,2,0,1,0
2025,2,129950,0,2,0,1,0
2024,3,280000,0,2,0,1,0
2025,3,68700,100,2,0,1,0
2024,3,100000,0,2,0,1,0
2024,3,276000,0,2,0,1,0
2025,1,230000,0,3,0,1,0
2023,3,75000,0,2,0,1,0
2024,3,116900,0,2,0,1,0
2025,3,150000,0,2,0,1,0
2024,3,130000,0,2,0,1,0
2024,3,130000,0,2,0,1,0
2024,3,85500,0,2,0,1,0
2025,3,240000,0,2,0,1,0
2025,3,165000,100,2,0,1,0
2025,3,350000,0,2,0,1,0
2025,2,170400,100,2,0,1,0
2025,3,293800,0,2,0,1,0
2024,2,87500,0,2,0,1,0
2024,3,179000,0,2,0,1,0
2024,3,122500,100,2,0,1,0
2024,2,70000,0,2,0,1,0
2025,3,266000,0,2,0,1,0
2023,3,185000,0,3,0,1,0
2025,2,75000,0,2,0,1,0
2023,2,65000,100,2,0,1,0
2024,2,137000,0,2,0,1,0
2024,3,170000,100,2,0,1,0
2024,2,85000,0,2,0,1,0
2025,3,100000,100,2,0,1,0
2025,2,181400,0,3,0,1,0
2025,2,91500,0,2,0,1,0
2023,3,288000,100,2,0,1,0
2024,1,110240,0,2,0,1,0
2024,3,144300,0,2,0,1,0
2025,3,180840,100,2,0,1,0
2024,3,170000,0,2,0,1,0
2024,3,120000,0,2,0,1,0
2024,3,233500,0,2,0,1,0
2025,3,200000,100,2,0,1,0
2023,3,200000,0,2,0,1,0
2024,2,92118,100,2,0,1,0
2025,3,440000,0,2,0,1,0
2025,3,222000,0,2,0,1,0
2025,3,234000,0,2,0,1,0
2024,3,147560,100,2,0,1,0
2024,3,104800,0,2,0,1,0
2024,2,120000,0,2,0,1,0
2024,3,335000,0,2,0,1,0
2024,3,201600,100,2,0,1,0
2025,4,87280,0,2,0,1,0
2024,3,200000,0,2,0,1,0
2025,2,102000,0,2,0,1,0
2025,3,78400,0,2,0,1,0
2024,3,100000,100,2,0,1,0
2025,2,141500,0,2,0,1,0
2025,3,294000,0,2,0,1,0
2023,3,120000,100,2,0,1,0
2025,3,135000,0,2,0,1,0
2025,2,550000,0,2,0,1,0
2025,2,192500,0,2,0,1,0
2023,3,130000,0,2,0,1,0
2025,3,101265,0,2,0,1,0
2025,2,130000,100,2,0,1,0
2025,2,162000,0,2,0,1,0
2024,3,89200,0,2,0,1,0
2024,3,160000,100,2,0,1,0
2025,2,120000,0,2,0,1,0
2025,3,150000,100,2,0,1,0
2025,3,160000,100,2,0,1,0
2025,3,198000,0,2,0,1,0
2025,3,170100,100,2,0,1,0
2024,2,170200,0,2,0,1,0
2025,3,50526,0,2,0,1,0
2025,2,124800,0,2,0,1,0
2025,3,130986,0,2,0,1,0
2023,4,290000,100,3,0,1,0
2025,3,73008,100,2,0,1,0
2024,3,171000,0,2,0,1,0
2025,3,100500,0,2,0,1,0
2024,3,159120,0,2,0,1,0
2025,2,40750,0,2,0,1,0
2025,2,67300,0,2,0,1,0
2024,3,116100,100,2,0,1,0
2025,2,87600,0,2,0,1,0
2024,3,172900,0,2,0,1,0
2024,3,224000,0,2,0,1,0
2025,3,111691,0,2,0,1,0
2024,1,83203,0,3,0,1,0
2025,3,170000,100,2,0,1,0
2025,3,156400,0,2,0,1,0
2024,3,160000,0,2,0,1,0
2025,3,258000,0,2,0,1,0
2024,1,260000,0,2,0,1,0
2025,3,111240,0,2,0,1,0
2024,3,225000,0,2,0,1,0
2024,2,181800,0,2,0,1,0
2025,3,200000,100,2,0,1,0
2025,2,72500,0,2,0,1,0
2024,2,125000,0,2,0,1,0
2025,3,420000,0,2,0,1,0
2024,3,180000,100,2,0,1,0
2025,3,364320,0,2,0,1,0
2023,2,222200,0,3,0,1,0
2025,3,180000,100,2,0,1,0
2025,3,269960,100,2,0,1,0
2023,3,140130,0,2,0,1,0
2025,3,94400,0,2,0,1,0
2025,2,202400,0,2,0,1,0
2025,3,165000,0,2,0,1,0
2024,2,67700,0,2,0,1,0
2025,3,215000,0,2,0,1,0
2025,1,61046,0,2,0,1,0
2025,2,111740,0,2,0,1,0
2024,1,80000,100,2,0,1,0
2025,3,216000,0,2,0,1,0
2025,2,115598,0,2,0,1,0
2025,3,159000,0,2,0,1,0
2024,2,279400,0,2,0,1,0
2025,1,100000,0,2,0,1,0
2025,3,110000,0,2,0,1,0
2025,3,110000,100,2,0,1,0
2024,3,98940,0,2,0,1,0
2023,3,210000,100,2,0,1,0
2024,2,117000,0,2,0,1,0
2024,3,250200,0,2,0,1,0
2023,3,160000,100,2,0,1,0
2024,3,206700,100,2,0,1,0
2023,2,193500,0,2,0,1,0
2024,3,204000,0,2,0,1,0
2024,3,180000,100,2,0,1,0
2024,2,205000,0,2,0,1,0
2025,2,105000,0,2,0,1,0
2023,2,78000,0,2,0,1,0
2024,3,172000,0,2,0,1,0
2024,2,216000,0,2,0,1,0
2024,2,90000,0,2,0,1,0
2024,3,256500,0,2,0,1,0
2024,3,209660,0,2,0,1,0
2025,3,202750,0,2,0,1,0
2024,2,110000,100,2,0,1,0
2024,2,77000,0,2,0,1,0
2025,1,100000,0,2,0,1,0
2025,3,200569,100,2,0,1,0
2023,3,90000,100,2,0,1,0
2024,3,267000,0,2,0,1,0
2025,3,146731,0,2,0,1,0
2024,2,150600,0,2,0,1,0
2024,3,231643,0,2,0,1,0
2025,3,200000,0,2,0,1,0
2024,3,90000,0,2,0,1,0
2025,3,200000,0,2,0,1,0
2025,3,143800,0,2,0,1,0
2023,2,250000,0,2,0,1,0
2024,1,80000,0,2,0,1,0
2025,3,189873,0,2,0,1,0
2025,2,131000,0,2,0,1,0
2025,2,93953,0,2,0,1,0
2023,3,106900,0,2,0,1,0
2023,3,126900,0,2,0,1,0
2025,3,130000,0,2,0,0,0
2024,2,171600,0,2,0,1,0
2024,3,150400,0,3,0,1,0
2024,3,137600,0,2,0,1,0
2024,3,150000,100,2,0,1,0
2024,3,245000,0,2,0,1,0
2024,3,302900,0,2,0,1,0
2025,2,174600,0,2,0,1,0
2025,3,198800,0,2,0,1,0
2025,2,57484,0,2,0,1,0
2024,3,167000,0,2,0,1,0
2024,1,99000,0,2,0,1,0
2025,3,75000,0,2,0,1,0
2025,2,69473,0,2,0,1,0
2025,3,103700,0,2,0,1,0
2023,3,70960,0,2,0,1,0
2024,3,129800,0,2,0,1,0
2025,2,110000,0,2,0,1,0
2024,2,232587,0,2,0,1,0
2024,2,162000,0,2,0,1,0
2025,1,60000,0,2,0,1,0
2025,3,145500,0,2,0,1,0
2025,3,194000,0,2,0,1,0
2024,2,118900,0,3,0,1,0
2025,3,210000,0,2,0,1,0
2024,3,216000,0,2,0,1,0
2025,3,234000,0,2,0,1,0
2024,2,200000,0,2,0,1,0
2025,3,165500,0,2,0,1,0
2024,3,200000,100,2,0,1,0
2024,2,130000,0,2,0,1,0
2023,2,245000,0,2,0,1,0
2024,3,166600,0,2,0,1,0
2024,3,90732,0,2,0,1,0
2025,3,170000,100,2,0,1,0
2024,2,176000,0,2,0,1,0
2025,2,142350,0,2,0,1,0
2025,3,112880,0,2,0,1,0
2024,3,190800,100,2,0,1,0
2025,1,60000,0,2,0,1,0
2023,2,24613,50,3,0,1,0
2024,2,90000,0,2,0,1,0
2025,3,96000,0,2,0,1,0
2025,3,164600,0,2,0,1,0
2023,3,156400,0,2,0,1,0
2025,2,130313,100,2,0,1,0
2025,2,212800,0,3,0,1,0
2024,1,99548,0,2,0,1,0
2023,3,210000,0,2,0,1,0
2024,3,200700,0,2,0,1,0
2024,4,190000,0,2,0,1,0
2025,3,216000,0,2,0,1,0
2025,3,300000,0,2,0,1,0
2025,2,130500,100,2,0,1,0
2025,3,80000,0,2,0,1,0
2024,3,189600,0,2,0,1,0
2025,3,149800,100,2,0,1,0
2025,1,109000,0,2,0,1,0
2024,3,170400,0,2,0,1,0
2023,3,370000,0,2,0,1,0
2025,3,200000,0,2,0,1,0
2025,3,147900,0,2,0,1,0
2024,3,206000,0,2,0,1,0
2025,4,192500,0,2,0,1,0
2025,4,120000,0,2,0,1,0
2023,3,258000,0,2,0,1,0
2024,2,132500,100,2,0,1,0
2024,2,81800,0,2,0,1,0
2025,1,140000,0,2,0,1,0
2025,1,16842,0,2,0,0,1
2023,2,47238,0,2,0,1,0
2025,4,372000,0,2,0,1,0
2024,3,216000,0,2,0,1,0
2025,2,119040,0,2,0,1,0
2024,3,117200,0,2,0,1,0
2025,3,176100,0,2,0,1,0
2025,2,89000,100,2,0,1,0
2023,3,120000,100,2,0,1,0
2025,2,152400,0,2,0,1,0
2025,2,110629,0,2,0,1,0
2024,2,167981,0,2,0,1,0
2024,2,75000,100,2,0,1,0
2024,3,75000,100,2,0,1,0
2024,3,130000,0,2,0,1,0
2023,3,187000,100,2,0,1,0
2024,1,98300,0,2,0,1,0
2024,2,165600,0,3,0,1,0
2025,3,195000,0,2,0,1,0
2024,3,114888,100,2,0,1,0
2025,3,305000,0,2,0,1,0
2025,2,83000,0,2,0,1,0
2024,3,187040,0,2,0,1,0
2025,2,88421,0,2,0,1,0
2024,2,172000,0,2,0,1,0
2025,2,135000,0,2,0,1,0
2025,2,271810,0,2,0,1,0
2025,2,74000,0,2,0,1,0
2024,1,40000,0,2,0,1,0
2025,2,120000,100,2,0,1,0
2025,3,237150,0,2,0,1,0
2024,3,144501,100,2,0,1,0
2024,3,85000,0,2,0,1,0
2024,3,257600,0,2,0,1,0
2024,2,160000,0,2,0,1,0
2025,3,135000,0,2,0,1,0
2025,3,103500,0,2,0,1,0
2025,3,231000,0,2,0,1,0
2023,3,146000,100,2,0,1,0
2024,3,126800,100,2,0,1,0
2025,3,85714,0,2,0,1,0
2025,2,78000,0,2,0,1,0
2025,3,85935,100,2,0,1,0
2025,3,150000,0,2,0,1,0
2024,3,85500,0,2,0,1,0
2023,1,64781,0,2,0,1,0
2024,2,139577,0,2,0,1,0
2025,2,76315,0,2,0,1,0
2024,3,104000,100,2,0,1,0
2024,1,30000,0,2,0,1,0
2025,3,180000,0,2,0,1,0
2024,2,280000,0,2,0,1,0
2024,3,173100,100,2,0,1,0
2024,2,178360,0,2,0,1,0
2024,2,228000,0,2,0,1,0
2023,1,163196,0,2,0,1,0
2024,1,43750,0,2,0,1,0
2025,3,157100,0,2,0,1,0
2024,2,100000,100,2,0,1,0
2025,3,200000,100,2,0,1,0
2024,3,324000,0,2,0,1,0
2025,2,103000,100,2,0,1,0
2024,2,120000,100,2,0,1,0
2025,3,264500,0,2,0,1,0
2023,2,30760,0,2,0,1,0
2025,1,137750,0,2,0,1,0
2024,2,77000,100,2,0,1,0
2024,3,139100,0,3,0,1,0
2025,2,115000,100,2,0,1,0
2025,3,201000,100,2,0,1,0
2023,3,125000,0,2,0,1,0
2025,1,124000,100,2,0,1,0
2023,2,65000,0,2,0,1,0
2024,3,176490,100,2,0,1,0
2025,3,136100,0,2,0,1,0
2024,2,168854,0,2,0,1,0
2025,3,60000,0,2,0,1,0
2024,3,136000,0,2,0,1,0
2025,4,119598,0,2,0,1,0
2024,4,136000,100,2,0,1,0
2023,3,170000,0,2,0,1,0
2025,3,130000,0,2,0,1,0
2024,3,238600,0,2,0,1,0
2024,1,87000,0,2,0,1,0
2024,2,143000,0,2,0,1,0
2025,3,90000,0,2,0,1,0
2025,3,89100,0,2,0,1,0
2024,2,96000,0,2,0,1,0
2024,3,202472,0,2,0,1,0
2023,3,160000,100,2,0,1,0
2024,2,75000,0,2,0,1,0
2025,2,69620,0,2,0,1,0
2025,3,213000,100,2,0,1,0
2025,3,295000,100,2,0,1,0
2024,3,223500,0,2,0,1,0
2024,2,69300,0,2,0,1,0
2024,1,57500,0,2,0,1,0
2025,3,197400,0,2,0,1,0
2024,3,200000,0,2,0,1,0
2024,2,115000,0,2,0,1,0
2025,3,235000,0,2,0,1,0
2025,3,102600,0,2,0,1,0
2025,3,75400,0,2,0,1,0
2024,1,177000,0,2,0,1,0
2024,3,149594,0,2,0,1,0
2024,3,173000,100,2,0,1,0
2024,3,140000,100,2,0,1,0
2023,1,41833,0,2,0,1,0
2025,3,245000,0,2,0,1,0
2025,2,172000,0,2,0,1,0
2025,2,96900,0,2,0,1,0
2025,3,215000,100,2,0,1,0
2025,4,350000,0,2,0,1,0
2025,2,200000,0,2,0,1,0
2024,1,168150,0,2,0,1,0
2023,3,167200,100,2,0,1,0
2024,1,115000,0,2,0,1,0
2025,2,88300,0,2,0,1,0
2024,2,160000,0,2,0,1,0
2025,3,150000,100,2,0,1,0
2024,3,204200,0,2,0,1,0
2025,3,158000,0,2,0,1,0
2024,3,276000,0,2,0,1,0
2025,3,142300,100,2,0,1,0
2024,2,395000,0,2,0,1,0
2024,2,190000,0,2,0,1,0
2024,3,246000,0,2,0,1,0
2024,2,141300,0,2,0,1,0
2024,2,259000,0,2,0,1,0
2023,3,324000,0,2,0,1,0
2024,2,222200,0,3,0,1,0
2025,3,261000,100,2,0,1,0
2025,3,138500,0,2,0,1,0
2024,2,73400,100,2,0,1,0
2025,3,185000,0,2,0,1,0
2024,3,121100,0,2,0,1,0
2024,3,192900,0,2,0,1,0
2024,2,109800,0,2,0,1,0
2024,3,257600,0,2,0,1,0
2024,2,135148,0,2,0,1,0
2023,3,82920,100,2,0,1,0
2025,3,74700,0,2,0,1,0
2024,3,90000,0,2,0,1,0
2025,3,120100,0,2,0,1,0
2025,1,151770,0,2,0,1,0
2025,3,139371,0,2,0,1,0
2024,2,120000,0,2,0,1,0
2025,3,231000,100,2,0,1,0
2024,3,128000,0,2,0,1,0
2023,3,107000,100,2,0,1,0
2024,2,165000,100,2,0,1,0
2024,3,207900,0,2,0,1,0
2025,3,180000,0,2,0,1,0
2024,3,82100,0,2,0,1,0
2025,3,195500,0,2,0,1,0
2024,3,152000,0,2,0,1,0
2024,3,108000,0,2,0,1,0
2025,2,250200,0,2,0,1,0
2025,3,172000,0,2,0,1,0
2024,3,209000,0,2,0,1,0
2025,3,170805,0,2,0,1,0
2025,2,175000,0,2,0,1,0
2025,3,206400,0,2,0,1,0
2025,3,161126,0,2,0,1,0
2024,3,90000,0,2,0,1,0
2025,2,204600,0,2,0,1,0
2025,3,278300,0,2,0,1,0
2024,3,245000,100,2,0,1,0
2024,3,157200,0,2,0,1,0
2025,2,232000,0,2,0,1,0
2024,3,156800,0,2,0,1,0
2023,3,209000,0,2,0,1,0
2024,3,215197,0,2,0,1,0
2025,3,211420,0,2,0,1,0
2025,2,57500,100,2,0,1,0
2025,2,136767,0,2,0,1,0
2024,3,187500,0,2,0,1,0
2024,2,65000,0,2,0,1,0
2024,3,144500,100,2,0,1,0
2024,3,154400,0,2,0,1,0
2024,2,25000,0,2,0,1,0
2024,3,125800,100,2,0,1,0
2024,3,283780,0,2,0,1,0
2024,3,142140,0,2,0,1,0
2024,3,200000,0,2,0,1,0
2025,2,132500,0,2,0,1,0
2025,3,166000,0,2,0,1,0
2024,3,220000,0,2,0,1,0
2024,3,160000,0,2,0,1,0
2024,2,98000,100,2,0,1,0
2022,3,140000,100,2,0,1,0
2025,2,80000,100,2,0,0,0
2025,3,160000,100,2,0,1,0
2024,2,182000,0,2,0,1,0
2024,3,250200,0,2,0,1,0
2025,2,120000,0,2,0,1,0
2024,3,60437,0,2,0,1,0
2025,3,163560,0,2,0,1,0
2025,2,111662,0,2,0,1,0
2025,3,107700,0,2,0,1,0
2025,3,150000,100,2,0,1,0
2024,3,221000,0,2,0,1,0
2025,3,164500,0,3,0,1,0
2024,3,57000,0,2,0,1,0
2025,3,150000,0,2,0,1,0
2024,2,264200,0,2,0,1,0
2023,3,182200,100,2,0,1,0
2024,3,184000,0,2,0,1,0
2025,2,200000,0,2,0,1,0
2025,2,170000,0,2,0,1,0
2024,2,225000,0,2,0,1,0
2024,2,96600,0,2,0,1,0
2024,1,145000,0,2,0,1,0
2024,2,118000,0,2,0,1,0
2024,3,180000,0,2,0,1,0
2024,3,106500,0,2,0,1,0
2025,3,142000,100,2,0,1,0
2023,2,73824,0,2,0,1,0
2024,3,181600,100,2,0,1,0
2025,3,188000,100,2,0,1,0
2023,3,235000,0,2,0,1,0
2024,1,50000,0,2,0,1,0
2025,2,154000,0,2,0,1,0
2024,3,155300,100,2,0,1,0
2024,2,123696,0,2,0,1,0
2025,3,85150,0,2,0,1,0
2024,2,337250,0,2,0,1,0
2024,1,58000,0,2,0,1,0
2025,3,140000,100,2,0,1,0
2025,3,170000,0,2,0,1,0
2025,3,157300,0,2,0,1,0
2025,2,77732,0,2,0,1,0
2025,1,82100,0,2,0,1,0
2024,3,250200,0,2,0,1,0
2025,3,75800,0,2,0,1,0
2024,2,73500,0,2,0,1,0
2024,3,126000,0,2,0,1,0
2024,2,234240,0,2,0,1,0
2025,3,140000,0,2,0,1,0
2025,3,217400,0,2,0,1,0
2024,3,225500,0,2,0,1,0
2025,3,154070,0,2,0,1,0
2025,3,227900,0,2,0,1,0
2025,3,303000,0,2,0,1,0
2025,3,82160,0,2,0,1,0
2024,3,108500,0,2,0,1,0
2024,2,220000,0,2,0,1,0
2024,3,155000,0,2,0,1,0
2020,2,74130,50,3,0,1,0
2024,3,132975,0,2,0,1,0
2024,3,98500,0,2,0,1,0
2023,3,73824,0,2,0,1,0
2024,3,199500,0,2,0,1,0
2024,3,500000,0,2,0,1,0
2025,1,200000,0,2,0,1,0
2025,2,190000,0,2,0,1,0
2025,2,70200,0,2,0,1,0
2024,2,105000,0,2,0,1,0
2023,3,132600,0,2,0,1,0
2024,3,192000,0,2,0,1,0
2024,1,106590,0,2,0,1,0
2024,2,196500,0,2,0,1,0
2025,3,252900,0,2,0,1,0
2025,3,99100,0,2,0,1,0
2024,3,106700,0,2,0,1,0
2024,3,150000,0,2,0,1,0
2024,2,102300,100,2,0,1,0
2024,2,115800,0,2,0,1,0
2025,3,121050,100,2,0,1,0
2025,3,215000,100,2,0,1,0
2024,1,62186,0,2,0,1,0
2025,2,144000,0,2,0,1,0
2023,4,115500,0,2,0,1,0
2025,2,149000,0,2,0,1,0
2024,2,90000,100,2,0,1,0
2024,3,115000,0,2,0,1,0
2025,3,138500,100,2,0,1,0
2024,3,85000,0,2,0,1,0
2025,3,196350,0,2,0,1,0
2024,1,142381,0,2,0,1,0
2024,3,129200,0,2,0,1,0
2024,3,223500,0,2,0,1,0
2025,3,110000,100,2,0,1,0
2024,2,125500,0,3,0,1,0
2024,3,61340,0,2,0,1,0
2024,3,132000,0,2,0,1,0
2024,3,105762,0,2,0,1,0
2024,1,46340,0,2,0,1,0
2025,3,151198,0,2,0,1,0
2024,3,170000,100,2,0,1,0
2024,2,121800,0,2,0,1,0
2025,2,136800,0,2,0,1,0
2024,2,112200,0,2,0,1,0
2024,1,79800,0,2,0,1,0
2024,3,148000,0,2,0,1,0
2025,3,217000,100,2,0,1,0
2024,2,212800,0,3,0,1,0
2025,3,304750,100,2,0,1,0
2025,3,24556,0,2,0,1,0
2024,3,110000,100,2,0,1,0
2024,2,175800,0,2,0,1,0
2025,3,123700,100,2,0,1,0
2025,3,257000,0,2,0,1,0
2025,2,135000,100,2,0,1,0
2024,3,276000,100,2,0,1,0
2024,2,93200,0,2,0,1,0
2025,2,94000,0,2,0,1,0
2025,3,150000,100,2,0,1,0
2024,3,156250,0,2,0,1,0
2025,2,130000,100,2,0,1,0
2025,2,72700,0,2,0,1,0
2023,3,130000,100,2,0,1,0
2025,2,275000,100,2,0,1,0
2025,2,157000,0,2,0,1,0
2025,3,140000,100,2,0,1,0
2024,1,33500,0,2,0,1,0
2024,3,180000,100,2,0,1,0
2024,1,250600,0,2,0,1,0
2025,3,140000,0,2,0,1,0
2024,3,121750,100,2,0,1,0
2024,1,137000,0,2,0,1,0
2025,3,78000,0,2,0,1,0
2025,3,180000,0,2,0,1,0
2025,3,133000,0,2,0,1,0
2024,3,104800,100,2,0,1,0
2024,3,265200,0,2,0,1,0
2025,1,86100,100,2,0,1,0
2024,3,170000,0,2,0,1,0
2024,1,106840,0,2,0,1,0
2024,3,200400,0,2,0,1,0
2025,3,227950,0,2,0,1,0
2025,3,191000,0,2,0,1,0
2024,3,210000,0,2,0,1,0
2023,3,136000,0,3,0,1,0
2024,3,209720,0,2,0,1,0
2024,1,48000,0,2,0,1,0
2025,3,198000,100,2,0,1,0
2024,2,170000,100,2,0,1,0
2023,2,70748,0,2,0,1,0
2024,3,190600,100,2,0,1,0
2025,3,147500,100,2,0,1,0
2024,3,90146,100,2,0,1,0
2025,3,115000,0,2,0,1,0
2024,3,330000,100,2,0,1,0
2024,2,207600,0,2,0,1,0
2025,3,247280,0,2,0,1,0
2025,3,160000,100,2,0,1,0
2025,3,294000,0,2,0,1,0
2025,2,110000,100,2,0,1,0
2025,3,299260,100,2,0,1,0
2025,2,100000,0,2,0,1,0
2025,3,200000,0,2,0,1,0
2024,3,103800,0,2,0,1,0
2024,2,200000,0,2,0,1,0
2024,2,204000,100,2,0,1,0
2024,3,96000,0,2,0,1,0
2024,1,56000,0,2,0,1,0
2025,3,215000,100,2,0,1,0
2023,3,133300,0,2,0,1,0
2024,3,163700,0,2,0,1,0
2022,3,210000,100,2,0,1,0
2025,3,140000,0,2,0,1,0
2025,3,110000,0,2,0,1,0
2025,2,91300,100,2,0,1,0
2025,3,89200,0,3,0,1,0
2025,2,80000,0,2,0,1,0
2024,3,110000,0,2,0,1,0
2023,3,94000,50,3,0,1,0
2024,2,153000,0,2,0,1,0
2024,3,85000,0,2,0,1,0
2024,1,237500,0,2,0,1,0
2025,3,180000,0,2,0,1,0
2024,3,154800,0,2,0,1,0
2025,3,244000,100,2,0,1,0
2024,3,196100,0,2,0,1,0
2024,1,60400,0,2,0,1,0
2023,2,183000,100,2,0,1,0
2024,2,139319,0,2,0,1,0
2024,3,100000,0,2,0,1,0
2025,2,88561,0,2,0,1,0
2024,2,200200,100,2,0,1,0
2025,2,106680,0,2,0,1,0
2025,1,29317,0,2,0,1,0
2025,3,199900,0,2,0,1,0
2024,2,204000,100,2,0,1,0
2024,2,62500,0,2,0,1,0
2025,3,148230,0,2,0,1,0
2025,4,185000,0,2,0,1,0
2024,3,54000,0,2,0,1,0
2025,1,136500,0,2,0,1,0
2025,3,280600,0,2,0,1,0
2025,2,155000,0,2,0,1,0
2025,3,173300,0,2,0,1,0
2024,1,118765,100,2,0,1,0
2025,3,171600,100,2,0,1,0
2024,3,355000,0,2,0,1,0
2024,2,136000,0,3,0,1,0
2024,2,58660,0,2,0,1,0
2023,3,210000,0,2,0,1,0
2025,3,115000,0,2,0,1,0
2025,3,97000,0,2,0,1,0
2024,2,163300,0,2,0,1,0
2024,3,212109,0,2,0,1,0
2025,3,108300,0,2,0,1,0
2025,3,200000,0,2,0,1,0
2025,3,160000,100,2,0,1,0
2025,3,177800,100,2,0,1,0
2024,2,245000,0,2,0,1,0
2025,3,125000,0,2,0,1,0
2025,2,140400,0,2,0,1,0
2025,3,104885,0,2,0,1,0
2024,3,274200,0,2,0,1,0
2025,2,120000,100,2,0,1,0
2025,3,310500,0,2,0,1,0
2024,2,200000,0,2,0,1,0
2025,3,264801,0,2,0,1,0
2025,3,213000,0,2,0,1,0
2025,3,89040,100,2,0,1,0
2024,3,130425,0,2,0,1,0
2025,1,89600,0,2,0,1,0
2024,2,170000,0,2,0,1,0
2023,3,129300,0,2,0,1,0
2024,3,288000,0,2,0,1,0
2024,3,138900,0,2,0,1,0
2025,4,160000,0,2,0,1,0
2025,1,126000,0,2,0,1,0
2024,3,108000,0,2,0,1,0
2024,2,117000,0,2,0,1,0
2025,2,194000,0,2,0,1,0
2024,3,265000,100,2,0,1,0
2024,2,70000,0,2,0,1,0
2024,3,129400,0,2,0,1,0
2025,2,59600,0,2,0,1,0
2024,3,186000,0,2,0,1,0
2024,3,183300,100,2,0,1,0
2024,2,143000,0,2,0,1,0
2024,3,110000,100,2,0,1,0
2024,3,152300,0,2,0,1,0
2025,3,161300,100,2,0,1,0
2025,2,170000,100,2,0,1,0
2025,3,150000,0,2,0,1,0
2024,3,150000,0,2,0,1,0
2025,3,200000,0,2,0,1,0
2025,2,76700,0,2,0,1,0
2024,3,231400,0,2,0,1,0
2025,2,143000,0,2,0,1,0
2025,2,150000,0,2,0,1,0
2025,2,117000,0,2,0,1,0
2024,3,123000,0,2,0,1,0
2023,2,70000,100,2,0,1,0
2025,3,149260,0,2,0,1,0
2025,2,160000,0,2,0,0,0
2024,2,286000,0,2,0,1,0
2024,2,250000,0,2,0,1,0
2024,3,339250,0,2,0,1,0
2024,2,203000,100,2,0,1,0
2024,3,150000,0,2,0,1,0
2025,3,180370,100,2,0,1,0
2024,2,222000,0,2,0,1,0
2024,3,166000,0,2,0,1,0
2024,3,287000,0,2,0,1,0
2025,3,160700,0,2,0,1,0
2025,3,96200,0,2,0,1,0
2025,2,194800,0,2,0,1,0
2024,3,180000,0,2,0,1,0
2025,1,80000,0,2,0,1,0
2024,3,94900,0,2,0,1,0
2024,3,155000,0,2,0,1,0
2024,3,178500,0,2,0,1,0
2025,3,125000,100,2,0,1,0
2024,1,84000,0,2,0,1,0
2025,3,123478,0,2,0,1,0
2024,3,210000,100,2,0,1,0
2024,1,250000,0,2,0,1,0
2025,2,90000,0,2,0,1,0
2023,3,120500,100,2,0,1,0
2023,3,226600,0,2,0,1,0
2025,1,67600,0,2,0,1,0
2024,1,67000,0,2,0,1,0
2025,3,140500,100,2,0,1,0
2025,2,136800,0,2,0,1,0
2024,2,120000,100,2,0,1,0
2025,2,164000,100,2,0,1,0
2024,3,184000,100,2,0,1,0
2025,2,100000,0,2,0,1,0
2024,1,93750,0,2,0,1,0
2023,3,185900,0,2,0,1,0
2023,2,130000,0,2,0,1,0
2025,3,356500,0,2,0,1,0
2025,3,432200,0,2,0,1,0
2024,3,250200,0,2,0,1,0
2024,3,117200,0,2,0,1,0
2024,3,163000,100,2,0,1,0
2025,3,425500,100,2,0,1,0
2024,2,228000,0,2,0,1,0
2025,3,137600,0,2,0,1,0
2025,3,184000,0,2,0,1,0
2025,3,72000,0,2,0,1,0
2024,1,65000,0,2,0,1,0
2024,3,185000,0,2,0,1,0
2025,2,140000,0,2,0,1,0
2024,3,202400,0,2,0,1,0
2025,3,120000,100,2,0,1,0
2024,3,125500,0,2,0,1,0
2025,2,185000,0,3,0,1,0
2024,1,122800,0,2,0,1,0
2024,2,469000,0,2,0,1,0
2024,3,204000,100,2,0,1,0
2024,2,112000,0,2,0,1,0
2024,3,145000,0,2,0,1,0
2024,3,209557,0,2,0,1,0
2025,2,183500,0,2,0,1,0
2024,3,144300,100,2,0,1,0
2024,3,176000,0,2,0,1,0
2024,2,142000,0,2,0,1,0
2024,1,130000,0,2,0,1,0
2025,1,172000,0,2,0,1,0
2021,3,103691,100,3,0,1,0
2025,3,294000,0,2,0,1,0
2024,3,192000,0,2,0,1,0
2025,3,356500,0,2,0,1,0
2024,3,180000,0,2,0,1,0
2024,3,314400,0,2,0,1,0
2024,3,160000,100,2,0,1,0
2023,3,118000,100,2,0,1,0
2025,2,90000,0,2,0,1,0
2024,3,130000,0,2,0,1,0
2025,2,150000,0,2,0,1,0
2024,3,131000,100,2,0,1,0
2025,1,90000,0,2,0,1,0
2025,3,195000,0,2,0,1,0
2024,3,135000,0,2,0,1,0
2024,3,100000,100,2,0,1,0
2025,3,202560,0,2,0,1,0
2024,3,143000,100,2,0,1,0
2025,1,68421,100,2,0,1,0
2025,2,301200,0,2,0,1,0
2024,3,118000,100,2,0,1,0
2024,2,168700,0,2,0,1,0
2024,3,245400,0,2,0,1,0
2025,3,213000,0,2,0,1,0
2025,3,95429,100,2,0,1,0
2024,2,89600,0,3,0,1,0
2025,2,110000,0,2,0,1,0
2024,3,160000,0,2,0,1,0
2025,3,170000,0,2,0,1,0
2025,2,54000,100,2,0,1,0
2025,3,185000,0,2,0,1,0
2024,3,139300,0,2,0,1,0
2025,3,340000,0,2,0,1,0
2025,3,99100,0,2,0,1,0
2025,1,124000,0,2,0,1,0
2024,2,67151,0,2,0,1,0
2024,3,135000,100,2,0,1,0
2025,2,95600,0,2,0,1,0
2024,1,67000,100,2,0,1,0
2024,3,189000,0,2,0,1,0
2025,3,265800,100,2,0,1,0
2025,3,90000,100,2,0,1,0
2024,3,123300,0,2,0,1,0
2024,3,112200,0,2,0,1,0
2025,3,89500,0,2,0,1,0
2024,2,89500,0,2,0,1,0
2025,3,134400,0,2,0,1,0
2024,3,294000,0,2,0,1,0
2023,3,140000,0,2,0,1,0
2024,2,49997,0,2,0,1,0
2025,3,182000,100,2,0,0,0
2025,2,117000,0,2,0,1,0
2024,2,96475,100,2,0,1,0
2024,3,109800,0,2,0,1,0
2024,2,56250,0,2,0,1,0
2025,2,84500,0,2,0,1,0
2023,3,136000,0,2,0,1,0
2025,1,69369,0,2,0,1,0
2024,3,130000,100,2,0,1,0
2024,3,250553,0,2,0,1,0
2024,3,148000,0,2,0,1,0
2024,2,157600,0,3,0,1,0
2025,2,54000,0,2,0,1,0
2025,3,173000,0,2,0,1,0
2025,2,103000,0,2,0,1,0
2024,3,242000,0,2,0,1,0
2024,3,170000,0,2,0,1,0
2024,2,48067,100,2,0,1,0
2025,3,130000,0,2,0,1,0
2024,3,156500,0,2,0,1,0
2024,3,224000,100,2,0,1,0
2024,2,184000,0,2,0,1,0
2024,1,112200,0,2,0,1,0
2025,3,267100,100,2,0,1,0
2025,3,140000,100,2,0,1,0
2025,3,76800,0,2,0,1,0
2025,3,176793,0,2,0,1,0
2025,3,176000,0,2,0,1,0
2024,3,123000,0,2,0,1,0
2025,2,172500,0,2,0,1,0
2024,3,108000,0,2,0,1,0
2024,2,90000,0,2,0,1,0
2024,3,210000,0,2,0,1,0
2024,3,130500,0,2,0,1,0
2024,2,144000,0,2,0,1,0
2024,3,246000,0,2,0,1,0
2025,3,294700,0,3,0,1,0
2024,3,130000,100,2,0,1,0
2024,1,151770,0,2,0,1,0
2025,3,178100,0,2,0,1,0
2024,2,400000,0,2,0,1,0
2024,2,87000,0,2,0,1,0
2025,2,182850,100,2,0,1,0
2024,2,98300,0,2,0,1,0
2024,1,109700,0,2,0,1,0
2024,1,39500,0,2,0,1,0
2024,3,238300,0,2,0,1,0
2024,3,116800,0,2,0,1,0
2023,3,222200,0,3,0,1,0
2025,3,280000,0,2,0,1,0
2022,2,83171,0,3,0,1,0
2024,2,26666,0,2,0,1,0
2024,1,170186,0,2,0,1,0
2025,3,90000,0,2,0,1,0
2024,2,67500,0,2,0,1,0
2024,2,146100,0,2,0,1,0
2025,3,141000,0,2,0,1,0
2024,2,61200,0,2,0,1,0
2024,4,215200,0,2,0,1,0
2025,2,161700,100,2,0,1,0
2024,3,116000,0,2,0,1,0
2024,3,136800,0,2,0,1,0
2024,3,294000,0,2,0,1,0
2024,3,190000,100,2,0,1,0
2024,3,180650,0,2,0,1,0
2024,3,279000,100,2,0,1,0
2022,3,120000,0,2,0,1,0
2025,3,165200,0,2,0,1,0
2025,2,125000,0,2,0,1,0
2025,2,84600,0,2,0,1,0
2025,2,91800,0,2,0,1,0
2024,2,425000,0,2,0,1,0
2024,2,176000,0,2,0,1,0
2025,3,155000,100,2,0,1,0
2024,3,144000,0,2,0,1,0
2025,1,26526,0,2,0,1,0
2025,3,99100,0,2,0,1,0
2025,1,218540,0,2,0,1,0
2025,3,95500,100,2,0,1,0
2023,2,212000,0,2,0,1,0
2025,3,212040,0,2,0,1,0
2025,3,85081,0,2,0,1,0
2025,1,95000,0,2,0,1,0
2025,3,110000,100,2,0,1,0
2024,3,188748,100,2,0,1,0
2024,3,113100,0,2,0,1,0
2025,3,49958,0,2,0,1,0
2024,3,137600,0,2,0,1,0
2023,3,129300,0,2,0,1,0
2025,2,160000,0,2,0,1,0
2024,3,395000,0,2,0,1,0
2025,3,83088,100,2,0,1,0
2025,3,75000,0,2,0,1,0
2024,3,81950,0,2,0,1,0
2025,2,180370,100,2,0,1,0
2024,1,118500,0,2,0,1,0
2025,3,261500,0,3,0,1,0
2024,2,86000,0,2,0,1,0
2024,3,200200,0,2,0,1,0
2023,2,73100,0,2,0,1,0
2025,2,266000,0,2,0,1,0
2024,2,101900,0,2,0,1,0
2024,3,125000,0,2,0,1,0
2024,2,168000,0,2,0,1,0
2024,3,266000,0,2,0,1,0
2025,2,130000,100,2,0,1,0
2024,3,267100,100,2,0,1,0
2025,2,225000,0,2,0,1,0
2024,2,43908,0,2,0,1,0
2025,3,280600,0,2,0,1,0
2024,3,95000,100,2,0,1,0
2023,3,65000,0,2,0,1,0
2025,3,140000,0,2,0,1,0
2025,3,161250,0,2,0,1,0
2023,3,225000,0,2,0,1,0
2024,3,242100,0,2,0,1,0
2024,2,151000,0,2,0,1,0
2025,1,67857,0,2,0,1,0
2025,1,171603,0,2,0,1,0
2025,3,410000,0,2,0,1,0
2025,3,180000,0,2,0,1,0
2025,3,140000,0,2,0,1,0
2025,3,243000,0,2,0,1,0
2024,3,80000,0,2,0,1,0
2025,3,180000,0,2,0,1,0
2024,2,270000,0,2,0,1,0
2024,4,340000,0,2,0,1,0
2024,2,122300,0,2,0,1,0
2025,3,86600,0,2,0,1,0
2024,3,234000,0,2,0,1,0
2024,2,95000,0,2,0,1,0
2024,2,95000,0,2,0,1,0
2025,3,123000,0,2,0,1,0
2023,1,85000,0,2,0,1,0
2025,3,110000,100,2,0,1,0
2025,3,79400,0,2,0,1,0
2024,2,92000,0,2,0,1,0
2025,3,122500,0,2,0,1,0
2024,2,213345,0,2,0,1,0
2024,3,103000,0,2,0,1,0
2025,3,144500,0,2,0,1,0
2024,3,171116,0,2,0,1,0
2025,3,42000,0,2,0,1,0
2021,3,94665,50,3,0,1,0
2024,3,112500,0,2,0,1,0
2025,3,136000,0,2,0,1,0
2023,3,198300,100,2,0,1,0
2024,3,87100,0,2,0,1,0
2023,3,164000,100,2,0,1,0
2025,2,56962,0,2,0,1,0
2023,2,35000,0,3,0,1,0
2024,4,142320,0,2,0,1,0
2025,3,356500,0,2,0,1,0
2024,3,175800,0,2,0,1,0
2025,3,240240,0,2,0,1,0
2025,2,120000,0,2,0,1,0
2024,3,94200,0,2,0,1,0
2025,3,164450,0,2,0,1,0
2025,3,170000,0,2,0,1,0
2024,3,200000,0,2,0,1,0
2024,3,378700,0,2,0,1,0
2025,3,146000,0,2,0,1,0
2024,2,154000,0,2,0,1,0
2024,4,205000,0,2,0,1,0
2024,3,178000,0,2,0,1,0
2023,3,275000,0,2,0,1,0
2024,3,144600,0,2,0,1,0
2025,2,143060,0,2,0,1,0
2024,2,225624,0,2,0,1,0
2025,3,202800,0,3,0,1,0
2024,3,90300,100,2,0,1,0
2025,3,200000,0,2,0,1,0
2024,2,90000,0,2,0,1,0
2024,3,168600,100,2,0,1,0
2025,2,208000,0,2,0,1,0
2025,3,142700,0,2,0,1,0
2025,3,185500,0,2,0,1,0
2024,3,210960,0,2,0,1,0
2025,3,150000,100,2,0,1,0
2024,1,97375,0,2,0,1,0
2025,2,100714,0,2,0,1,0
2025,2,355000,0,2,0,1,0
2024,1,88200,0,2,0,1,0
2024,3,265200,0,2,0,1,0
2024,3,181000,0,2,0,1,0
2025,3,90000,0,2,0,1,0
2024,2,270000,0,2,0,1,0
2025,3,185000,100,2,0,1,0
2024,3,155000,100,2,0,1,0
2024,2,215000,100,2,0,1,0
2025,2,150000,0,2,0,1,0
2025,3,294000,0,2,0,1,0
2025,3,234400,0,2,0,1,0
2025,3,285000,0,2,0,1,0
2024,2,200200,0,2,0,1,0
2025,3,220000,0,2,0,1,0
2025,3,210000,0,2,0,1,0
2024,3,123164,0,2,0,1,0
2025,2,57484,0,2,0,1,0
2024,2,158300,100,2,0,1,0
2025,3,150000,0,2,0,1,0
2024,3,137000,0,2,0,1,0
2024,2,160000,0,2,0,1,0
2025,3,320000,0,2,0,1,0
2025,2,91464,0,2,0,1,0
2025,3,162600,0,3,0,1,0
2024,2,107349,0,2,0,1,0
2025,3,260590,0,2,0,1,0
2024,3,150400,0,3,0,1,0
2024,1,136800,0,2,0,1,0
2024,2,277300,0,2,0,1,0
2025,3,160400,100,2,0,1,0
2025,1,110300,100,2,0,1,0
2024,3,86000,0,2,0,1,0
2024,2,178000,0,2,0,1,0
2025,3,79000,0,2,0,1,0
2025,3,210000,100,2,0,1,0
2024,2,94900,0,2,0,1,0
2024,3,190000,100,2,0,1,0
2024,2,189000,0,2,0,1,0
2024,2,115000,0,2,0,1,0
2024,3,55365,0,2,0,1,0
2024,3,138000,0,2,0,1,0
2025,2,47055,0,2,0,1,0
2025,3,80791,0,2,0,1,0
2025,3,74880,0,2,0,1,0
2024,3,165000,0,2,0,1,0
2025,3,132500,100,2,0,1,0
2024,3,144000,0,2,0,1,0
2025,4,180000,0,2,0,1,0
2025,3,252000,0,2,0,1,0
2024,2,132000,0,2,0,1,0
2025,2,100000,100,2,0,1,0
2024,2,50000,0,2,0,1,0
2025,3,245000,0,2,0,1,0
2024,2,163238,0,2,0,1,0
2025,2,90000,0,2,0,1,0
2024,3,252450,0,2,0,1,0
2025,3,189175,100,2,0,1,0
2025,2,121363,0,2,0,1,0
2024,3,299000,100,2,0,1,0
2024,3,175800,100,2,0,1,0
2025,3,252000,0,2,0,1,0
2024,3,34733,0,2,0,1,0
2025,2,324000,0,2,0,1,0
2024,3,36000,100,2,0,0,0
2024,2,202900,100,2,0,1,0
2024,3,148000,100,2,0,1,0
2024,2,180000,0,2,0,1,0
2025,3,145000,100,2,0,1,0
2025,3,146955,100,2,0,1,0
2025,3,185000,0,2,0,1,0
2024,3,68750,0,2,0,1,0
2025,2,178360,0,2,0,1,0
2025,3,120000,0,2,0,0,0
2023,4,145000,100,2,0,1,0
2024,1,17333,0,2,0,1,0
2024,3,184200,0,2,0,1,0
2025,3,247000,0,2,0,1,0
2022,3,130500,0,2,0,1,0
2025,3,79700,0,2,0,1,0
2024,3,180000,0,2,0,1,0
2025,3,110000,100,2,0,1,0
2024,3,283780,0,2,0,1,0
2024,2,75000,0,2,0,1,0
2025,3,71925,0,2,0,1,0
2025,4,200000,100,2,0,1,0
2024,3,164300,0,2,0,1,0
2025,2,130000,0,2,0,1,0
2025,3,220000,0,2,0,1,0
2024,3,285000,100,2,0,1,0
2024,2,128350,0,2,0,1,0
2024,2,128600,0,2,0,1,0
2025,2,100000,0,2,0,1,0
2025,3,127310,0,2,0,1,0
2024,2,167500,0,2,0,1,0
2025,2,211000,0,2,0,1,0
2024,3,80000,0,2,0,1,0
2024,2,183000,0,2,0,1,0
2025,3,174600,0,2,0,1,0
2024,2,339250,0,2,0,1,0
2025,3,160000,100,2,0,1,0
2024,2,110000,100,2,0,1,0
2024,3,144000,0,2,0,1,0
2024,2,200000,0,2,0,1,0
2024,3,160000,100,2,0,1,0
2025,3,173500,0,2,0,1,0
2024,3,190200,0,2,0,1,0
2024,3,321000,0,2,0,1,0
2025,3,185000,100,2,0,1,0
2024,2,62000,0,2,0,1,0
2024,3,419750,0,2,0,1,0
2025,3,235750,0,2,0,1,0
2025,3,275000,0,2,0,1,0
2024,3,110000,100,2,0,1,0
2025,1,74200,0,2,0,1,0
2025,3,130295,0,2,0,1,0
2024,3,90000,0,2,0,1,0
2025,3,246800,100,2,0,1,0
2024,3,214800,0,2,0,1,0
2024,3,314400,0,2,0,1,0
2025,3,160000,0,2,0,1,0
2025,3,201825,0,2,0,1,0
2025,3,156000,0,2,0,1,0
2023,2,136000,0,3,0,1,0
2025,3,50160,0,2,0,1,0
2024,3,144300,100,2,0,1,0
2024,3,210000,0,2,0,1,0
2024,2,187000,0,2,0,1,0
2025,2,185000,0,2,0,1,0
2025,2,70327,0,2,0,1,0
2024,3,187000,0,2,0,1,0
2025,1,43200,0,2,0,1,0
2024,3,245000,100,2,0,1,0
2024,3,195000,0,2,0,1,0
2025,3,158000,0,2,0,1,0
2022,3,89200,100,2,0,1,0
2024,2,179000,0,2,0,1,0
2024,2,205700,0,2,0,1,0
2024,2,130000,0,2,0,1,0
2025,4,220000,0,2,0,1,0
2025,3,101002,0,2,0,1,0
2024,1,58200,0,2,0,1,0
2024,3,358000,0,2,0,1,0
2024,3,100000,100,2,0,1,0
2025,3,92400,0,2,0,1,0
2024,3,90000,0,2,0,1,0
2024,3,200000,0,2,0,1,0
2024,2,102424,100,2,0,1,0
2024,2,134000,0,2,0,1,0
2024,2,60000,100,2,0,1,0
2025,3,231000,100,2,0,1,0
2025,3,124941,0,2,0,1,0
2024,2,176500,0,2,0,1,0
2024,3,150000,0,2,0,1,0
2025,1,70600,0,2,0,1,0
2025,2,100000,100,2,0,1,0
2025,2,56962,0,2,0,1,0
2023,2,125000,0,2,0,1,0
2025,3,212750,0,2,0,1,0
2024,3,155000,0,2,0,1,0
2025,2,115500,0,2,0,1,0
2024,3,25000,100,2,0,1,0
2024,3,105500,0,2,0,1,0
2025,3,237500,0,2,0,1,0
2025,2,70100,0,2,0,1,0
2025,1,180000,0,2,0,1,0
2025,3,250000,0,2,0,1,0
2025,3,300000,0,2,0,1,0
2025,3,162100,0,2,0,1,0
2024,2,50000,0,2,0,1,0
2024,3,149076,0,2,0,1,0
2025,2,55100,100,2,0,1,0
2025,2,148500,0,2,0,1,0
2025,1,138000,100,2,0,1,0
2025,3,340900,0,2,0,1,0
2023,1,100000,100,2,0,1,0
2025,3,254000,0,2,0,1,0
2024,3,136000,0,3,0,1,0
2024,4,64444,0,2,0,1,0
2025,3,145000,100,2,0,1,0
2024,3,243000,0,2,0,1,0
2025,3,346000,100,2,0,1,0
2023,1,78800,0,2,0,1,0
2025,3,215300,0,2,0,1,0
2023,3,100000,0,2,0,1,0
2025,2,46000,0,2,0,0,1
2025,2,191869,0,2,0,1,0
2025,2,71000,0,2,0,1,0
2025,3,107000,0,2,0,1,0
2024,3,63437,0,2,0,1,0
2025,2,42000,100,2,0,1,0
2024,1,81500,0,2,0,1,0
2021,2,77364,50,1,0,1,0
2024,2,175100,0,2,0,1,0
2025,3,272000,0,2,0,1,0
2024,2,124300,0,2,0,1,0
2024,2,120000,0,2,0,1,0
2024,2,208800,0,2,0,1,0
2024,3,278400,0,2,0,1,0
2024,3,147368,0,2,0,1,0
2024,1,80000,0,2,0,1,0
2024,3,257000,0,2,0,1,0
2024,3,250700,0,2,0,1,0
2025,2,180000,0,2,0,1,0
2025,3,237000,0,2,0,1,0
2024,3,177000,0,2,0,1,0
2025,1,80000,0,2,0,1,0
2024,3,142896,0,2,0,1,0
2023,1,155000,0,2,0,1,0
2024,3,208000,0,2,0,1,0
2025,3,97049,0,2,0,1,0
2024,3,222480,0,2,0,1,0
2024,3,359720,0,2,0,1,0
2025,3,303900,100,2,0,1,0
2024,3,177750,100,2,0,1,0
2025,2,140000,0,2,0,1,0
2025,2,172000,0,2,0,1,0
2023,3,106020,0,2,0,1,0
2023,3,140100,0,2,0,1,0
2024,4,180000,100,2,0,1,0
2025,3,138000,0,2,0,1,0
2024,3,118500,0,2,0,1,0
2025,2,105000,0,2,0,1,0
2025,3,309000,0,2,0,1,0
2025,2,168000,0,2,0,1,0
2024,3,116200,0,2,0,1,0
2025,1,44660,100,2,0,1,0
2024,2,167000,0,2,0,1,0
2025,2,140000,0,2,0,1,0
2024,1,101080,0,2,0,1,0
2024,2,83000,0,2,0,1,0
2025,3,142000,0,2,0,1,0
2024,3,138100,0,2,0,1,0
2024,3,209600,0,2,0,1,0
2024,3,47778,0,2,0,1,0
2024,3,285000,100,2,0,1,0
2024,2,237500,0,2,0,1,0
2024,2,220000,0,2,0,1,0
2023,3,159100,0,3,0,1,0
2021,3,77684,50,2,0,1,0
2024,3,180000,0,2,0,1,0
2024,3,337250,0,2,0,1,0
2025,3,234000,0,2,0,1,0
2025,3,294000,0,2,0,1,0
2024,3,304000,0,2,0,1,0
2024,3,160000,100,2,0,1,0
2024,2,141700,0,2,0,1,0
2024,2,98300,0,2,0,1,0
2024,2,129300,0,3,0,1,0
2024,2,96600,0,2,0,1,0
2024,3,278900,0,2,0,1,0
2024,2,170000,0,2,0,1,0
2024,2,75000,0,2,0,1,0
2024,2,210000,100,2,0,1,0
2025,2,184500,0,2,0,1,0
2023,3,123700,0,3,0,1,0
2024,3,294000,0,2,0,1,0
2025,2,175000,0,2,0,1,0
2025,3,123250,100,2,0,1,0
2024,3,259000,100,2,0,1,0
2024,3,107000,0,2,0,1,0
2024,2,83900,0,2,0,1,0
2025,3,88607,0,2,0,1,0
2024,2,167700,0,2,0,1,0
2025,2,176000,0,2,0,1,0
2024,3,136600,0,2,0,1,0
2025,3,137600,0,2,0,1,0
2025,2,720000,100,2,0,1,0
2024,3,184300,0,2,0,1,0
2024,3,136300,0,2,0,1,0
2024,3,253000,0,2,0,1,0
2025,3,165000,100,2,0,1,0
2024,3,207800,0,2,0,1,0
2024,3,123000,0,2,0,1,0
2024,3,146000,0,2,0,1,0
2023,3,192000,0,2,0,1,0
2024,3,218625,0,2,0,1,0
2025,2,40000,0,2,0,1,0
2024,2,105800,0,2,0,1,0
2025,3,240000,100,2,0,1,0
2024,2,147900,100,2,0,1,0
2025,2,138000,0,2,0,1,0
2025,3,144400,0,2,0,1,0
2024,3,120000,50,3,0,1,0
2025,1,88600,100,2,0,1,0
2024,3,208766,0,2,0,1,0
2025,3,131188,0,2,0,1,0
2025,3,186000,0,2,0,1,0
2024,3,145620,0,2,0,1,0
2023,2,120000,100,2,0,1,0
2025,3,164000,0,2,0,1,0
2024,3,235200,0,2,0,1,0
2023,3,185000,0,2,0,1,0
2024,3,106000,100,2,0,1,0
2025,4,287103,0,2,0,1,0
2025,1,147368,0,2,0,1,0
2025,2,138780,0,2,0,1,0
2024,3,283780,0,2,0,1,0
2025,1,55000,0,3,0,1,0
2025,3,198000,0,2,0,1,0
2024,2,296500,0,2,0,1,0
2023,3,58400,0,2,0,1,0
2023,3,230000,0,2,0,1,0
2025,3,184000,0,2,0,1,0
2025,4,130000,100,2,0,1,0
2024,1,96000,0,2,0,1,0
2024,2,134300,0,2,0,1,0
2025,3,105000,0,2,0,1,0
2023,3,113000,100,2,0,1,0
2025,3,115200,0,2,0,1,0
2025,2,117100,0,2,0,1,0
2025,2,112500,0,2,0,1,0
2025,3,107500,0,2,0,1,0
2024,2,54615,0,2,0,1,0
2025,1,99875,0,2,0,1,0
2023,3,142200,0,2,0,1,0
2024,2,86250,0,2,0,1,0
2025,3,169000,0,2,0,1,0
2024,3,105000,0,2,0,1,0
2024,3,229900,0,2,0,1,0
2024,3,131230,0,2,0,1,0
2024,3,215000,100,2,0,1,0
2025,2,62400,100,2,0,1,0
2025,2,50245,0,2,0,1,0
2025,3,405000,0,2,0,1,0
2024,1,95000,0,2,0,1,0
2025,2,130000,100,2,0,1,0
2023,3,164000,0,2,0,1,0
2025,3,120000,0,2,0,1,0
2024,3,149000,0,2,0,1,0
2024,1,64000,0,2,0,1,0
2025,3,112180,0,2,0,1,0
2024,3,135120,0,2,0,1,0
2025,2,73230,0,2,0,1,0
2025,3,125200,100,2,0,1,0
2025,1,79700,0,2,0,1,0
2024,2,145000,0,2,0,1,0
2024,3,175100,0,2,0,1,0
2025,1,120000,0,2,0,1,0
2024,2,78200,0,2,0,1,0
2025,3,197400,0,2,0,1,0
2024,3,77000,0,2,0,1,0
2024,2,100000,0,2,0,1,0
2024,2,16000,100,2,0,1,0
2024,3,199500,0,2,0,1,0
2025,2,174000,0,2,0,1,0
2025,1,120000,0,2,0,1,0
2023,3,252000,0,2,0,1,0
2025,3,159700,0,2,0,1,0
2024,2,126651,0,2,0,1,0
2025,3,182200,100,2,0,1,0
2025,2,144000,0,2,0,1,0
2025,4,50000,100,2,0,1,0
2025,3,286000,0,2,0,1,0
2025,1,190000,0,2,0,1,0
2025,3,160700,0,2,0,1,0
2025,2,124880,100,2,0,1,0
2024,2,73076,0,2,0,1,0
2024,3,168000,0,2,0,1,0
2025,2,125000,100,2,0,1,0
2025,3,148000,0,2,0,1,0
2025,3,157300,100,2,0,1,0
2024,3,235000,100,2,0,1,0
2024,3,160000,100,2,0,1,0
2024,3,250200,0,2,0,1,0
2025,2,63827,0,2,0,1,0
2024,3,145000,0,2,0,1,0
2025,3,84600,0,2,0,1,0
2024,3,95264,0,2,0,1,0
2025,3,126582,0,2,0,1,0
2024,1,91062,0,2,0,1,0
2025,2,130800,0,2,0,1,0
2025,2,272255,0,2,0,1,0
2024,2,247000,0,2,0,1,0
2024,3,149020,0,2,0,1,0
2025,3,132600,0,2,0,1,0
2024,2,145000,0,2,0,1,0
2024,1,92222,0,2,0,1,0
2024,1,77265,0,2,0,1,0
2025,3,168285,100,2,0,1,0
2023,3,140100,0,2,0,1,0
2025,3,276000,100,2,0,1,0
2024,2,172000,0,2,0,1,0
2025,1,144400,0,2,0,1,0
2025,1,63000,0,2,0,1,0
2024,3,237400,0,2,0,1,0
2024,2,165900,0,2,0,1,0
2025,2,107400,100,2,0,1,0
2024,3,96000,0,2,0,1,0
2024,2,109100,0,2,0,1,0
2024,3,120000,100,2,0,1,0
2025,2,110000,0,2,0,1,0
2025,2,120000,100,2,0,1,0
2023,3,121000,0,2,0,1,0
2025,3,50632,0,2,0,1,0
2025,4,183544,0,2,0,1,0
2024,2,159000,0,2,0,1,0
2025,3,143000,0,2,0,1,0
2025,1,172000,0,2,0,1,0
2024,3,175800,0,2,0,1,0
2024,2,203000,0,2,0,1,0
2025,3,80635,0,2,0,1,0
2024,3,153598,0,2,0,1,0
2024,1,139650,0,2,0,1,0
2024,3,212109,0,2,0,1,0
2025,2,160000,0,2,0,1,0
2024,1,85000,0,2,0,1,0
2024,3,157000,0,2,0,1,0
2025,3,222300,0,2,0,1,0
2024,3,137000,0,2,0,1,0
2024,3,293800,0,2,0,1,0
2024,3,120000,0,2,0,1,0
2024,3,235400,0,2,0,1,0
2025,2,137100,0,2,0,1,0
2024,2,220900,0,2,0,1,0
2025,4,145100,100,2,0,1,0
2024,2,177000,0,2,0,1,0
2025,2,100600,0,2,0,1,0
2024,3,190000,0,2,0,1,0
2025,3,190000,0,2,0,1,0
2025,2,74700,0,2,0,1,0
2025,3,140000,0,2,0,1,0
2024,2,275000,0,2,0,1,0
2025,3,425500,0,2,0,1,0
2025,2,48101,0,2,0,1,0
2025,1,63590,0,2,0,1,0
2024,3,200858,0,2,0,1,0
2024,3,92500,0,2,0,1,0
2025,1,80000,0,2,0,1,0
2025,2,216700,0,2,0,1,0
2025,3,147850,0,2,0,1,0
2025,3,143000,0,2,0,1,0
2022,4,125976,50,3,0,1,0
2025,3,135493,0,2,0,1,0
2025,3,95000,0,2,0,1,0
2025,3,167490,0,2,0,1,0
2024,3,172000,0,2,0,1,0
2024,1,69862,100,2,0,1,0
2025,2,204000,0,2,0,1,0
2024,3,111240,0,2,0,1,0
2024,3,118050,0,2,0,1,0
2025,2,264200,0,2,0,1,0
2025,3,203940,0,2,0,1,0
2024,2,129000,0,2,0,1,0
2025,2,56962,0,2,0,1,0
2023,3,130000,0,2,0,1,0
2025,4,300000,0,2,0,1,0
2025,2,200000,0,2,0,1,0
2025,2,208145,0,2,0,1,0
2025,3,110300,0,2,0,1,0
2023,3,117100,100,2,0,1,0
2024,1,172000,0,2,0,1,0
2025,3,119900,100,2,0,1,0
2024,3,124000,0,2,0,1,0
2024,3,137600,0,2,0,1,0
2024,3,185333,100,2,0,1,0
2024,3,260000,0,3,0,1,0
2024,2,78000,0,2,0,1,0
2024,3,419750,0,2,0,1,0
2025,2,128300,0,2,0,1,0
2025,3,384200,0,2,0,1,0
2024,1,87500,0,2,0,1,0
2025,2,190000,0,2,0,1,0
2025,2,150000,100,2,0,1,0
2024,1,68000,0,2,0,1,0
2025,3,87050,0,2,0,1,0
2024,2,245000,0,2,0,1,0
2025,1,175000,0,2,0,1,0
2024,3,264000,0,2,0,1,0
2024,3,136000,0,2,0,1,0
2024,3,333000,0,2,0,1,0
2024,3,155000,0,2,0,1,0
2024,2,80000,0,2,0,1,0
2024,2,153000,0,2,0,1,0
2025,2,85000,0,2,0,1,0
2024,4,338600,0,2,0,1,0
2025,3,275000,0,2,0,1,0
2025,2,122700,0,2,0,1,0
2024,3,136100,0,2,0,1,0
2024,1,120000,0,2,0,0,1
2025,3,171800,0,2,0,1,0
2025,2,147000,100,2,0,1,0
2024,3,156000,0,2,0,1,0
2025,3,201400,0,2,0,1,0
2024,3,106400,0,3,0,1,0
2025,2,95000,0,2,0,1,0
2024,3,144000,0,2,0,1,0
2024,3,193300,0,2,0,1,0
2024,2,150000,100,2,0,1,0
2024,3,239000,0,2,0,1,0
2025,3,227400,0,2,0,1,0
2025,3,224400,0,2,0,1,0
2024,1,52030,0,2,0,1,0
2024,3,165000,0,2,0,1,0
2024,3,165000,0,2,0,1,0
2025,2,100000,0,2,0,1,0
2025,3,143000,0,2,0,1,0
2024,3,96038,0,2,0,1,0
2025,3,376000,0,2,0,1,0
2024,3,73900,0,2,0,1,0
2025,1,67775,0,2,0,1,0
2024,2,112000,0,2,0,1,0
2024,2,220000,0,2,0,1,0
2025,3,135000,0,2,0,1,0
2025,4,258750,0,2,0,1,0
2024,3,135000,0,2,0,1,0
2025,3,218900,100,2,0,1,0
2024,3,194000,0,2,0,1,0
2024,1,57500,0,2,0,1,0
2023,3,238000,0,2,0,1,0
2024,3,180000,0,2,0,1,0
2025,3,189240,0,2,0,1,0
2024,3,119400,100,2,0,1,0
2024,3,212750,0,2,0,1,0
2025,3,122238,0,2,0,1,0
2024,2,124000,100,2,0,1,0
2025,3,195000,0,2,0,1,0
2024,1,87600,0,2,0,1,0
2024,3,160000,100,2,0,1,0
2024,1,89772,0,2,0,1,0
2025,3,120000,0,2,0,1,0
2025,3,92000,0,2,0,1,0
2025,2,145000,100,2,0,1,0
2024,3,167500,0,2,0,1,0
2024,2,120000,0,2,0,1,0
2025,2,35000,0,2,0,1,0
2025,3,118700,0,2,0,1,0
2025,3,153000,0,2,0,1,0
2024,3,200000,0,2,0,1,0
2025,2,125250,0,2,0,1,0
2024,3,150000,0,2,0,1,0
2025,3,118113,0,2,0,1,0
2025,3,405000,0,2,0,1,0
2024,3,96960,0,2,0,1,0
2024,3,77000,0,2,0,1,0
2025,3,195000,0,2,0,1,0
2025,3,117500,100,2,0,1,0
2024,2,189553,0,2,0,1,0
2025,3,118500,100,2,0,1,0
2025,3,165000,100,2,0,1,0
2024,3,250200,0,2,0,1,0
2024,2,40000,0,2,0,0,1
2024,3,165000,100,2,0,1,0
2024,3,67100,0,2,0,1,0
2025,3,121000,100,2,0,1,0
2024,3,221000,0,2,0,1,0
2024,2,72400,0,2,0,1,0
2025,2,75600,0,2,0,1,0
2025,3,167100,100,2,0,1,0
2024,2,188000,0,2,0,1,0
2024,1,61320,100,2,0,1,0
2024,3,75500,0,2,0,1,0
2024,3,91770,0,2,0,1,0
2024,3,289400,0,2,0,1,0
2025,2,160000,0,2,0,1,0
2024,3,168200,0,2,0,1,0
2024,2,82400,0,2,0,1,0
2025,3,110000,0,2,0,1,0
2024,4,425800,0,2,0,1,0
2024,2,222200,0,3,0,1,0
2025,3,152109,100,2,0,1,0
2025,2,140000,0,2,0,1,0
2025,3,165000,100,2,0,1,0
2024,3,175800,0,2,0,1,0
2025,3,168000,0,2,0,1,0
2025,1,234000,0,2,0,1,0
2025,3,161250,0,2,0,1,0
2025,3,115000,0,2,0,1,0
2025,3,155000,100,2,0,1,0
2025,3,220000,0,2,0,1,0
2025,3,125000,0,2,0,1,0
2025,1,56700,0,2,0,1,0
2023,3,140000,0,2,0,1,0
2024,3,278700,0,2,0,1,0
2023,3,100000,0,2,0,1,0
2024,3,138000,0,2,0,1,0
2024,1,145000,0,2,0,1,0
2024,1,120000,0,2,0,1,0
2024,4,300000,100,2,0,1,0
2023,3,201650,0,2,0,1,0
2024,2,161000,0,2,0,1,0
2024,2,98300,0,2,0,1,0
2024,2,185000,0,2,0,1,0
2024,1,81900,0,2,0,1,0
2023,3,225300,0,2,0,1,0
2025,3,205000,0,2,0,1,0
2024,3,118800,100,2,0,1,0
2024,1,96000,0,2,0,1,0
2024,3,171800,0,2,0,1,0
2024,1,140000,100,2,0,1,0
2025,1,145000,0,2,0,1,0
2023,2,90000,100,2,0,1,0
2024,3,151000,0,2,0,1,0
2024,3,210000,0,2,0,1,0
2024,3,173400,0,2,0,1,0
2025,2,212750,0,2,0,1,0
2024,3,169000,100,2,0,1,0
2024,2,178300,0,2,0,1,0
2025,3,157000,100,2,0,1,0
2023,3,305000,100,2,0,1,0
2024,3,79000,0,2,0,1,0
2024,2,172000,0,2,0,1,0
2024,2,250000,0,2,0,1,0
2024,3,21600,0,2,0,1,0
2025,2,110000,0,2,0,1,0
2025,1,113000,0,2,0,1,0
2025,2,120900,0,2,0,1,0
2025,1,58655,0,2,0,1,0
2025,3,144200,0,2,0,1,0
2025,2,137000,100,2,0,1,0
2025,3,92220,0,2,0,1,0
2025,3,119550,0,2,0,1,0
2024,2,70666,0,3,0,1,0
2025,2,69620,100,2,0,1,0
2025,1,106960,100,2,0,1,0
2025,3,270000,0,2,0,1,0
2025,1,69661,0,2,0,1,0
2025,2,80000,100,2,0,1,0
2025,3,179000,0,2,0,1,0
2024,2,185000,0,2,0,1,0
2025,2,137500,0,2,0,1,0
2024,3,143000,0,2,0,1,0
2024,3,189000,0,2,0,1,0
2024,3,148000,100,2,0,1,0
2024,3,250200,0,2,0,1,0
2025,4,160000,0,2,0,1,0
2024,3,137300,0,2,0,1,0
2025,3,100000,0,2,0,1,0
2025,3,113800,100,2,0,1,0
2022,3,100000,0,2,0,1,0
2024,3,235400,0,2,0,1,0
2025,3,161028,100,2,0,1,0
2025,2,240000,0,2,0,1,0
2025,2,240000,0,2,0,1,0
2025,2,67100,100,2,0,1,0
2025,3,72700,0,2,0,1,0
2024,3,233200,0,2,0,1,0
2024,3,151900,0,2,0,1,0
2025,2,34000,100,2,0,0,0
2024,3,288820,0,2,0,1,0
2025,2,56248,0,2,0,1,0
2024,2,75000,0,2,0,1,0
2025,2,84500,0,2,0,1,0
2024,3,251250,0,2,0,1,0
2024,3,145000,0,2,0,1,0
2025,3,116000,0,2,0,1,0
2023,3,257400,0,2,0,1,0
2024,3,177688,0,2,0,1,0
2025,3,133900,0,2,0,1,0
2024,3,154000,0,2,0,1,0
2025,3,96800,0,2,0,1,0
2024,2,115000,0,2,0,1,0
2021,2,54238,50,3,0,1,0
2024,2,75600,0,2,0,1,0
2025,3,173250,100,2,0,1,0
2024,3,124800,0,2,0,1,0
2024,3,168000,0,2,0,1,0
2024,2,143000,0,2,0,1,0
2024,1,58000,0,2,0,0,1
2025,2,72300,0,2,0,1,0
2025,2,180000,0,2,0,1,0
2025,2,117800,0,2,0,1,0
2025,3,261000,0,2,0,1,0
2025,2,170000,100,2,0,1,0
2024,2,120000,0,2,0,1,0
2024,3,240240,100,2,0,1,0
2024,3,163238,100,2,0,1,0
2025,3,202950,100,2,0,1,0
2025,3,177000,0,2,0,1,0
2025,3,218000,0,2,0,1,0
2024,3,294000,0,2,0,1,0
2025,3,350763,0,2,0,1,0
2024,1,57146,0,2,0,1,0
2024,3,170000,0,2,0,1,0
2024,1,80000,0,2,0,1,0
2025,4,110000,0,2,0,1,0
2025,2,122760,0,2,0,1,0
2024,3,150000,0,2,0,1,0
2024,3,175250,0,2,0,1,0
2025,2,86000,100,2,0,1,0
2025,2,113000,0,2,0,1,0
2024,3,212310,0,2,0,1,0
2023,3,122000,0,2,0,1,0
2024,2,143100,0,2,0,1,0
2025,3,215000,0,2,0,1,0
2023,2,200000,0,2,0,1,0
2024,3,100000,0,2,0,1,0
2025,3,208000,0,2,0,1,0
2024,2,65000,0,2,0,1,0
2025,2,60000,0,2,0,1,0
2025,3,129506,0,2,0,1,0
2022,2,145000,0,2,0,1,0
2025,3,210100,0,2,0,1,0
2024,3,143000,0,2,0,1,0
2025,3,175000,100,2,0,1,0
2025,3,107594,0,2,0,1,0
2024,1,60400,0,2,0,1,0
2025,2,192000,0,2,0,1,0
2024,3,202350,0,2,0,1,0
2025,3,165000,0,2,0,1,0
2025,3,145500,0,2,0,1,0
2024,3,234000,0,2,0,1,0
2024,3,276000,100,2,0,1,0
2024,3,190000,0,2,0,1,0
2025,3,93000,0,2,0,1,0
2025,3,294000,0,2,0,1,0
2025,1,65000,0,2,0,1,0
2024,3,201400,0,2,0,1,0
2025,2,97974,0,2,0,1,0
2024,2,120000,0,2,0,1,0
2024,1,114000,0,2,0,1,0
2025,3,63291,0,2,0,1,0
2024,3,218000,0,2,0,1,0
2025,4,190000,0,2,0,1,0
2024,2,74270,0,2,0,1,0
2024,3,160000,100,2,0,1,0
2025,3,95200,100,2,0,1,0
2025,2,93600,0,2,0,1,0
2025,2,250000,0,2,0,1,0
2025,2,57800,0,2,0,1,0
2025,2,120000,0,2,0,1,0
2025,3,195000,0,2,0,1,0
2025,3,117200,0,2,0,1,0
2024,1,85000,100,2,0,1,0
2025,2,153000,0,2,0,1,0
2024,1,43140,0,2,0,1,0
2025,2,240800,0,2,0,1,0
2025,3,105000,100,2,0,1,0
2025,3,124000,0,2,0,1,0
2025,3,175000,0,2,0,1,0
2025,3,169000,0,2,0,1,0
2025,3,155500,0,2,0,1,0
2025,2,73080,0,2,0,1,0
2024,1,122200,0,2,0,1,0
2024,3,105000,100,2,0,1,0
2024,3,150000,0,2,0,0,0
2025,3,63157,0,2,0,1,0
2025,3,245760,100,2,0,1,0
2025,3,101239,100,2,0,1,0
2024,3,300000,0,2,0,1,0
2024,2,73100,0,2,0,1,0
2025,3,80000,0,2,0,1,0
2024,3,155000,100,2,0,1,0
2025,3,175000,0,2,0,1,0
2025,3,255000,0,2,0,1,0
2024,1,99900,0,2,0,1,0
2025,2,80000,0,2,0,1,0
2025,2,160000,0,2,0,1,0
2025,3,128300,100,2,0,1,0
2024,3,141000,0,2,0,1,0
2025,2,145000,100,2,0,1,0
2025,3,70000,0,2,0,1,0
2025,3,150029,100,2,0,1,0
2025,3,175000,0,2,0,1,0
2024,2,118000,0,2,0,1,0
2024,3,160000,100,2,0,1,0
2025,2,120000,100,2,0,0,0
2025,3,251000,0,2,0,1,0
2025,3,120000,100,2,0,1,0
2025,2,186000,100,2,0,1,0
2024,2,172000,0,2,0,1,0
2024,3,105000,100,2,0,1,0
2024,3,300000,100,2,0,1,0
2024,2,38000,100,2,0,1,0
2025,2,100600,0,2,0,1,0
2024,3,280000,0,2,0,1,0
2025,3,101500,0,2,0,1,0
2024,2,212800,0,3,0,1,0
2024,1,98000,0,2,0,1,0
2025,3,117600,0,2,0,1,0
2025,2,197200,0,2,0,1,0
2025,2,147000,100,2,0,1,0
2024,3,128000,0,2,0,1,0
2025,1,114911,0,2,0,1,0
2024,3,174000,0,2,0,1,0
2025,2,220000,0,2,0,1,0
2025,3,158700,0,2,0,1,0
2024,3,206700,0,2,0,1,0
2023,3,296400,0,2,0,1,0
2023,3,225000,100,2,0,1,0
2024,2,143000,0,2,0,1,0
2024,3,110000,100,2,0,1,0
2024,1,532000,0,2,0,1,0
2024,3,95000,0,2,0,1,0
2022,3,175000,0,2,0,1,0
2025,3,168000,0,2,0,1,0
2025,3,276000,100,2,0,1,0
2024,1,44419,0,2,0,1,0
2022,3,37824,0,2,0,1,0
2024,3,194000,0,2,0,1,0
2025,2,188000,0,2,0,1,0
2024,3,288700,0,2,0,1,0
2025,2,91900,100,2,0,1,0
2025,3,90000,0,2,0,1,0
2025,3,163000,0,2,0,1,0
2025,3,125000,0,2,0,1,0
2024,2,100000,0,2,0,1,0
2025,3,190000,0,2,0,1,0
2025,3,199500,0,2,0,1,0
2025,3,340100,0,2,0,1,0
2024,2,200000,0,2,0,1,0
2025,3,720000,100,2,0,1,0
2025,2,50000,0,2,0,1,0
2025,4,107120,0,2,0,1,0
2024,3,200000,0,2,0,1,0
2024,1,112200,0,2,0,1,0
2024,3,176369,100,2,0,1,0
2025,2,87000,100,2,0,1,0
2025,2,78285,100,2,0,1,0
2024,2,140000,100,3,0,1,0
2024,3,210000,0,2,0,1,0
2024,3,170560,0,2,0,1,0
2025,2,220000,0,2,0,1,0
2025,2,64000,0,2,0,1,0
2025,3,156400,0,2,0,1,0
2025,3,150000,100,2,0,1,0
2024,1,58000,0,2,0,1,0
2025,2,90000,0,2,0,1,0
2024,3,181775,0,2,0,1,0
2025,3,240000,0,2,0,1,0
2025,2,95500,0,2,0,1,0
2025,2,67500,0,2,0,1,0
2024,1,237500,0,2,0,1,0
2024,3,80000,0,2,0,1,0
2024,3,223285,100,2,0,1,0
2025,3,80000,0,2,0,1,0
2025,2,26315,0,2,0,1,0
2024,3,440000,0,2,0,1,0
2024,3,70000,0,2,0,1,0
2025,3,189175,0,2,0,1,0
2024,3,147100,0,2,0,1,0
2025,2,133000,0,2,0,1,0
2024,3,216705,0,2,0,1,0
2025,3,227950,0,2,0,1,0
2024,3,110000,100,2,0,1,0
2025,3,66100,0,2,0,1,0
2025,3,197000,0,2,0,1,0
2025,2,104000,0,2,0,1,0
2024,2,115000,0,2,0,1,0
2025,1,50160,0,2,0,1,0
2025,3,152000,0,2,0,1,0
2025,2,93400,0,2,0,1,0
2024,3,215000,0,2,0,1,0
2025,2,143100,0,2,0,1,0
2025,3,149000,0,2,0,1,0
2024,3,180000,0,2,0,1,0
2024,2,80000,0,2,0,1,0
2024,2,106300,0,2,0,1,0
2025,3,173296,0,2,0,1,0
2023,3,104300,0,3,0,1,0
2025,2,66800,100,2,0,1,0
2025,3,188000,0,2,0,1,0
2023,2,250000,0,2,0,1,0
2025,3,119550,0,2,0,1,0
2024,3,98076,100,2,0,1,0
2025,3,320000,0,2,0,1,0
2024,3,265080,0,2,0,1,0
2022,3,80000,100,2,0,1,0
2024,3,113000,100,2,0,1,0
2025,1,50778,0,2,0,1,0
2025,3,114986,0,2,0,1,0
2025,3,221000,0,2,0,1,0
2024,3,178000,0,2,0,1,0
2025,1,85500,0,2,0,1,0
2024,1,39500,0,2,0,1,0
2024,3,209600,100,2,0,1,0
2025,2,161500,0,2,0,1,0
2025,3,160000,0,2,0,1,0
2024,1,85420,0,2,0,1,0
2023,3,250000,0,2,0,1,0
2025,2,120000,0,2,0,1,0
2024,3,120000,0,2,0,1,0
2025,3,133100,0,2,0,1,0
2024,2,143100,0,2,0,1,0
2024,2,197800,0,2,0,1,0
2024,3,96000,0,2,0,1,0
2024,3,160000,0,2,0,1,0
2023,3,260000,0,3,0,1,0
2024,2,130000,0,2,0,1,0
2025,3,100800,0,2,0,1,0
2022,3,248400,100,2,0,1,0
2025,3,115200,0,2,0,1,0
2024,2,95348,100,2,0,1,0
2025,2,120000,0,2,0,1,0
2024,3,250600,0,2,0,1,0
2024,3,149200,0,2,0,1,0
2025,2,108000,0,2,0,1,0
2025,2,196900,100,2,0,1,0
2024,3,81250,0,2,0,1,0
2025,2,80400,0,2,0,1,0
2025,2,200000,0,2,0,1,0
2024,3,96000,100,2,0,1,0
2025,2,180000,0,2,0,1,0
2024,3,117200,0,2,0,1,0
2025,3,165900,100,2,0,1,0
2024,2,75000,0,2,0,1,0
2024,3,110000,100,2,0,1,0
2024,3,257600,0,2,0,1,0
2024,3,158400,0,2,0,1,0
2025,3,96960,0,2,0,1,0
2023,3,168800,100,2,0,1,0
2024,2,136000,0,2,0,1,0
2022,3,129400,100,2,0,1,0
2025,3,88607,0,2,0,1,0
2025,3,168000,0,2,0,1,0
2024,3,160000,0,2,0,1,0
2024,3,181100,0,2,0,1,0
2024,3,146000,0,2,0,1,0
2025,2,172931,0,2,0,1,0
2024,1,55200,100,2,0,1,0
2023,3,158000,0,2,0,1,0
2024,3,164000,0,2,0,1,0
2024,3,190000,0,2,0,1,0
2023,3,135000,100,2,0,1,0
2024,3,165100,0,2,0,1,0
2025,3,244000,100,2,0,1,0
2025,3,68700,100,2,0,1,0
2024,3,117300,0,3,0,1,0
2025,2,115000,0,2,0,1,0
2024,3,245400,0,2,0,1,0
2024,3,150000,0,2,0,1,0
2023,3,200000,0,2,0,1,0
2024,2,61262,0,2,0,1,0
2024,3,180000,0,2,0,1,0
2025,3,138200,0,3,0,1,0
2025,2,214000,100,2,0,1,0
2022,3,225000,100,2,0,1,0
2024,3,204400,0,2,0,1,0
2025,4,150000,0,2,0,1,0
2023,3,273400,100,2,0,1,0
2024,2,142140,100,2,0,1,0
2025,2,150000,0,2,0,1,0
2024,1,155800,0,2,0,1,0
2024,1,139000,0,2,0,1,0
2025,3,110000,0,2,0,1,0
2023,3,266875,0,2,0,1,0
2025,3,90000,0,2,0,1,0
2022,1,41809,50,3,0,1,0
2024,3,125300,100,2,0,1,0
2025,3,151200,0,2,0,1,0
2022,3,50432,0,2,0,1,0
2025,3,180000,0,2,0,1,0
2024,2,173000,0,2,0,1,0
2024,2,149040,0,2,0,1,0
2024,1,144650,0,2,0,1,0
2024,2,120000,0,2,0,1,0
2024,2,185000,0,2,0,1,0
2025,3,272000,0,2,0,1,0
2023,3,232200,100,2,0,1,0
2025,3,230000,100,2,0,1,0
2024,3,135000,0,2,0,1,0
2024,2,110000,0,2,0,1,0
2025,2,200000,0,2,0,1,0
2024,2,103600,100,2,0,1,0
2024,2,61600,100,2,0,1,0
2024,1,50000,0,2,0,1,0
2024,1,151770,0,2,0,1,0
2024,3,114500,0,2,0,1,0
2024,3,176800,0,2,0,1,0
2025,3,150700,100,2,0,1,0
2024,3,111200,0,2,0,1,0
2024,3,147000,0,2,0,1,0
2025,3,96000,0,2,0,1,0
2024,3,161800,100,2,0,1,0
2025,2,128700,0,2,0,1,0
2025,3,92400,0,2,0,1,0
2025,2,201000,0,2,0,1,0
2025,3,120400,0,2,0,1,0
2024,1,60400,0,2,0,1,0
2024,2,150000,0,2,0,1,0
2024,3,123000,100,2,0,1,0
2024,1,72000,100,2,0,1,0
2022,3,85700,0,2,0,1,0
2024,2,173000,0,2,0,1,0
2024,2,90500,100,2,0,1,0
2024,3,148000,100,2,0,1,0
2025,2,120000,0,2,0,1,0
2024,2,60000,0,2,0,1,0
2025,1,50000,0,2,0,1,0
2024,3,140000,0,2,0,1,0
2025,2,176000,0,2,0,1,0
2025,2,100000,0,2,0,1,0
2025,3,174700,100,2,0,1,0
2025,3,178100,0,2,0,1,0
2025,4,239900,0,2,0,1,0
2025,3,196000,0,2,0,1,0
2025,3,123810,0,2,0,1,0
2025,3,175000,0,2,0,1,0
2025,3,231000,100,2,0,1,0
2025,3,136000,0,3,0,1,0
2023,3,104000,100,2,0,1,0
2025,1,125327,100,2,0,1,0
2025,2,130000,100,2,0,1,0
2024,4,265080,0,2,0,1,0
2025,3,377000,0,2,0,1,0
2025,1,75949,0,2,0,1,0
2022,2,90000,0,2,0,1,0
2025,2,79746,0,2,0,1,0
2024,3,193000,0,2,0,1,0
2025,3,195063,0,2,0,1,0
2025,1,87200,0,2,0,1,0
2024,2,79901,100,2,0,1,0
2025,4,185000,0,2,0,1,0
2024,2,100000,0,2,0,1,0
2024,3,192900,0,2,0,1,0
2024,4,134000,0,2,0,1,0
2024,3,188847,100,2,0,1,0
2025,2,80520,0,2,0,1,0
2024,2,56000,0,2,0,1,0
2024,3,159300,0,2,0,1,0
2025,2,205000,0,2,0,1,0
2023,3,150000,0,2,0,1,0
2025,3,119700,0,2,0,1,0
2025,2,105000,0,2,0,1,0
2025,3,172100,0,2,0,1,0
2025,3,130000,0,2,0,1,0
2024,4,252000,0,2,0,1,0
2024,3,234000,0,2,0,1,0
2025,2,237000,0,2,0,1,0
2024,2,425000,0,2,0,1,0
2025,3,176500,0,2,0,1,0
2025,3,116000,0,2,0,1,0
2024,1,97000,0,2,0,1,0
2024,2,126000,0,2,0,1,0
2024,2,37006,0,2,0,1,0
2025,2,190000,0,2,0,1,0
2025,3,264000,0,2,0,1,0
2025,3,170760,0,2,0,1,0
2023,3,310270,0,2,0,1,0
2024,2,136800,0,2,0,1,0
2024,3,107700,0,2,0,1,0
2025,1,135000,100,2,0,1,0
2024,2,256500,0,2,0,1,0
2025,2,65900,0,2,0,1,0
2024,2,100000,0,2,0,1,0
2025,3,180000,0,2,0,1,0
2023,3,220000,0,2,0,1,0
2025,3,80000,0,2,0,1,0
2024,2,73100,0,2,0,1,0
2025,3,110000,0,2,0,1,0
2024,3,223500,0,2,0,1,0
2023,3,103200,0,2,0,1,0
2023,3,235400,100,2,0,1,0
2024,3,110000,100,2,0,1,0
2024,3,197700,100,2,0,1,0
2025,3,198770,0,2,0,1,0
2025,2,85000,0,2,0,1,0
2025,2,165000,0,2,0,1,0
2024,3,90000,0,2,0,1,0
2025,3,120000,100,2,0,1,0
2024,1,150000,100,2,0,1,0
2025,2,105000,0,2,0,1,0
2024,3,155000,0,2,0,1,0
2025,3,220000,100,2,0,1,0
2024,3,188000,0,2,0,1,0
2025,2,96120,0,2,0,1,0
2025,2,56962,0,2,0,1,0
2025,4,147100,0,2,0,1,0
2024,3,146000,0,2,0,1,0
2025,2,199000,0,2,0,1,0
2025,3,159100,0,2,0,1,0
2025,2,50000,100,2,0,1,0
2025,3,176000,0,2,0,1,0
2024,3,120715,0,2,0,1,0
2024,3,260000,0,3,0,1,0
2025,3,140000,100,2,0,1,0
2025,2,126862,0,2,0,1,0
2025,3,66329,0,2,0,1,0
2023,3,79600,0,3,0,1,0
2023,3,204500,0,2,0,1,0
2024,3,223000,0,2,0,1,0
2024,3,58500,0,2,0,1,0
2025,2,82278,0,2,0,1,0
2023,3,125000,100,2,0,1,0
2024,3,255500,0,2,0,1,0
2024,3,243500,0,2,0,1,0
2025,3,212800,0,3,0,1,0
2024,2,316900,0,2,0,1,0
2025,2,230000,0,2,0,1,0
2025,4,227848,0,2,0,1,0
2022,3,43096,100,2,0,1,0
2025,2,96202,0,2,0,1,0
2024,2,145000,0,2,0,1,0
2025,2,183000,0,2,0,1,0
2024,3,147000,0,2,0,1,0
2025,3,205700,100,2,0,1,0
2024,2,138900,0,2,0,1,0
2024,3,185800,0,2,0,1,0
2024,3,179000,0,2,0,1,0
2025,2,55100,100,2,0,1,0
2024,3,98600,100,2,0,1,0
2022,3,90320,0,2,0,1,0
2024,2,116047,0,2,0,1,0
2025,3,215800,0,2,0,1,0
2025,2,62025,0,2,0,1,0
2024,2,358000,0,2,0,1,0
2025,3,155000,0,2,0,1,0
2024,3,160000,100,2,0,1,0
2025,4,170000,0,2,0,1,0
2024,3,143000,0,2,0,1,0
2025,3,213000,0,2,0,1,0
2025,3,101800,0,2,0,1,0
2025,3,144000,100,2,0,1,0
2024,1,60300,0,2,0,1,0
2024,2,100000,0,2,0,1,0
2024,2,202550,0,2,0,1,0
2025,1,64000,0,2,0,1,0
2024,3,190000,100,2,0,1,0
2024,2,252000,0,2,0,1,0
2024,3,124779,0,2,0,1,0
2025,3,184200,0,2,0,1,0
2025,2,110000,0,2,0,1,0
2025,3,250000,0,2,0,1,0
2025,2,355000,0,2,0,1,0
2024,3,187700,0,2,0,1,0
2025,3,164556,0,2,0,1,0
2025,1,58656,0,2,0,1,0
2024,3,178000,0,2,0,1,0
2025,3,100000,0,2,0,1,0
2024,3,160000,100,2,0,1,0
2024,3,192700,0,2,0,1,0
2023,3,142200,0,2,0,1,0
2023,3,172000,0,2,0,1,0
2024,2,75000,0,2,0,1,0
2025,3,800000,0,2,0,1,0
2025,3,150200,0,2,0,1,0
2025,2,85000,100,2,0,1,0
2025,3,184000,0,2,0,1,0
2024,2,212000,0,2,0,1,0
2025,3,115000,100,2,0,1,0
2025,2,164000,0,2,0,1,0
2024,2,93400,0,2,0,1,0
2024,3,85000,0,2,0,1,0
2024,2,300000,0,2,0,1,0
2025,3,110000,0,2,0,1,0
2023,3,153400,0,2,0,1,0
2024,2,136000,0,3,0,1,0
2023,3,204000,0,2,0,1,0
2023,2,147648,0,2,0,1,0
2025,3,265000,0,2,0,1,0
2023,3,187415,0,2,0,1,0
2024,3,68000,100,2,0,1,0
2025,3,158000,100,2,0,1,0
2025,4,383910,0,2,0,1,0
2025,2,155000,0,2,0,1,0
2023,2,61520,0,2,0,1,0
2024,3,85000,0,2,0,1,0
2025,1,71500,0,2,0,1,0
2025,3,126100,100,2,0,1,0
2025,3,57857,100,2,0,1,0
2025,2,100000,100,2,0,1,0
2025,3,160000,0,2,0,1,0
2025,3,185000,0,2,0,1,0
2025,3,168000,0,2,0,1,0
2024,2,165000,0,2,0,1,0
2025,3,200000,0,2,0,1,0
2025,2,145000,0,2,0,1,0
2024,2,180200,0,2,0,1,0
2024,3,177000,0,2,0,1,0
2025,2,102000,0,2,0,1,0
2023,3,247300,0,2,0,1,0
2025,3,114481,0,2,0,1,0
2025,3,175000,100,2,0,1,0
2024,3,260000,0,2,0,1,0
2025,3,179000,0,2,0,1,0
2024,3,128000,0,2,0,1,0
2024,3,164000,0,2,0,1,0
2024,3,312200,0,2,0,1,0
2025,3,170000,0,2,0,1,0
2025,3,200800,0,2,0,1,0
2025,3,200000,0,2,0,1,0
2025,3,175800,0,2,0,1,0
2023,3,51962,0,2,0,1,0
2024,3,117200,0,2,0,1,0
2025,3,167200,0,2,0,1,0
2024,3,118100,0,2,0,1,0
2024,3,189000,0,2,0,1,0
2024,3,145000,100,2,0,1,0
2023,3,287500,0,2,0,1,0
2024,1,123000,0,2,0,1,0
2024,2,252000,0,2,0,1,0
2025,2,136800,0,2,0,1,0
2024,3,194000,100,2,0,1,0
2024,1,57737,100,2,0,1,0
2024,3,189000,0,2,0,1,0
2024,2,26666,0,3,0,1,0
2025,3,90000,0,2,0,1,0
2024,3,212000,0,2,0,1,0
2024,2,171000,0,2,0,1,0
2025,3,171800,0,2,0,1,0
2024,3,96038,0,2,0,1,0
2023,1,133000,0,2,0,1,0
2024,3,160600,0,2,0,1,0
2024,3,180000,0,2,0,1,0
2025,3,168500,0,2,0,1,0
2024,3,125000,0,2,0,1,0
2025,3,150000,0,2,0,1,0
2025,1,53100,0,2,0,1,0
2024,2,115000,100,2,0,1,0
2025,4,215200,0,2,0,1,0
2024,3,230000,0,2,0,1,0
2025,3,270000,0,2,0,1,0
2025,3,160000,0,2,0,1,0
2025,3,91500,0,2,0,1,0
2024,2,160000,0,2,0,1,0
2024,3,170700,0,2,0,1,0
2025,2,163695,0,2,0,1,0
2025,3,99843,0,2,0,1,0
2025,3,124000,0,2,0,1,0
2024,3,30204,100,2,0,1,0
2025,3,166000,0,2,0,1,0
2022,3,130000,0,2,0,1,0
2024,2,110000,100,2,0,1,0
2025,2,102000,0,2,0,1,0
2025,2,137750,0,2,0,1,0
2022,3,154560,0,2,0,1,0
2024,3,230000,0,2,0,1,0
2024,3,140000,0,2,0,1,0
2024,2,46400,0,2,0,1,0
2024,3,168000,0,2,0,1,0
2025,2,140000,0,2,0,1,0
2024,2,92847,0,2,0,1,0
2025,2,169260,0,2,0,1,0
2024,3,81250,0,2,0,1,0
2025,1,33409,0,2,0,1,0
2025,3,114900,0,2,0,1,0
2024,3,71111,0,2,0,1,0
2025,3,194643,0,2,0,1,0
2024,3,250000,100,2,0,1,0
2025,2,138000,0,2,0,1,0
2022,3,100000,100,2,0,1,0
2024,3,145400,0,2,0,1,0
2024,2,229925,0,2,0,1,0
2024,2,133000,100,2,0,1,0
2025,3,121500,0,2,0,1,0
2024,3,138000,0,2,0,1,0
2025,3,204900,0,2,0,1,0
2024,3,199700,0,2,0,1,0
2025,3,179000,0,2,0,1,0
2024,2,85000,0,2,0,1,0
2024,2,177300,0,2,0,1,0
2024,4,167000,0,2,0,1,0
2025,3,238000,0,2,0,1,0
2025,3,135000,0,2,0,1,0
2025,2,48720,0,2,0,1,0
2024,2,85600,0,2,0,1,0
2025,3,117692,0,2,0,1,0
2025,2,84700,0,2,0,1,0
2021,2,93150,0,2,0,1,0
2025,2,141400,0,2,0,1,0
2023,3,208500,0,2,0,1,0
2024,3,141340,0,2,0,1,0
2024,2,176800,0,2,0,1,0
2024,1,60000,0,2,0,1,0
2024,2,206690,0,2,0,1,0
2024,3,280000,0,2,0,1,0
2024,2,440000,0,2,0,1,0
2025,1,110000,0,2,0,1,0
2025,3,111240,0,2,0,1,0
2025,3,209600,100,2,0,1,0
2024,3,252000,0,2,0,1,0
2025,3,175000,0,2,0,1,0
2023,3,175000,100,2,0,1,0
2024,3,160000,0,2,0,1,0
2024,3,127000,0,2,0,1,0
2024,3,339250,0,2,0,1,0
2024,2,175000,0,2,0,1,0
2023,3,65000,100,2,0,1,0
2023,3,272000,0,2,0,1,0
2024,3,185834,0,2,0,1,0
2025,2,139905,0,2,0,1,0
2025,1,95000,0,2,0,1,0
2025,3,188640,0,2,0,1,0
2025,3,250200,0,2,0,1,0
2025,3,165000,0,2,0,1,0
2024,3,122200,0,2,0,1,0
2025,3,52000,0,2,0,1,0
2023,3,185000,100,2,0,1,0
2024,3,378700,0,2,0,1,0
2024,3,277000,0,2,0,1,0
2025,3,100000,100,2,0,1,0
2024,3,222200,0,3,0,1,0
2023,3,276000,0,2,0,1,0
2025,2,129800,0,2,0,1,0
2025,1,216000,0,2,0,1,0
2024,3,180217,0,2,0,1,0
2025,3,161700,100,2,0,1,0
2025,2,159200,0,2,0,1,0
2025,3,142320,0,2,0,1,0
2024,3,200000,0,2,0,1,0
2024,3,237000,0,2,0,1,0
2025,4,180000,100,2,0,1,0
2024,2,110000,0,2,0,1,0
2024,3,289000,100,2,0,1,0
2024,3,160000,100,2,0,1,0
2025,2,170000,100,2,0,1,0
2025,3,340100,0,2,0,1,0
2025,3,130000,0,2,0,1,0
2025,3,171800,0,2,0,1,0
2023,3,70000,0,2,0,1,0
2024,2,250000,0,2,0,1,0
2024,2,75705,0,2,0,1,0
2024,3,200000,100,2,0,1,0
2024,3,105301,0,2,0,1,0
2024,3,239748,0,2,0,1,0
2024,3,140200,0,2,0,1,0
2023,1,92280,0,2,0,1,0
2025,3,221000,0,2,0,1,0
2025,3,125000,0,2,0,1,0
2025,1,97500,0,2,0,1,0
2025,2,110816,0,2,0,1,0
2025,2,135000,0,2,0,1,0
2024,3,234000,0,2,0,1,0
2025,3,316480,0,2,0,1,0
2024,1,47778,0,2,0,1,0
2024,2,163950,0,2,0,1,0
2025,2,126582,100,2,0,1,0
2024,3,213000,100,2,0,1,0
2025,2,120000,0,2,0,1,0
2025,1,40000,0,2,0,1,0
2024,3,169000,100,2,0,1,0
2025,2,105000,0,2,0,1,0
2024,1,91000,0,2,0,1,0
2025,3,157894,0,2,0,1,0
2025,4,186250,0,2,0,1,0
2025,3,90000,0,2,0,1,0
2024,3,155200,100,2,0,1,0
2025,3,180000,0,2,0,1,0
2024,2,158000,0,2,0,1,0
2025,3,101000,0,2,0,1,0
2024,3,110000,100,2,0,1,0
2025,3,150000,100,2,0,1,0
2025,3,160000,100,2,0,1,0
2024,1,120000,0,2,0,1,0
2024,2,143000,0,2,0,1,0
2025,3,224300,100,2,0,1,0
2023,2,167500,0,2,0,1,0
2025,3,136842,0,2,0,1,0
2024,1,98300,0,2,0,1,0
2023,3,60000,100,2,0,1,0
2024,2,136000,0,2,0,1,0
2024,3,138400,100,2,0,1,0
2025,2,120800,0,2,0,1,0
2025,3,122500,0,2,0,1,0
2025,2,123050,0,2,0,1,0
2025,3,204840,0,2,0,1,0
2025,4,205000,100,2,0,1,0
2024,3,142800,0,2,0,1,0
2023,2,166000,0,2,0,1,0
2024,3,337250,0,2,0,1,0
2024,2,169000,0,2,0,1,0
2024,3,208800,0,2,0,1,0
2025,3,249900,0,2,0,1,0
2024,3,100000,100,2,0,1,0
2025,3,133000,0,2,0,1,0
2025,2,190000,0,2,0,1,0
2025,3,102000,0,2,0,1,0
2023,3,150000,0,2,0,1,0
2024,3,126923,0,2,0,1,0
2025,3,192000,0,2,0,1,0
2023,2,105500,0,2,0,1,0
2024,1,35625,0,2,0,1,0
2024,3,208000,0,2,0,1,0
2025,3,115300,0,2,0,1,0
2025,2,129300,0,3,0,1,0
2024,3,163116,100,2,0,1,0
2025,3,170000,100,2,0,1,0
2025,2,72100,0,2,0,1,0
2024,3,138000,0,2,0,1,0
2025,2,79175,0,2,0,1,0
2024,3,167500,0,2,0,1,0
2025,3,201400,0,2,0,1,0
2023,2,135000,0,2,0,1,0
2024,3,202800,0,3,0,1,0
2024,3,395280,0,2,0,1,0
2024,3,170000,0,2,0,1,0
2024,1,60000,0,2,0,1,0
2024,3,180000,0,2,0,1,0
2024,1,57452,0,2,0,1,0
2025,3,170000,100,2,0,1,0
2025,2,237100,0,2,0,1,0
2024,2,112000,0,2,0,1,0
2025,3,195700,0,2,0,1,0
2025,3,190000,100,2,0,1,0
2024,3,173000,0,2,0,1,0
2025,3,180000,100,2,0,1,0
2024,3,120000,0,2,0,1,0
2024,3,169000,0,2,0,1,0
2024,3,367175,0,2,0,1,0
2025,2,128800,0,2,0,1,0
2025,3,160000,100,2,0,1,0
2025,3,147000,100,2,0,1,0
2024,1,95200,0,2,0,1,0
2025,3,169100,100,2,0,1,0
2024,3,261500,0,3,0,1,0
2024,1,130000,0,2,0,1,0
2025,2,172000,0,2,0,1,0
2025,3,117600,0,2,0,1,0
2025,3,82278,0,2,0,1,0
2023,3,65000,100,2,0,1,0
2025,1,57000,0,2,0,0,1
2024,3,132475,0,2,0,1,0
2024,2,113000,0,2,0,1,0
2024,1,120000,0,2,0,1,0
2025,3,220000,0,2,0,1,0
2025,3,300000,0,2,0,1,0
2025,3,115900,0,2,0,1,0
2025,3,125000,100,2,0,1,0
2024,3,228800,0,2,0,1,0
2025,3,80000,100,2,0,1,0
2024,3,150000,0,2,0,1,0
2023,3,110000,100,2,0,1,0
2022,3,110600,0,2,0,1,0
2025,3,106400,100,2,0,1,0
2024,3,186153,0,2,0,1,0
2024,2,184320,0,2,0,1,0
2024,3,190000,100,2,0,1,0
2025,2,150000,0,2,0,1,0
2024,3,125700,0,2,0,1,0
2024,3,117200,0,2,0,1,0
2025,2,177000,0,2,0,1,0
2024,1,108463,0,2,0,1,0
2025,2,124000,0,2,0,1,0
2023,3,160000,0,2,0,1,0
2025,3,154000,0,2,0,1,0
2024,2,101083,0,2,0,1,0
2024,3,103977,0,2,0,1,0
2024,1,122328,0,2,0,1,0
2024,3,102000,0,2,0,1,0
2024,3,140000,0,2,0,1,0
2025,1,63750,0,2,0,1,0
2025,2,360000,0,2,0,1,0
2022,2,230000,0,2,0,1,0
2024,3,120000,100,2,0,1,0
2024,2,212000,0,2,0,1,0
2024,2,138000,0,2,0,1,0
2025,3,294000,0,2,0,1,0
2025,2,25000,0,2,0,1,0
2025,3,165495,100,2,0,1,0
2024,3,156000,0,2,0,1,0
2024,2,68500,100,2,0,1,0
2025,2,131584,0,2,0,1,0
2024,3,250000,0,2,0,1,0
2024,1,65000,0,2,0,1,0
2025,3,134400,0,2,0,1,0
2024,3,252900,0,2,0,1,0
2025,1,91962,0,2,0,1,0
2024,1,57000,100,2,0,1,0
2025,3,244000,100,2,0,1,0
2025,3,144000,0,2,0,1,0
2023,3,138000,0,2,0,1,0
2024,2,74270,0,2,0,1,0
2025,3,153800,0,2,0,1,0
2025,3,168400,0,2,0,1,0
2025,2,214500,0,2,0,1,0
2023,1,41419,100,2,0,1,0
2025,3,165500,100,2,0,1,0
2025,1,99500,0,3,0,1,0
2025,4,250000,0,2,0,1,0
2025,2,130000,0,2,0,1,0
2025,2,55100,100,2,0,1,0
2025,3,465000,0,2,0,1,0
2024,3,107000,0,2,0,1,0
2024,3,130000,0,2,0,1,0
2024,3,111240,0,2,0,1,0
2025,2,720000,0,2,0,1,0
2023,2,84000,100,2,0,1,0
2025,4,270000,0,2,0,1,0
2023,3,90000,0,2,0,1,0
2025,1,69500,0,2,0,1,0
2025,1,84364,0,2,0,1,0
2023,3,48585,0,2,0,1,0
2025,3,235200,0,2,0,1,0
2025,3,82000,0,2,0,1,0
2025,2,94900,0,2,0,1,0
2024,3,139300,0,2,0,1,0
2023,3,76000,0,2,0,1,0
2024,3,118750,0,2,0,1,0
2025,2,90000,0,2,0,1,0
2024,3,304496,0,2,0,1,0
2025,3,180000,0,2,0,1,0
2025,1,42884,0,2,0,1,0
2024,2,116000,0,2,0,1,0
2024,2,208350,0,2,0,1,0
2025,3,167200,0,2,0,1,0
2024,2,115000,0,2,0,1,0
2025,3,124000,0,2,0,1,0
2022,2,160000,0,2,0,1,0
2025,2,435000,0,2,0,1,0
2025,3,165000,0,2,0,1,0
2025,3,180370,100,2,0,1,0
2024,3,176700,0,2,0,1,0
2025,4,112000,0,2,0,1,0
2025,3,210000,0,2,0,1,0
2025,3,230000,0,2,0,1,0
2023,3,108308,100,2,0,1,0
2025,2,165983,0,2,0,1,0
2023,3,297300,100,2,0,1,0
2025,3,166000,0,2,0,1,0
2023,3,204500,0,2,0,1,0
2024,3,148637,0,2,0,1,0
2024,3,120100,0,2,0,1,0
2025,2,84500,0,2,0,1,0
2025,3,190800,100,2,0,1,0
2024,3,172000,0,2,0,1,0
2024,3,165825,0,2,0,1,0
2025,3,141400,0,2,0,1,0
2024,3,200000,0,2,0,1,0
2024,1,70000,100,2,0,1,0
2025,3,90000,100,2,0,1,0
2024,3,115000,0,2,0,1,0
2025,2,107536,0,2,0,1,0
2024,2,74270,0,2,0,1,0
2025,3,170000,0,2,0,1,0
2024,4,173600,0,2,0,1,0
2024,3,227500,100,2,0,1,0
2025,3,150552,0,2,0,1,0
2024,2,185000,0,2,0,1,0
2025,3,208575,0,2,0,1,0
2025,2,364254,100,2,0,1,0
2024,2,175000,100,2,0,1,0
2024,2,79900,0,2,0,1,0
2025,3,128500,0,2,0,1,0
2025,3,200700,0,2,0,1,0
2025,3,158700,100,2,0,1,0
2025,2,152000,0,2,0,1,0
2024,3,140000,100,2,0,1,0
2024,2,260000,0,2,0,1,0
2024,3,144600,100,2,0,1,0
2025,2,110291,0,2,0,1,0
2024,3,152000,0,2,0,1,0
2023,3,200000,0,2,0,1,0
2024,2,106965,0,2,0,1,0
2025,3,120000,0,2,0,1,0
2025,2,134500,100,2,0,1,0
2024,3,146600,0,2,0,1,0
2024,3,219000,0,2,0,1,0
2024,2,110000,100,2,0,1,0
2025,3,157868,0,2,0,1,0
2024,1,170000,0,2,0,1,0
2024,2,264200,0,2,0,1,0
2025,3,180000,100,2,0,1,0
2025,2,184100,0,2,0,1,0
2024,3,240000,100,2,0,1,0
2025,1,63000,0,2,0,1,0
2025,4,227500,0,2,0,1,0
2024,3,179000,0,2,0,1,0
2024,2,70800,0,2,0,1,0
2025,1,115000,0,2,0,1,0
2024,3,129620,0,2,0,1,0
2025,3,108000,100,2,0,1,0
2024,2,128544,0,2,0,1,0
2025,3,130000,0,2,0,1,0
2023,3,170000,0,2,0,1,0
2024,3,215000,0,2,0,1,0
2024,3,365100,100,2,0,1,0
2024,3,155000,100,2,0,1,0
2025,2,65000,0,2,0,1,0
2025,3,181000,100,2,0,1,0
2024,3,113500,0,2,0,1,0
2025,3,176361,0,2,0,1,0
2023,3,258800,0,2,0,1,0
2025,3,150000,0,2,0,1,0
2024,4,125760,0,2,0,1,0
2025,3,168300,100,2,0,1,0
2024,3,122000,0,2,0,1,0
2024,3,180000,0,2,0,1,0
2025,3,263000,0,2,0,1,0
2024,3,324000,0,2,0,1,0
2025,2,79000,0,2,0,1,0
2025,3,73950,0,2,0,1,0
2025,2,50632,0,2,0,1,0
2024,3,230000,100,2,0,1,0
2025,1,99700,0,2,0,1,0
2024,4,240000,0,2,0,1,0
2024,3,248400,100,2,0,1,0
2025,2,95900,0,2,0,1,0
2025,3,146835,0,2,0,1,0
2025,1,60000,0,2,0,1,0
2024,1,234900,0,2,0,1,0
2024,1,81900,0,2,0,1,0
2023,3,165000,0,2,0,1,0
2024,2,109125,0,2,0,1,0
2025,3,124000,100,2,0,1,0
2025,2,46736,0,2,0,1,0
2024,2,230000,0,2,0,1,0
2024,1,58400,0,2,0,1,0
2025,3,251460,0,2,0,1,0
2024,3,140000,100,2,0,1,0
2025,2,69999,0,2,0,1,0
2024,3,100900,0,2,0,1,0
2024,2,172000,0,2,0,1,0
2025,3,204900,0,2,0,1,0
2025,3,66339,100,2,0,1,0
2024,2,135000,100,2,0,1,0
2025,3,164400,0,2,0,1,0
2025,3,233800,0,2,0,1,0
2025,3,118976,0,2,0,1,0
2024,3,99200,0,2,0,1,0
2025,1,100000,0,2,0,1,0
2023,3,136000,0,3,0,1,0
2025,3,201400,0,2,0,1,0
2024,2,136600,100,2,0,1,0
2025,2,180000,0,2,0,1,0
2025,3,75000,0,2,0,1,0
2025,3,80500,0,2,0,1,0
2025,2,155700,0,2,0,1,0
2025,3,198300,0,2,0,1,0
2024,3,168000,0,2,0,1,0
2024,3,180000,0,2,0,1,0
2024,3,230000,0,2,0,1,0
2025,3,349885,0,2,0,1,0
2025,3,100000,0,2,0,1,0
2024,2,136850,0,2,0,1,0
2025,3,250200,0,2,0,1,0
2025,2,147000,0,2,0,1,0
2024,3,116974,0,2,0,1,0
2025,3,118700,0,2,0,1,0
2025,2,86000,0,2,0,1,0
2025,3,165000,0,2,0,1,0
2024,2,77000,0,2,0,1,0
2025,3,150000,100,2,0,1,0
2025,2,196900,0,2,0,1,0
2025,2,87000,0,2,0,1,0
2025,2,106080,0,2,0,1,0
2025,3,170000,0,2,0,1,0
2025,3,167153,0,2,0,1,0
2024,3,242000,0,2,0,1,0
2025,2,55000,0,2,0,1,0
2024,1,61208,0,2,0,1,0
2025,3,145000,100,2,0,1,0
2025,3,183000,0,2,0,1,0
2025,3,135000,0,2,0,1,0
2024,3,312200,0,2,0,1,0
2025,3,168400,0,2,0,1,0
2024,3,277000,0,2,0,1,0
2024,3,110000,100,2,0,1,0
2024,3,150000,100,2,0,1,0
2024,3,250000,0,2,0,1,0
2024,3,166000,0,2,0,1,0
2023,2,110000,0,2,0,1,0
2024,2,219221,0,2,0,1,0
2024,3,294000,0,2,0,1,0
2022,3,150075,100,2,0,1,0
2024,3,234000,0,2,0,1,0
2024,2,143500,100,2,0,1,0
2025,2,124300,100,2,0,1,0
2024,3,138700,0,2,0,1,0
2024,3,140000,100,2,0,1,0
2025,2,98300,0,2,0,1,0
2024,3,117000,0,2,0,1,0
2023,3,201450,100,2,0,1,0
2024,1,77000,100,2,0,1,0
2025,2,49877,0,2,0,1,0
2025,2,126880,0,2,0,1,0
2025,3,244000,0,2,0,1,0
2024,1,139000,0,2,0,1,0
2024,3,199500,100,2,0,1,0
2024,3,185000,0,2,0,1,0
2025,3,125100,0,2,0,1,0
2024,3,177900,100,3,0,1,0
2024,2,140000,0,2,0,1,0
2025,2,265700,0,2,0,1,0
2024,3,123000,0,2,0,1,0
2023,3,157000,0,2,0,1,0
2024,3,218000,0,2,0,1,0
2025,1,74000,0,2,0,1,0
2025,2,118920,0,2,0,1,0
2024,3,299375,0,2,0,1,0
2023,3,128000,100,2,0,1,0
2025,3,225600,0,2,0,1,0
2025,2,152000,0,2,0,1,0
2025,3,120000,0,2,0,1,0
2024,3,113000,0,2,0,1,0
2024,2,137000,0,2,0,1,0
2025,2,190000,0,2,0,1,0
2024,3,170000,0,2,0,1,0
2024,2,75000,0,2,0,1,0
2024,2,144000,0,2,0,1,0
2025,3,314000,0,2,0,1,0
2025,2,134200,0,2,0,1,0
2024,3,149076,0,2,0,1,0
2024,2,125000,0,2,0,1,0
2024,3,44444,0,2,0,1,0
2025,3,230000,0,2,0,1,0
2024,3,235400,0,2,0,1,0
2024,3,110000,0,2,0,1,0
2024,2,147000,0,2,0,1,0
2023,3,92000,100,2,0,1,0
2025,3,111800,0,2,0,1,0
2024,3,173000,0,2,0,1,0
2024,3,236925,0,2,0,1,0
2025,2,160000,0,2,0,1,0
2024,3,217000,100,2,0,1,0
2025,1,340100,0,2,0,1,0
2025,2,85000,0,2,0,1,0
2024,3,240000,0,2,0,1,0
2025,3,213000,0,2,0,1,0
2024,3,110000,100,2,0,1,0
2025,2,145000,0,2,0,1,0
2024,2,90000,100,2,0,1,0
2025,2,185000,0,2,0,1,0
2025,3,233800,0,2,0,1,0
2024,3,160000,100,2,0,1,0
2024,3,165000,100,2,0,1,0
2024,3,186350,100,2,0,1,0
2025,2,120000,0,2,0,1,0
2023,3,152000,0,2,0,1,0
2023,2,75000,100,2,0,1,0
2024,3,170700,0,2,0,1,0
2024,3,200000,0,2,0,1,0
2025,3,190000,0,2,0,1,0
2024,2,200000,0,2,0,1,0
2024,2,222200,0,3,0,1,0
2025,2,109000,0,2,0,1,0
2024,3,79800,0,2,0,1,0
2025,2,68775,0,2,0,1,0
2025,3,135000,0,2,0,1,0
2025,3,110000,0,2,0,1,0
2024,1,65000,100,2,0,1,0
2024,3,75400,0,2,0,1,0
2024,1,68000,0,2,0,1,0
2024,2,240000,0,2,0,1,0
2025,3,128250,0,2,0,1,0
2024,3,190950,0,2,0,1,0
2024,3,210000,0,2,0,1,0
2025,3,165300,0,2,0,1,0
2025,4,195230,0,2,0,1,0
2024,1,208800,0,2,0,1,0
2024,2,118384,0,2,0,1,0
2025,4,180000,0,2,0,1,0
2025,3,120000,0,2,0,1,0
2025,3,75000,100,2,0,1,0
2025,3,194000,0,2,0,1,0
2025,3,141000,0,2,0,1,0
2024,2,108300,0,2,0,1,0
2025,3,238520,0,2,0,1,0
2024,3,88854,0,2,0,1,0
2025,3,137100,0,2,0,1,0
2024,3,129400,0,3,0,1,0
2024,3,147000,0,2,0,1,0
2023,2,204500,0,2,0,1,0
2022,3,300000,0,2,0,1,0
2023,3,198800,0,2,0,1,0
2024,3,149020,0,2,0,1,0
2023,2,98432,0,2,0,1,0
2025,2,200000,0,2,0,1,0
2024,3,157250,0,2,0,1,0
2024,3,153000,0,2,0,1,0
2025,3,128600,0,3,0,1,0
2024,3,153374,0,2,0,1,0
2024,2,136300,0,2,0,1,0
2025,3,144000,0,2,0,1,0
2024,2,75000,0,2,0,1,0
2024,3,165800,0,2,0,1,0
2025,3,190300,100,2,0,1,0
2024,3,294000,0,2,0,1,0
2025,2,189000,0,2,0,1,0
2024,2,83028,0,2,0,1,0
2024,2,119200,0,2,0,1,0
2025,2,120000,0,2,0,1,0
2024,2,300000,0,2,0,1,0
2024,3,185000,0,2,0,1,0
2025,3,225000,0,2,0,1,0
2024,3,188640,0,2,0,1,0
2024,2,235100,100,2,0,1,0
2024,2,150000,0,2,0,1,0
2025,2,229500,0,2,0,1,0
2025,2,125000,0,2,0,1,0
2024,3,200000,0,2,0,1,0
2025,2,56000,0,2,0,1,0
2025,3,150000,0,2,0,1,0
2024,2,60000,0,2,0,1,0
2024,3,200000,100,2,0,1,0
2024,3,168000,0,2,0,1,0
2024,3,240000,0,2,0,1,0
2025,3,150000,100,2,0,1,0
2024,2,57442,0,2,0,1,0
2025,3,150400,0,3,0,1,0
2024,3,194000,0,2,0,1,0
2025,4,183544,0,2,0,1,0
2025,3,274600,0,2,0,1,0
2025,2,120000,0,2,0,1,0
2025,3,90000,100,2,0,1,0
2024,3,245000,0,2,0,1,0
2024,2,130000,0,2,0,1,0
2024,4,101700,100,2,0,1,0
2025,3,194000,0,2,0,1,0
2025,3,303000,0,2,0,1,0
2024,3,313000,0,2,0,1,0
2025,3,206100,0,2,0,1,0
2024,3,142166,0,2,0,1,0
2025,1,105000,0,2,0,1,0
2025,3,215000,0,2,0,1,0
2024,3,200000,0,2,0,1,0
2025,3,200200,0,2,0,1,0
2024,3,165000,0,2,0,1,0
2025,3,165143,0,2,0,1,0
2025,3,315000,0,2,0,1,0
2024,3,370300,0,2,0,1,0
2025,3,135000,0,2,0,1,0
2025,2,290180,0,2,0,1,0
2024,3,237000,0,2,0,1,0
2024,1,70350,0,2,0,1,0
2023,2,50745,50,1,0,1,0
2024,3,286000,0,2,0,1,0
2025,3,140000,0,2,0,1,0
2025,2,136000,0,2,0,1,0
2025,3,145000,100,2,0,1,0
2025,2,128000,0,2,0,1,0
2025,2,176000,0,2,0,1,0
2025,3,273000,0,2,0,1,0
2025,2,180000,0,2,0,1,0
2025,2,90000,0,2,0,1,0
2025,3,140000,100,2,0,1,0
2024,2,150000,0,2,0,1,0
2024,3,220000,0,2,0,1,0
2025,2,112160,100,2,0,1,0
2025,1,150000,100,2,0,1,0
2025,2,110000,0,2,0,1,0
2025,2,195000,100,2,0,1,0
2025,3,120375,0,2,0,1,0
2025,2,150000,100,2,0,1,0
2024,4,208400,0,2,0,1,0
2025,3,160000,0,2,0,1,0
2025,3,96800,0,2,0,1,0
2023,3,175308,0,2,0,1,0
2025,3,138000,0,2,0,1,0
2024,2,95100,0,2,0,1,0
2023,3,152000,100,2,0,1,0
2024,3,140000,0,2,0,1,0
2024,2,195000,100,2,0,1,0
2025,2,79091,100,2,0,1,0
2025,3,140000,0,2,0,1,0
2024,1,42516,0,2,0,1,0
2024,2,243000,0,2,0,1,0
2024,2,119076,100,2,0,1,0
2025,1,84500,0,2,0,1,0
2024,2,110000,100,2,0,1,0
2025,3,310900,0,2,0,1,0
2024,2,222000,0,2,0,1,0
2024,2,102000,0,2,0,1,0
2025,2,197760,0,2,0,1,0
2024,2,69305,0,2,0,1,0
2025,3,180000,0,2,0,1,0
2025,2,122000,0,2,0,1,0
2025,3,127600,0,2,0,1,0
2023,3,225300,0,2,0,1,0
2024,2,93400,0,2,0,1,0
2025,2,251000,0,2,0,1,0
2024,2,90000,100,2,0,1,0
2023,3,125000,100,2,0,1,0
2023,3,148000,0,3,0,1,0
2024,4,175270,0,2,0,1,0
2025,3,160000,100,2,0,1,0
2025,1,122000,0,2,0,1,0
2023,3,48585,0,2,0,1,0
2024,2,99500,0,2,0,1,0
2023,2,120000,0,2,0,1,0
2023,3,147000,0,2,0,1,0
2025,3,299375,0,2,0,1,0
2024,3,150900,0,2,0,1,0
2024,2,130000,0,2,0,1,0
2025,4,158200,0,2,0,1,0
2024,2,177000,0,2,0,1,0
2021,2,180000,100,3,0,1,0
2024,2,135000,0,2,0,1,0
2025,3,130000,100,2,0,1,0
2024,3,149300,0,2,0,1,0
2025,1,66000,0,2,0,1,0
2025,2,161172,0,2,0,1,0
2024,2,104305,0,2,0,1,0
2024,4,186400,0,2,0,1,0
2024,3,161900,0,3,0,1,0
2024,1,143400,0,2,0,1,0
2024,3,130000,100,2,0,1,0
2024,3,250200,0,2,0,1,0
2024,2,55000,0,2,0,1,0
2024,3,269640,100,2,0,1,0
2025,2,200200,0,2,0,1,0
2025,3,120000,0,2,0,0,0
2025,1,86000,100,2,0,1,0
2024,3,235400,0,2,0,1,0
2025,3,137600,0,2,0,1,0
2025,3,141000,0,2,0,1,0
2025,3,114600,0,2,0,1,0
2025,3,124125,100,2,0,1,0
2024,1,68706,0,2,0,1,0
2024,3,44444,0,2,0,1,0
2025,3,129639,100,2,0,1,0
2024,2,227700,0,2,0,1,0
2025,3,100000,0,2,0,1,0
2024,2,149000,0,2,0,1,0
2024,2,95000,100,2,0,1,0
2023,3,136000,0,2,0,1,0
2024,3,127496,100,2,0,1,0
2025,3,104286,100,2,0,1,0
2025,3,148000,0,2,0,1,0
2024,3,180000,0,2,0,1,0
2024,2,94000,100,2,0,1,0
2024,3,72682,0,2,0,1,0
2024,2,150000,0,2,0,1,0
2025,2,130688,0,2,0,1,0
2022,3,166700,0,2,0,1,0
2024,3,130000,0,2,0,1,0
2024,3,245400,0,2,0,1,0
2025,2,75300,0,2,0,1,0
2024,2,95200,0,2,0,1,0
2022,3,190000,0,2,0,1,0
2024,3,130000,100,2,0,1,0
2025,2,71727,0,2,0,1,0
2025,1,62000,100,2,0,1,0
2024,2,96400,0,2,0,1,0
2025,2,240000,0,2,0,1,0
2024,3,96400,0,2,0,1,0
2024,1,95520,0,2,0,1,0
2024,2,114000,0,2,0,1,0
2025,1,100000,100,2,0,1,0
2024,1,113500,0,2,0,1,0
2022,2,67723,0,2,0,1,0
2023,2,69570,0,2,0,1,0
2025,3,75300,0,2,0,1,0
2022,3,128875,100,2,0,1,0
2024,1,93000,0,2,0,0,1
2024,1,73000,100,2,0,1,0
2024,3,174867,0,2,0,1,0
2023,2,149300,0,3,0,1,0
2024,2,158800,0,2,0,1,0
2025,3,220000,0,2,0,1,0
2025,2,230000,0,2,0,1,0
2025,3,278500,0,2,0,1,0
2025,3,225000,0,2,0,1,0
2024,3,304496,100,2,0,1,0
2024,3,96200,0,2,0,1,0
2025,3,230000,0,2,0,1,0
2024,3,145000,0,2,0,1,0
2024,3,175000,0,2,0,1,0
2025,1,65000,100,2,0,1,0
2024,3,145000,100,2,0,1,0
2025,2,100600,0,2,0,1,0
2024,3,239080,0,2,0,1,0
2025,3,125300,0,2,0,1,0
2025,2,70000,0,2,0,1,0
2024,2,247800,0,2,0,1,0
2024,3,85000,100,2,0,1,0
2025,3,290000,0,2,0,1,0
2025,3,85000,0,2,0,1,0
2024,3,189000,0,2,0,1,0
2023,2,147648,0,2,0,1,0
2025,3,158100,100,2,0,1,0
2024,3,223560,0,2,0,1,0
2025,3,85000,0,2,0,1,0
2024,3,140000,100,2,0,1,0
2024,4,223900,0,2,0,1,0
2025,4,159700,0,2,0,1,0
2025,3,145200,0,2,0,1,0
2024,3,140000,0,2,0,1,0
2024,2,205000,0,2,0,1,0
2024,3,185500,100,2,0,1,0
2025,3,261700,0,2,0,1,0
2025,2,183500,0,2,0,1,0
2024,2,160000,100,2,0,1,0
2025,2,200000,100,2,0,1,0
2024,3,163300,0,2,0,1,0
2025,2,100000,0,2,0,1,0
2025,2,170000,0,2,0,1,0
2024,3,173000,0,2,0,1,0
2025,3,150000,100,2,0,1,0
2024,2,385000,0,2,0,1,0
2025,4,180000,0,2,0,1,0
2025,3,100000,100,2,0,1,0
2025,2,72100,0,2,0,1,0
2025,3,160000,100,2,0,1,0
2025,2,100000,0,2,0,1,0
2024,3,160000,0,2,0,1,0
2025,3,73684,0,2,0,1,0
2023,3,150000,100,2,0,1,0
2025,3,117000,0,2,0,1,0
2025,2,90000,0,2,0,1,0
2025,3,105000,100,2,0,1,0
2024,3,237500,0,2,0,1,0
2025,2,275000,100,2,0,1,0
2024,4,160000,0,2,0,1,0
2024,2,220900,100,2,0,1,0
2025,3,139500,100,2,0,1,0
2025,1,52631,0,2,0,1,0
2024,2,208000,0,2,0,1,0
2024,3,122800,0,2,0,1,0
2025,2,215000,0,2,0,1,0
2024,3,110400,0,2,0,1,0
2024,2,123200,0,2,0,1,0
2024,3,165000,0,2,0,1,0
2025,2,149000,0,2,0,1,0
2024,4,300000,100,2,0,1,0
2025,2,48322,0,2,0,1,0
2025,2,150000,100,2,0,1,0
2025,3,92400,0,2,0,1,0
2025,3,145000,0,2,0,1,0
2024,3,168000,0,2,0,1,0
2025,3,244000,0,2,0,1,0
2024,2,80000,0,2,0,1,0
2025,3,96900,0,2,0,1,0
2023,3,160000,0,2,0,1,0
2024,2,150000,0,2,0,1,0
2024,3,196000,0,2,0,1,0
2024,1,71800,0,2,0,1,0
2025,3,201600,0,2,0,1,0
2025,3,260000,0,2,0,1,0
2024,3,185000,100,2,0,1,0
2024,2,208800,0,2,0,1,0
2024,3,110000,100,2,0,1,0
2023,3,241300,0,2,0,1,0
2025,3,199000,0,2,0,1,0
2024,3,259000,0,2,0,1,0
2023,2,57800,100,2,0,1,0
2023,3,185900,0,2,0,1,0
2025,2,157500,0,2,0,1,0
2024,2,264200,0,2,0,1,0
2025,2,350000,0,2,0,1,0
2025,4,260000,0,2,0,1,0
2024,2,121600,0,2,0,1,0
2025,2,148000,0,2,0,1,0
2025,3,349885,0,2,0,1,0
2025,3,349000,0,2,0,1,0
2025,3,108000,0,2,0,1,0
2024,3,110000,100,2,0,1,0
2024,2,198000,0,2,0,1,0
2024,2,112570,0,2,0,1,0
2025,3,99000,0,2,0,1,0
2025,2,236250,0,2,0,1,0
2024,3,108000,0,2,0,1,0
2025,3,338500,0,2,0,1,0
2024,3,219375,0,2,0,1,0
2024,3,128000,0,2,0,1,0
2024,2,90000,0,2,0,1,0
2024,1,101846,0,2,0,1,0
2025,3,70800,100,2,0,1,0
2024,3,176000,0,2,0,1,0
2024,2,38000,100,2,0,1,0
2024,3,173000,0,2,0,1,0
2023,3,359170,0,2,0,1,0
2024,2,174000,0,2,0,1,0
2023,3,329700,0,2,0,1,0
2025,3,249400,0,2,0,1,0
2023,3,200160,0,2,0,1,0
2024,3,194000,0,2,0,1,0
2025,4,188000,0,2,0,1,0
2024,3,172000,100,2,0,1,0
2024,3,110000,100,2,0,1,0
2025,1,126650,100,2,0,1,0
2024,1,170000,100,2,0,1,0
2025,3,101250,100,2,0,1,0
2024,2,124000,0,2,0,1,0
2025,3,215000,0,2,0,1,0
2024,3,168480,0,2,0,1,0
2025,3,61000,0,2,0,1,0
2023,3,150000,0,2,0,1,0
2025,3,287500,0,2,0,1,0
2025,3,141000,0,2,0,1,0
2024,3,195500,0,2,0,1,0
2025,1,90000,0,2,0,1,0
2025,2,85000,0,2,0,1,0
2025,3,161700,0,2,0,1,0
2024,3,97500,0,2,0,1,0
2025,3,230000,100,2,0,1,0
2025,3,185000,0,2,0,1,0
2025,3,500000,0,2,0,1,0
2024,1,101520,0,2,0,1,0
2025,2,144000,0,2,0,1,0
2025,1,95000,100,2,0,1,0
2025,2,338270,0,2,0,1,0
2024,3,150000,0,2,0,1,0
2025,2,120900,0,2,0,1,0
2024,2,143100,0,2,0,1,0
2024,3,252000,0,2,0,1,0
2024,3,114486,0,2,0,1,0
2023,3,164500,100,2,0,1,0
2025,3,180000,100,2,0,1,0
2025,1,87087,0,2,0,1,0
2025,2,120000,0,2,0,1,0
2023,3,238000,0,2,0,1,0
2024,3,96600,0,2,0,1,0
2024,1,82329,0,2,0,1,0
2023,1,160000,0,2,0,1,0
2024,1,208800,0,2,0,1,0
2025,3,197000,0,2,0,1,0
2024,3,500000,0,2,0,1,0
2024,3,120000,100,2,0,1,0
2025,2,77012,0,2,0,1,0
2024,2,74270,0,2,0,1,0
2024,3,199000,0,2,0,1,0
2025,3,194740,0,2,0,1,0
2024,3,92700,0,2,0,1,0
2024,3,156000,0,2,0,1,0
2025,3,125693,0,2,0,1,0
2024,2,84400,100,2,0,1,0
2023,3,135000,100,2,0,1,0
2025,3,327750,0,2,0,1,0
2025,3,143000,0,2,0,1,0
2025,3,142000,0,2,0,1,0
2023,3,155000,0,2,0,1,0
2024,2,94444,100,2,0,1,0
2025,3,110000,100,2,0,1,0
2024,3,200000,0,2,0,1,0
2024,3,174000,0,2,0,1,0
2022,2,120000,100,2,0,1,0
2025,2,81400,0,2,0,1,0
2024,3,315000,0,2,0,1,0
2025,3,250000,0,2,0,1,0
2025,2,60000,0,2,0,1,0
2024,2,30000,100,2,0,1,0
2023,3,140000,100,2,0,1,0
2023,1,250800,0,2,0,1,0
2025,2,107300,0,2,0,1,0
2024,4,260800,100,2,0,1,0
2025,2,138000,0,2,0,1,0
2024,1,78000,100,2,0,1,0
2025,2,116000,0,2,0,1,0
2025,2,176000,0,2,0,1,0
2024,3,193300,0,2,0,1,0
2025,3,171300,0,2,0,1,0
2024,3,272700,0,2,0,1,0
2024,3,141000,0,2,0,1,0
2024,2,75600,0,2,0,1,0
2025,2,56000,0,2,0,1,0
2025,3,132770,0,2,0,1,0
2024,3,82940,0,2,0,1,0
2024,2,248700,0,2,0,1,0
2025,3,117000,0,2,0,1,0
2025,2,159170,100,2,0,1,0
2024,3,180000,0,2,0,1,0
2023,3,105200,0,2,0,1,0
2025,3,168400,100,2,0,1,0
2024,2,75000,0,2,0,1,0
2024,4,250000,0,2,0,1,0
2025,2,150000,0,2,0,1,0
2025,3,190000,100,2,0,1,0
2024,2,150280,0,2,0,1,0
2025,2,73560,100,2,0,1,0
2023,3,189000,100,2,0,1,0
2025,3,231000,0,2,0,1,0
2024,2,158400,0,2,0,1,0
2023,3,185000,0,2,0,1,0
2025,2,349000,0,2,0,1,0
2023,3,220000,100,2,0,1,0
2024,2,222200,0,3,0,1,0
2024,3,176000,0,2,0,1,0
2025,3,240000,100,2,0,1,0
2025,2,51000,0,2,0,1,0
2024,3,160000,0,2,0,1,0
2024,3,269100,0,2,0,1,0
2025,2,101640,0,2,0,1,0
2025,2,198000,0,2,0,1,0
2024,2,177000,0,2,0,1,0
2024,3,185400,0,2,0,1,0
2025,3,220000,0,2,0,1,0
2024,2,134000,100,2,0,1,0
2024,3,207760,100,2,0,1,0
2025,3,132700,100,2,0,1,0
2024,2,214000,0,2,0,1,0
2024,2,166320,100,2,0,1,0
2025,2,155000,0,2,0,1,0
2024,2,187180,0,2,0,1,0
2025,2,110000,0,2,0,1,0
2025,2,85839,0,2,0,1,0
2024,3,190000,0,2,0,1,0
2025,3,83400,0,2,0,1,0
2023,3,196000,100,2,0,1,0
2024,2,138000,0,2,0,1,0
2021,3,127221,50,3,0,1,0
2024,3,146000,0,2,0,1,0
2025,3,158200,100,2,0,1,0
2025,3,168900,0,2,0,1,0
2024,3,234520,0,2,0,1,0
2024,3,57000,100,2,0,1,0
2024,2,90000,100,2,0,1,0
2023,3,153000,0,2,0,1,0
2025,3,86500,0,2,0,1,0
2025,3,93329,0,2,0,1,0
2025,3,129940,0,2,0,1,0
2025,3,180000,0,2,0,1,0
2025,1,76500,0,2,0,1,0
2024,3,108900,0,2,0,1,0
2024,1,132300,0,2,0,1,0
2025,3,190000,0,2,0,1,0
2024,2,121000,0,2,0,1,0
2023,3,260000,0,2,0,1,0
2024,3,136800,0,2,0,1,0
2024,3,220000,0,2,0,1,0
2024,2,84900,0,2,0,1,0
2024,2,158400,0,2,0,1,0
2024,2,146600,0,2,0,1,0
2024,3,111500,100,2,0,1,0
2024,3,216750,0,2,0,1,0
2024,3,145000,0,2,0,1,0
2025,3,73800,100,2,0,1,0
2024,3,500000,0,2,0,1,0
2025,2,86331,0,2,0,1,0
2024,3,85000,0,2,0,1,0
2025,3,92000,0,2,0,1,0
2025,3,155000,100,2,0,1,0
2024,4,145500,100,2,0,1,0
2024,3,205000,0,2,0,1,0
2023,3,118000,0,2,0,1,0
2024,2,275000,0,2,0,1,0
2025,2,250000,0,2,0,1,0
2025,3,163064,0,2,0,1,0
2024,3,53333,0,2,0,1,0
2024,2,65600,0,2,0,1,0
2025,2,166800,0,2,0,1,0
2024,3,78000,100,2,0,1,0
2024,2,116000,100,2,0,1,0
2024,3,272400,0,2,0,1,0
2024,1,94900,0,2,0,1,0
2024,3,192000,0,2,0,1,0
2024,3,218109,0,2,0,1,0
2025,2,150000,0,2,0,1,0
2024,3,229900,0,2,0,1,0
2024,3,250000,0,2,0,1,0
2024,3,314400,0,2,0,1,0
2025,2,130000,0,2,0,1,0
2024,3,205000,100,2,0,1,0
2024,2,117000,0,2,0,1,0
2025,2,151000,0,2,0,1,0
2024,3,132480,0,2,0,1,0
2024,2,167537,0,2,0,1,0
2024,3,214560,100,2,0,1,0
2025,3,198000,0,2,0,1,0
2025,3,87000,0,2,0,1,0
2025,3,130600,0,2,0,1,0
2024,3,265200,0,2,0,1,0
2024,2,210960,0,2,0,1,0
2025,3,155000,0,2,0,1,0
2024,2,212800,0,2,0,1,0
2024,3,136500,0,2,0,1,0
2024,3,234000,0,2,0,1,0
2025,2,51263,0,2,0,1,0
2024,3,150250,0,2,0,1,0
2023,3,132192,100,2,0,1,0
2024,3,101484,0,2,0,1,0
2024,2,100000,0,2,0,1,0
2024,3,295000,100,2,0,1,0
2024,2,137000,0,2,0,1,0
2025,3,60400,0,2,0,1,0
2025,2,70000,100,3,0,1,0
2025,3,102000,0,2,0,1,0
2025,3,189175,100,2,0,1,0
2024,3,161000,0,2,0,1,0
2024,2,75000,100,2,0,1,0
2024,3,183000,0,2,0,1,0
2024,3,98358,0,2,0,1,0
2025,3,302000,0,2,0,1,0
2025,2,46835,0,2,0,1,0
2023,3,147100,0,2,0,1,0
2024,3,233000,0,2,0,1,0
2025,1,56000,100,2,0,1,0
2025,3,160000,0,2,0,1,0
2025,3,125000,0,2,0,1,0
2024,2,134275,100,2,0,1,0
2025,2,60900,0,2,0,1,0
2025,3,124000,0,2,0,1,0
2025,3,99100,0,2,0,1,0
2023,1,100000,0,2,0,1,0
2024,3,125000,100,2,0,1,0
2024,3,115000,100,2,0,1,0
2024,3,160000,100,2,0,1,0
2024,3,138000,0,2,0,1,0
2023,3,142200,0,2,0,1,0
2025,3,105000,0,2,0,1,0
2024,1,104000,100,2,0,1,0
2023,3,269000,100,2,0,1,0
2025,3,128000,0,2,0,1,0
2025,3,180000,0,2,0,1,0
2025,2,75600,0,2,0,1,0
2023,2,80000,100,1,0,1,0
2024,1,67000,100,2,0,1,0
2024,2,97204,0,2,0,1,0
2023,3,300000,0,2,0,1,0
2024,2,208800,0,2,0,1,0
2024,4,295000,0,2,0,1,0
2025,3,99100,0,2,0,1,0
2025,3,292000,0,2,0,1,0
2024,3,246000,0,2,0,1,0
2024,3,133600,0,2,0,1,0
2025,3,170000,100,2,0,1,0
2025,1,115590,100,2,0,1,0
2025,1,71000,0,2,0,1,0
2025,3,120000,0,2,0,1,0
2024,3,220000,0,2,0,1,0
2024,3,177625,100,2,0,1,0
2025,3,219400,0,2,0,1,0
2023,3,90700,0,2,0,1,0
2024,2,158400,0,2,0,1,0
2024,2,161700,0,2,0,1,0
2025,3,127875,0,2,0,1,0
2025,3,111100,0,2,0,1,0
2024,2,225000,0,2,0,1,0
2025,2,154700,100,2,0,1,0
2025,3,327200,0,3,0,1,0
2024,2,199000,100,2,0,1,0
2024,3,195000,0,2,0,1,0
2025,1,139200,0,2,0,1,0
2024,3,103800,0,2,0,1,0
2024,2,70000,0,2,0,1,0
2024,2,70000,0,2,0,1,0
2024,3,150000,0,2,0,1,0
2024,2,112000,0,2,0,1,0
2025,3,150000,100,2,0,1,0
2025,3,80000,100,2,0,1,0
2024,2,56392,0,2,0,1,0
2024,3,175000,0,2,0,1,0
2024,3,157600,100,2,0,1,0
2025,2,154700,100,2,0,1,0
2024,4,270000,0,2,0,1,0
2025,3,164497,0,2,0,1,0
2024,2,160000,0,2,0,1,0
2025,3,159523,100,2,0,1,0
2025,3,183581,0,2,0,1,0
2025,3,294000,0,2,0,1,0
2023,3,105700,0,3,0,1,0
2025,3,110000,100,2,0,1,0
2024,1,174600,0,2,0,1,0
2025,3,266875,0,2,0,1,0
2024,3,155000,0,2,0,1,0
2024,2,213400,100,2,0,1,0
2024,3,105000,0,2,0,1,0
2025,2,166900,0,2,0,1,0
2025,3,128000,0,2,0,1,0
2024,2,200000,0,2,0,1,0
2023,3,180000,0,2,0,1,0
2025,3,225000,100,2,0,1,0
2025,2,99000,100,2,0,1,0
2024,2,188100,0,2,0,1,0
2024,4,276000,0,2,0,1,0
2025,3,230450,0,2,0,1,0
2025,3,83000,0,2,0,1,0
2024,2,148000,0,2,0,1,0
2025,3,125000,0,2,0,1,0
2022,1,100000,100,2,0,1,0
2024,3,250200,0,2,0,1,0
2025,1,71300,0,2,0,1,0
2024,3,187500,100,2,0,1,0
2025,3,118000,0,2,0,1,0
2024,3,155000,0,2,0,1,0
2025,2,57110,0,2,0,1,0
2024,2,183700,0,2,0,1,0
2024,3,207000,0,2,0,1,0
2023,3,185900,100,2,0,1,0
2023,3,150000,100,2,0,1,0
2024,2,240240,0,2,0,1,0
2023,3,126500,0,2,0,1,0
2025,3,287500,0,2,0,1,0
2024,3,88334,0,2,0,1,0
2024,3,295000,0,2,0,1,0
2025,3,196000,0,2,0,1,0
2025,2,160000,0,2,0,1,0
2025,3,195903,0,2,0,1,0
2024,2,193000,0,2,0,1,0
2024,1,250000,0,2,0,1,0
2024,2,88125,100,2,0,1,0
2025,3,122000,0,2,0,1,0
2024,3,157000,0,2,0,1,0
2025,2,117000,0,2,0,1,0
2025,3,150400,0,2,0,1,0
2025,3,69974,0,2,0,1,0
2024,2,84615,0,2,0,1,0
2024,3,86700,0,2,0,1,0
2025,2,138000,0,2,0,1,0
2024,2,65000,0,2,0,1,0
2025,2,101500,0,2,0,1,0
2024,2,172000,0,2,0,1,0
2024,2,145800,0,2,0,1,0
2024,3,338000,100,2,0,1,0
2025,4,186900,0,2,0,1,0
2021,1,18053,100,1,0,1,0
2024,3,243000,0,2,0,1,0
2025,3,100000,100,2,0,0,0
2024,2,66500,0,2,0,1,0
2024,3,142800,100,2,0,1,0
2025,3,100000,0,2,0,1,0
2024,2,229461,0,2,0,1,0
2025,2,64000,0,2,0,1,0
2024,2,365000,0,2,0,1,0
2025,3,136200,0,2,0,1,0
2024,2,143000,0,2,0,1,0
2024,3,300000,0,2,0,1,0
2024,3,143800,0,2,0,1,0
2025,3,119800,0,2,0,1,0
2024,2,385000,0,2,0,1,0
2024,3,250000,0,2,0,1,0
2024,3,176720,0,2,0,1,0
2025,3,135000,0,2,0,1,0
2024,3,250900,0,2,0,1,0
2024,3,140000,0,2,0,1,0
2024,2,125800,0,2,0,1,0
2024,2,375000,0,2,0,1,0
2025,3,119056,0,2,0,1,0
2024,1,33500,0,2,0,1,0
2025,3,188640,0,2,0,1,0
2025,3,140000,0,2,0,1,0
2024,4,176000,100,2,0,1,0
2025,3,207000,100,2,0,1,0
2024,2,235400,0,2,0,1,0
2025,2,100000,100,2,0,1,0
2025,3,253000,0,2,0,1,0
2024,3,252000,0,2,0,1,0
2025,3,280000,0,2,0,1,0
2025,3,234000,0,2,0,1,0
2025,3,129800,0,3,0,1,0
2025,3,142000,0,2,0,1,0
2025,2,137900,100,2,0,1,0
2025,4,220000,0,2,0,1,0
2025,2,93750,0,2,0,1,0
2025,3,87900,100,2,0,1,0
2025,2,110000,100,2,0,1,0
2023,3,106400,0,2,0,1,0
2024,2,85000,0,2,0,1,0
2024,4,300000,100,2,0,1,0
2024,3,150000,100,2,0,1,0
2024,3,225300,0,2,0,1,0
2024,3,155000,0,2,0,1,0
2025,2,198000,0,2,0,1,0
2024,3,118976,100,2,0,1,0
2025,3,195000,0,2,0,1,0
2024,2,73230,0,2,0,1,0
2024,2,160000,0,2,0,1,0
2024,2,115000,100,2,0,1,0
2024,3,125500,0,2,0,1,0
2024,1,237500,0,2,0,1,0
2024,2,147400,0,2,0,1,0
2024,3,160000,100,2,0,1,0
2023,3,184000,0,2,0,1,0
2024,2,97000,0,2,0,1,0
2024,3,155300,0,2,0,1,0
2025,3,110000,0,2,0,1,0
2025,3,244000,0,2,0,1,0
2025,3,120000,0,2,0,1,0
2024,3,200000,0,2,0,1,0
2024,3,97500,0,2,0,1,0
2023,3,93918,0,2,0,1,0
2024,3,200000,100,2,0,1,0
2025,3,254400,0,2,0,1,0
2023,3,205000,100,2,0,1,0
2024,2,172000,0,2,0,1,0
2025,3,125693,0,2,0,1,0
2025,3,180000,0,2,0,1,0
2025,1,37974,0,2,0,1,0
2024,2,210000,0,2,0,1,0
2024,3,200000,100,2,0,1,0
2025,3,138911,0,2,0,1,0
2025,3,203900,0,2,0,1,0
2024,3,149076,0,2,0,1,0
2024,3,242974,100,2,0,1,0
2024,2,95000,100,2,0,1,0
2024,3,160000,100,2,0,1,0
2025,3,110000,0,2,0,1,0
2025,1,96600,0,2,0,1,0
2024,3,111400,100,2,0,1,0
2024,1,156000,0,2,0,1,0
2025,3,157560,100,2,0,1,0
2024,3,327000,100,2,0,1,0
2025,3,297000,0,2,0,1,0
2024,3,200000,0,2,0,1,0
2024,3,250000,0,2,0,1,0
2024,2,178360,0,2,0,1,0
2023,3,232200,100,2,0,1,0
2025,3,110000,0,2,0,1,0
2024,2,250000,0,2,0,1,0
2025,2,160000,0,2,0,1,0
2024,3,209720,0,2,0,1,0
2024,3,165100,0,2,0,1,0
2023,3,157750,0,2,0,1,0
2024,3,172000,0,2,0,1,0
2025,3,253000,0,2,0,1,0
2025,3,108000,0,2,0,1,0
2024,3,170500,0,2,0,1,0
2025,2,170000,100,2,0,1,0
2024,3,106200,0,2,0,1,0
2024,1,52250,0,2,0,1,0
2024,1,300000,0,2,0,1,0
2025,3,285200,0,2,0,1,0
2024,3,115000,0,2,0,1,0
2025,3,125800,0,2,0,1,0
2025,3,108700,0,2,0,1,0
2025,3,119000,0,2,0,1,0
2024,2,199500,0,2,0,1,0
2025,2,180583,100,2,0,1,0
2025,2,166000,0,2,0,1,0
2025,2,231250,0,2,0,1,0
2023,3,93919,0,2,0,1,0
2024,2,158755,0,2,0,1,0
2023,4,350000,100,2,0,1,0
2025,3,108810,0,2,0,1,0
2025,2,99600,0,2,0,1,0
2025,4,170000,0,2,0,1,0
2022,3,215300,0,3,0,1,0
2025,3,147000,0,2,0,1,0
2024,2,27611,100,3,0,1,0
2025,2,231700,0,2,0,1,0
2025,2,176000,0,2,0,1,0
2024,3,304704,0,2,0,1,0
2024,3,138000,0,2,0,1,0
2024,3,110300,0,2,0,1,0
2025,3,162000,0,2,0,1,0
2024,3,165100,0,2,0,1,0
2024,3,160000,100,2,0,1,0
2024,3,176700,0,2,0,1,0
2024,1,96000,0,2,0,1,0
2025,1,120000,0,2,0,1,0
2025,2,176000,0,2,0,1,0
2025,2,50632,0,2,0,1,0
2023,3,184000,100,2,0,1,0
2024,2,33137,0,2,0,1,0
2025,2,102100,0,2,0,1,0
2024,1,155640,0,2,0,1,0
2025,3,122100,100,2,0,1,0
2025,3,110000,0,2,0,1,0
2025,3,202900,0,2,0,1,0
2024,3,198000,0,2,0,1,0
2024,2,185000,100,2,0,1,0
2023,3,200000,0,2,0,1,0
2024,2,385000,0,2,0,1,0
2024,3,135240,0,2,0,1,0
2023,3,136000,0,3,0,1,0
2025,4,100000,0,2,0,1,0
2025,2,289460,0,2,0,1,0
2024,3,300000,0,2,0,1,0
2024,2,138000,0,2,0,1,0
2024,2,240240,0,2,0,1,0
2025,3,229772,0,2,0,1,0
2025,3,135000,0,2,0,1,0
2024,3,124000,0,2,0,1,0
2024,3,107000,0,2,0,1,0
2025,3,356500,100,2,0,1,0
2025,3,120100,0,2,0,1,0
2025,2,95300,0,2,0,1,0
2024,3,195000,0,2,0,1,0
2024,3,270000,0,2,0,1,0
2024,3,117200,0,2,0,1,0
2025,1,66300,0,2,0,1,0
2025,3,175800,0,2,0,1,0
2024,3,120000,100,2,0,1,0
2025,3,110000,100,2,0,1,0
2024,3,140000,0,2,0,1,0
2024,3,120000,0,2,0,1,0
2025,1,70000,0,2,0,1,0
2025,3,304500,0,2,0,1,0
2024,2,99208,0,2,0,1,0
2025,3,243600,0,2,0,1,0
2025,3,117000,0,2,0,1,0
2025,2,56250,0,2,0,1,0
2024,3,70000,0,2,0,1,0
2025,2,245985,100,2,0,1,0
2025,3,180000,0,2,0,1,0
2025,2,116938,0,2,0,1,0
2025,3,170760,0,2,0,1,0
2025,2,101900,0,2,0,1,0
2025,2,141000,0,2,0,1,0
2024,3,66560,0,2,0,1,0
2024,3,128656,0,2,0,1,0
2025,3,135000,0,2,0,1,0
2025,4,130000,100,2,0,1,0
2024,2,98300,0,2,0,1,0
2024,2,165600,0,2,0,1,0
2025,4,157788,0,2,0,1,0
2024,3,337250,0,2,0,1,0
2025,3,101000,0,2,0,1,0
2025,3,250000,0,2,0,1,0
2023,3,228000,0,2,0,1,0
2024,3,117000,0,3,0,1,0
2024,2,119200,100,2,0,1,0
2024,3,144300,0,2,0,1,0
2024,3,110760,0,2,0,1,0
2024,3,125000,0,2,0,1,0
2024,3,158950,0,2,0,1,0
2025,2,125000,0,2,0,1,0
2025,1,100000,100,2,0,1,0
2024,3,162000,0,2,0,1,0
2025,2,82160,0,2,0,1,0
2024,3,98583,0,2,0,1,0
2024,3,245400,0,2,0,1,0
2024,3,150000,0,2,0,1,0
2025,3,250200,0,2,0,1,0
2025,3,123000,100,2,0,1,0
2025,2,110000,0,2,0,1,0
2024,3,272000,0,2,0,1,0
2025,4,165800,0,2,0,1,0
2025,3,147500,100,2,0,1,0
2025,3,110000,100,2,0,1,0
2023,3,160000,100,2,0,1,0
2025,2,116700,0,2,0,1,0
2024,3,276000,0,2,0,1,0
2022,2,44365,100,1,0,1,0
2025,2,246344,0,2,0,1,0
2024,3,225000,0,2,0,1,0
2024,3,88000,100,2,0,0,0
2024,2,99000,0,2,0,1,0
2024,2,240240,0,2,0,1,0
2025,3,272000,100,2,0,1,0
2024,2,135000,0,2,0,1,0
2024,3,103500,100,2,0,1,0
2025,3,275000,0,2,0,1,0
2024,3,97497,100,2,0,1,0
2024,3,102147,0,2,0,1,0
2024,2,105000,0,2,0,1,0
2024,2,130000,100,2,0,1,0
2024,3,161600,0,2,0,1,0
2024,3,177147,0,2,0,1,0
2024,3,172000,0,2,0,1,0
2025,3,161000,0,2,0,1,0
2025,2,160000,100,2,0,1,0
2025,2,42105,0,2,0,1,0
2023,3,103200,0,2,0,1,0
2024,3,243100,0,2,0,1,0
2025,4,239467,0,2,0,1,0
2024,3,128000,0,2,0,1,0
2024,3,173000,0,2,0,1,0
2024,1,75000,0,2,0,1,0
2024,2,72777,0,2,0,1,0
2025,4,95200,0,2,0,1,0
2023,2,145000,100,2,0,1,0
2024,3,170000,100,2,0,1,0
2024,2,124000,0,2,0,1,0
2025,3,206315,0,2,0,1,0
2025,2,140000,0,2,0,1,0
2025,3,290000,0,2,0,1,0
2025,1,60000,100,2,0,1,0
2024,2,190000,100,2,0,1,0
2024,3,234520,0,2,0,1,0
2025,2,240000,100,2,0,1,0
2024,3,250200,0,2,0,1,0
2025,3,212850,0,2,0,1,0
2024,3,170000,0,2,0,1,0
2024,4,260000,0,2,0,1,0
2021,1,58000,50,3,0,1,0
2025,3,300000,0,2,0,1,0
2025,3,170000,100,2,0,1,0
2024,3,184000,0,2,0,1,0
2025,2,165400,100,2,0,1,0
2024,3,173900,0,2,0,1,0
2024,3,97400,0,2,0,1,0
2025,3,255000,100,2,0,1,0
2024,3,180000,0,2,0,1,0
2025,3,79000,0,2,0,1,0
2024,1,150000,0,2,0,1,0
2024,3,200000,0,2,0,1,0
2024,2,166000,0,2,0,1,0
2025,1,44000,0,2,0,1,0
2024,3,170000,100,2,0,1,0
2024,2,125000,100,2,0,1,0
2024,3,190000,0,2,0,1,0
2021,2,16904,50,3,0,1,0
2024,3,258750,0,2,0,1,0
2025,2,103530,100,2,0,1,0
2025,2,180000,0,2,0,1,0
2024,3,115000,0,2,0,1,0
2025,3,200000,0,2,0,1,0
2024,1,70000,0,2,0,1,0
2024,3,172700,0,2,0,1,0
2024,2,138900,0,2,0,1,0
2024,2,77000,0,2,0,1,0
2024,3,111600,0,2,0,1,0
2024,1,137000,0,2,0,1,0
2024,3,160000,100,2,0,1,0
2025,3,65835,0,2,0,1,0
2025,3,312200,0,2,0,1,0
2024,3,74000,0,2,0,1,0
2024,3,231500,0,2,0,1,0
2025,2,187000,0,2,0,1,0
2025,2,115100,100,2,0,1,0
2025,2,260000,0,2,0,1,0
2025,3,200000,0,2,0,1,0
2024,3,122000,0,2,0,1,0
2024,2,78000,0,2,0,1,0
2024,3,148000,0,2,0,1,0
2024,2,137000,0,2,0,1,0
2024,2,106100,0,2,0,1,0
2025,3,258000,0,2,0,1,0
2025,3,160000,100,2,0,1,0
2025,2,95900,0,2,0,1,0
2025,2,213000,0,2,0,1,0
2024,3,160000,100,2,0,1,0
2024,3,141300,100,2,0,1,0
2025,1,75600,0,2,0,1,0
2023,3,216000,0,2,0,1,0
2025,3,135000,0,2,0,1,0
2025,2,212000,0,2,0,1,0
2025,3,118000,0,2,0,1,0
2024,2,47500,100,2,0,1,0
2025,1,75000,100,2,0,1,0
2024,3,245400,0,2,0,1,0
2024,3,256100,0,2,0,1,0
2024,2,81000,0,2,0,1,0
2024,3,267500,100,2,0,1,0
2023,3,160000,0,2,0,1,0
2025,2,184000,0,2,0,1,0
2024,3,168000,0,2,0,1,0
2024,3,167000,0,2,0,1,0
2024,3,129200,0,2,0,1,0
2025,3,110000,100,2,0,1,0
2025,2,160500,0,2,0,1,0
2024,1,100000,0,2,0,1,0
2024,4,218000,0,2,0,1,0
2024,3,160000,100,2,0,1,0
2025,3,137972,0,2,0,1,0
2025,3,118113,0,2,0,1,0
2024,2,95000,0,2,0,1,0
2025,3,440000,100,2,0,1,0
2024,3,125000,100,2,0,1,0
2025,2,85000,0,2,0,1,0
2025,2,152400,0,2,0,1,0
2024,1,110240,0,2,0,1,0
2024,3,234700,0,2,0,1,0
2025,2,81094,100,2,0,1,0
2024,3,210000,100,2,0,1,0
2025,2,80170,0,2,0,1,0
2024,3,185000,0,2,0,1,0
2024,3,156965,100,2,0,1,0
2024,3,106400,0,2,0,1,0
2025,4,142105,0,2,0,1,0
2025,2,221518,0,2,0,1,0
2024,2,179000,0,2,0,1,0
2024,3,194000,0,2,0,1,0
2025,3,154000,100,2,0,1,0
2025,3,175000,0,2,0,1,0
2025,3,150000,100,2,0,1,0
2022,1,40000,100,2,0,1,0
2025,3,212500,0,2,0,1,0
2025,3,77500,0,2,0,1,0
2025,3,169500,0,2,0,1,0
2024,3,210000,0,2,0,1,0
2023,3,204500,0,2,0,1,0
2025,3,200000,0,2,0,1,0
2025,2,197000,0,2,0,1,0
2024,3,199500,0,2,0,1,0
2025,1,142000,0,2,0,1,0
2025,3,67530,0,2,0,1,0
2024,3,110400,100,2,0,1,0
2024,2,208000,0,2,0,1,0
2024,2,203900,100,2,0,1,0
2025,2,152400,0,2,0,1,0
2025,2,190000,0,2,0,1,0
2024,2,200000,0,2,0,1,0
2025,3,220000,0,2,0,1,0
2023,3,136505,100,2,0,1,0
2025,3,120000,100,2,0,1,0
2024,1,147000,0,2,0,1,0
2025,3,175000,0,2,0,1,0
2024,3,284000,0,2,0,1,0
2023,3,159000,0,2,0,1,0
2025,3,141500,0,2,0,1,0
2024,3,165000,0,2,0,1,0
2025,3,75000,0,2,0,1,0
2025,3,157300,0,2,0,1,0
2025,2,108000,0,2,0,1,0
2025,2,90000,0,2,0,1,0
2024,3,239000,0,2,0,1,0
2024,3,166694,100,2,0,1,0
2024,1,106025,0,2,0,1,0
2023,3,120000,0,2,0,1,0
2024,3,178200,0,2,0,1,0
2022,4,187200,100,2,0,1,0
2025,3,148000,0,2,0,1,0
2024,3,250000,0,2,0,1,0
2024,2,337250,0,2,0,1,0
2025,2,140000,0,2,0,1,0
2024,3,145400,0,2,0,1,0
2024,3,204600,0,2,0,1,0
2024,3,180000,100,2,0,1,0
2025,3,160000,100,2,0,1,0
2023,3,185900,0,2,0,1,0
2025,2,185100,0,2,0,1,0
2025,2,173000,0,2,0,1,0
2024,3,155904,0,2,0,1,0
2024,3,143860,0,2,0,1,0
2025,2,108900,0,2,0,1,0
2024,3,138400,100,2,0,1,0
2024,3,162000,0,2,0,1,0
2025,3,170000,100,2,0,1,0
2023,3,160000,0,2,0,1,0
2025,3,110000,100,2,0,1,0
2024,3,228000,0,2,0,1,0
2025,3,140700,100,2,0,1,0
2025,3,158400,0,2,0,1,0
2025,2,194500,0,2,0,1,0
2025,1,57949,100,2,0,1,0
2025,3,202800,0,3,0,1,0
2024,3,180000,100,2,0,1,0
2023,3,160000,0,2,0,1,0
2025,3,117728,100,2,0,1,0
2025,3,41385,0,2,0,1,0
2024,3,155600,0,2,0,1,0
2025,3,175500,0,2,0,1,0
2025,2,220000,0,2,0,1,0
2024,1,139360,100,2,0,1,0
2025,3,231400,0,3,0,1,0
2025,3,133600,0,2,0,1,0
2024,2,360000,0,2,0,1,0
2024,3,90000,100,2,0,1,0
2024,3,107500,0,2,0,1,0
2025,3,75949,0,2,0,1,0
2025,1,120000,0,2,0,1,0
2025,2,112000,0,2,0,1,0
2025,3,220850,0,2,0,1,0
2023,3,94000,0,2,0,1,0
2025,3,198000,0,2,0,1,0
2024,3,203940,0,2,0,1,0
2024,3,194000,0,2,0,1,0
2025,1,137363,0,2,0,1,0
2024,3,250600,0,2,0,1,0
2024,3,82000,0,2,0,1,0
2024,3,185000,0,2,0,1,0
2024,2,200400,0,2,0,1,0
2024,3,207000,0,2,0,1,0
2025,2,126000,0,2,0,1,0
2025,3,249000,0,2,0,1,0
2025,4,180000,0,2,0,1,0
2024,3,156000,100,2,0,1,0
2025,3,155000,0,2,0,1,0
2024,3,145000,100,2,0,1,0
2025,3,120800,0,2,0,1,0
2024,2,240240,0,2,0,1,0
2025,3,337725,0,2,0,1,0
2024,3,159000,0,2,0,1,0
2024,1,51120,0,2,0,1,0
2025,1,123600,0,2,0,1,0
2024,3,161200,0,2,0,1,0
2025,3,155000,0,2,0,1,0
2025,3,177567,0,2,0,1,0
2024,3,216000,0,2,0,1,0
2024,1,39940,0,2,0,1,0
2024,2,120000,100,2,0,1,0
2024,3,84600,0,2,0,1,0
2024,3,311900,0,2,0,1,0
2023,3,106800,0,2,0,1,0
2025,3,126582,0,2,0,1,0
2025,2,121000,100,2,0,0,0
2025,2,98300,0,2,0,1,0
2025,3,167000,0,2,0,1,0
2024,3,123626,0,2,0,1,0
2024,1,130000,0,2,0,1,0
2025,3,124000,0,2,0,1,0
2024,2,120000,0,2,0,1,0
2025,2,136000,0,3,0,1,0
2024,3,234000,0,2,0,1,0
2025,2,65900,0,2,0,1,0
2024,1,129792,0,2,0,1,0
2024,2,55000,0,2,0,1,0
2025,3,110000,100,2,0,1,0
2025,3,229900,0,2,0,1,0
2025,2,165983,0,2,0,1,0
2025,3,110000,0,2,0,1,0
2025,3,101000,0,2,0,1,0
2024,2,160000,0,2,0,1,0
2024,3,187000,0,2,0,1,0
2024,2,98300,0,2,0,1,0
2025,3,135360,100,2,0,1,0
2025,3,137600,0,2,0,1,0
2025,3,145569,0,2,0,1,0
2024,3,182700,0,2,0,1,0
2024,2,140000,0,2,0,1,0
2025,2,84210,0,2,0,1,0
2025,2,159600,0,2,0,1,0
2025,2,129200,0,2,0,1,0
2024,3,171000,0,2,0,1,0
2025,3,96800,0,2,0,1,0
2025,3,119700,0,2,0,1,0
2024,3,186000,0,2,0,1,0
2024,2,162150,0,2,0,1,0
2024,3,168600,100,2,0,1,0
2025,2,96400,100,2,0,1,0
2024,3,117000,0,2,0,1,0
2024,2,360000,0,2,0,1,0
2025,3,222000,0,2,0,1,0
2025,3,370000,100,2,0,1,0
2025,1,72200,0,2,0,1,0
2024,2,165760,0,2,0,1,0
2025,3,90000,0,2,0,1,0
2024,1,115000,0,2,0,1,0
2024,2,80000,0,2,0,1,0
2024,1,53100,100,2,0,1,0
2025,1,142000,0,2,0,1,0
2024,2,75600,0,2,0,1,0
2025,3,161300,100,2,0,1,0
2024,3,110400,0,2,0,1,0
2024,3,200000,100,2,0,1,0
2025,3,120000,0,2,0,1,0
2025,3,105800,0,2,0,1,0
2025,3,125000,0,2,0,1,0
2024,2,103977,0,2,0,1,0
2025,3,296300,0,2,0,1,0
2025,4,230750,0,2,0,1,0
2025,4,300000,0,2,0,1,0
2025,2,209000,0,2,0,1,0
2025,3,233600,0,2,0,1,0
2024,2,140000,0,2,0,1,0
2025,3,170760,0,2,0,1,0
2025,2,146400,0,2,0,1,0
2025,3,69620,0,2,0,1,0
2025,3,86900,0,2,0,1,0
2025,3,184000,0,2,0,1,0
2023,3,255000,0,2,0,1,0
2024,2,208300,0,2,0,1,0
2025,2,102200,0,2,0,1,0
2025,3,210000,100,2,0,1,0
2025,2,89400,0,2,0,1,0
2024,3,82100,0,2,0,1,0
2024,1,104500,0,2,0,1,0
2024,3,202730,100,2,0,1,0
2025,3,88900,0,2,0,1,0
2025,3,346000,0,2,0,1,0
2025,2,100000,0,2,0,1,0
2024,3,155376,100,2,0,1,0
2024,2,145000,0,2,0,1,0
2025,2,107594,0,2,0,1,0
2024,2,240240,0,2,0,1,0
2024,1,68640,0,2,0,1,0
2024,3,100000,0,2,0,1,0
2024,2,120000,0,2,0,1,0
2024,3,117000,0,2,0,1,0
2025,3,82160,0,2,0,1,0
2024,3,159000,0,2,0,1,0
2023,3,145000,0,2,0,1,0
2024,2,206500,100,2,0,1,0
2024,2,201000,0,2,0,1,0
2024,3,310270,0,2,0,1,0
2024,2,170000,100,2,0,1,0
2024,2,187000,0,2,0,1,0
2025,1,70550,0,2,0,1,0
2024,3,304000,100,2,0,1,0
2024,2,155250,0,2,0,1,0
2025,3,120000,0,2,0,1,0
2024,3,134000,0,2,0,1,0
2025,2,85000,0,2,0,1,0
2024,3,142600,0,2,0,1,0
2025,4,213480,0,2,0,1,0
2025,2,102000,0,2,0,1,0
2024,3,77000,0,2,0,1,0
2025,3,165400,0,2,0,1,0
2025,3,214940,0,2,0,1,0
2024,1,39000,0,2,0,1,0
2024,3,138000,0,2,0,1,0
2024,3,294000,0,2,0,1,0
2025,2,119200,0,2,0,1,0
2025,2,85000,0,2,0,1,0
2025,1,100000,0,2,0,1,0
2025,3,163000,100,2,0,1,0
2024,3,141158,0,2,0,1,0
2024,3,314400,0,2,0,1,0
2025,2,110400,0,2,0,1,0
2025,2,75000,0,2,0,1,0
2024,3,243000,0,2,0,1,0
2025,3,186000,100,2,0,1,0
2024,3,103500,0,2,0,1,0
2025,2,150000,0,2,0,1,0
2025,2,130000,0,2,0,1,0
2024,3,276400,0,2,0,1,0
2024,1,56250,0,2,0,1,0
2024,1,122000,0,2,0,1,0
2025,3,121400,0,2,0,1,0
2024,1,85000,0,2,0,1,0
2024,2,60070,0,2,0,1,0
2024,3,389500,0,2,0,1,0
2024,3,177900,0,2,0,1,0
2024,3,247600,0,3,0,1,0
2024,1,60300,0,2,0,1,0
2024,2,163200,0,2,0,1,0
2025,3,160000,0,2,0,1,0
2024,3,148500,100,2,0,1,0
2025,3,168400,0,2,0,1,0
2025,2,122000,0,2,0,1,0
2025,3,188000,0,2,0,1,0
2023,1,80000,50,2,0,1,0
2025,3,151000,0,2,0,1,0
2025,2,100960,0,2,0,1,0
2024,2,160000,0,2,0,1,0
2025,3,500000,0,2,0,1,0
2024,3,134000,0,2,0,1,0
2025,2,85000,0,2,0,1,0
2025,3,160000,0,2,0,1,0
2024,3,175000,0,2,0,1,0
2024,3,239000,0,2,0,1,0
2024,2,81500,0,2,0,1,0
2024,3,135000,0,2,0,1,0
2024,2,264200,0,2,0,1,0
2025,3,193000,0,2,0,1,0
2024,3,165000,100,2,0,1,0
2025,2,70000,0,2,0,1,0
2020,2,112872,50,3,0,1,0
2024,3,121900,0,2,0,1,0
2025,3,122800,0,2,0,1,0
2025,3,160000,0,2,0,1,0
2024,2,170000,0,2,0,1,0
2023,3,137000,0,2,0,1,0
2024,3,225600,0,2,0,1,0
2024,2,125000,0,2,0,1,0
2025,3,120000,0,2,0,1,0
2024,2,102877,0,2,0,1,0
2024,1,75000,0,2,0,1,0
2024,1,205000,0,2,0,1,0
2025,3,220000,0,2,0,1,0
2023,3,142200,0,2,0,1,0
2024,3,190000,100,2,0,1,0
2024,2,137000,0,2,0,1,0
2024,3,204000,0,2,0,1,0
2024,3,174000,0,2,0,1,0
2025,3,153000,0,2,0,1,0
2025,2,148350,0,2,0,1,0
2024,3,280000,0,2,0,1,0
2024,1,79310,0,2,0,1,0
2024,2,72700,0,2,0,1,0
2024,3,146000,0,2,0,1,0
2024,3,261200,0,2,0,1,0
2025,1,241600,0,2,0,0,1
2024,3,146000,0,2,0,1,0
2025,3,192000,0,2,0,1,0
2024,3,220000,0,2,0,1,0
2024,3,210000,0,2,0,1,0
2025,2,425000,0,2,0,1,0
2025,3,80000,0,2,0,1,0
2024,2,222200,0,3,0,1,0
2025,3,87000,0,2,0,1,0
2025,3,308000,0,2,0,1,0
2025,3,441300,0,2,0,1,0
2024,1,114000,0,2,0,1,0
2023,2,125000,100,2,0,1,0
2024,3,140000,0,2,0,1,0
2025,2,250000,0,2,0,1,0
2025,3,144200,0,2,0,1,0
2024,2,129570,0,2,0,1,0
2025,3,140000,0,2,0,1,0
2024,3,220000,0,2,0,1,0
2024,2,76200,0,2,0,1,0
2024,1,54600,0,2,0,1,0
2024,3,200000,0,2,0,1,0
2025,3,127310,0,2,0,1,0
2024,2,147900,100,2,0,1,0
2023,2,130410,0,2,0,1,0
2025,3,200143,0,2,0,1,0
2024,2,105000,0,2,0,1,0
2024,3,260100,100,2,0,1,0
2024,3,102000,0,2,0,1,0
2024,2,89000,0,2,0,1,0
2022,3,184000,100,2,0,1,0
2025,2,93000,0,2,0,0,1
2025,2,286000,0,3,0,1,0
2025,3,115000,0,2,0,1,0
2025,3,80000,0,2,0,1,0
2025,2,133195,100,2,0,1,0
2024,3,160000,0,2,0,1,0
2024,3,130920,0,2,0,1,0
2024,2,79600,0,3,0,1,0
2024,3,160000,0,2,0,1,0
2025,3,188640,0,2,0,1,0
2025,3,322170,0,2,0,1,0
2025,3,150400,0,3,0,1,0
2024,3,140000,0,2,0,1,0
2025,3,158000,0,2,0,1,0
2024,3,165580,0,2,0,1,0
2024,2,163100,100,2,0,1,0
2025,2,148000,0,2,0,1,0
2024,3,178200,0,2,0,1,0
2020,2,20000,0,1,0,1,0
2025,3,84500,0,2,0,1,0
2024,3,110000,100,2,0,1,0
2023,3,359170,0,2,0,1,0
2024,1,56250,0,2,0,1,0
2023,3,105700,0,3,0,1,0
2025,3,95000,0,2,0,1,0
2024,3,170000,100,2,0,1,0
2025,3,139000,0,2,0,1,0
2025,3,142500,0,2,0,1,0
2024,2,175750,0,2,0,1,0
2025,3,250000,100,2,0,1,0
2023,3,117000,0,2,0,1,0
2024,3,137750,0,2,0,1,0
2024,1,139650,0,2,0,1,0
2025,3,83144,0,2,0,1,0
2025,3,93724,100,2,0,1,0
2024,3,192036,0,2,0,1,0
2024,2,129400,0,3,0,1,0
2024,3,175000,100,2,0,1,0
2025,1,100000,100,2,0,1,0
2025,2,96000,0,2,0,1,0
2024,1,75000,0,2,0,1,0
2025,3,114600,0,2,0,1,0
2023,2,52500,0,2,0,1,0
2025,2,117800,0,2,0,1,0
2024,3,309400,100,2,0,1,0
2024,3,222200,0,3,0,1,0
2024,3,136000,0,3,0,1,0
2025,2,111717,100,2,0,1,0
2025,3,122000,0,2,0,1,0
2025,3,168152,100,2,0,1,0
2023,3,70000,0,2,0,1,0
2025,3,190600,100,2,0,1,0
2025,3,398500,0,2,0,1,0
2024,3,189000,0,2,0,1,0
2024,3,117200,0,2,0,1,0
2024,3,169000,100,2,0,1,0
2025,2,300000,0,2,0,1,0
2025,3,240000,0,2,0,1,0
2024,3,321600,0,2,0,1,0
2024,3,130000,0,2,0,1,0
2024,1,133000,0,2,0,0,1
2025,3,66600,100,2,0,1,0
2024,2,143100,0,2,0,1,0
2024,2,58750,0,2,0,1,0
2025,3,150000,0,2,0,1,0
2025,2,151000,0,2,0,1,0
2023,1,79976,0,2,0,1,0
2025,3,250000,0,2,0,1,0
2024,3,189400,0,2,0,1,0
2024,2,81500,0,2,0,1,0
2025,2,80000,0,2,0,1,0
2025,3,197500,0,2,0,1,0
2024,3,117000,0,2,0,1,0
2025,3,50632,0,2,0,1,0
2023,3,114000,100,2,0,1,0
2024,2,84320,100,2,0,1,0
2024,2,114750,0,2,0,1,0
2024,2,117200,0,2,0,1,0
2025,3,133365,0,2,0,1,0
2025,3,325000,0,2,0,1,0
2024,3,220000,0,2,0,1,0
2025,3,116500,0,2,0,1,0
2024,3,178000,0,3,0,1,0
2023,2,80000,100,2,0,1,0
2025,3,225000,0,2,0,1,0
2022,2,105066,50,2,0,1,0
2024,3,121000,0,2,0,1,0
2025,3,112800,0,2,0,1,0
2024,4,228000,0,2,0,1,0
2025,3,220000,0,2,0,1,0
2024,2,50000,0,2,0,1,0
2025,2,133000,0,2,0,1,0
2025,1,101700,0,2,0,1,0
2024,3,190000,0,2,0,1,0
2025,3,160000,0,2,0,1,0
2025,2,168000,0,2,0,1,0
2025,3,65835,0,2,0,1,0
2024,4,230000,100,2,0,1,0
2024,2,169000,0,2,0,1,0
2025,3,199160,0,2,0,1,0
2024,3,359170,0,2,0,1,0
2025,2,87000,0,2,0,1,0
2025,3,144000,0,2,0,1,0
2025,1,85500,0,2,0,1,0
2024,2,294000,0,2,0,1,0
2024,3,238600,0,2,0,1,0
2024,3,232000,100,2,0,1,0
2022,3,175000,100,2,0,1,0
2025,2,92000,0,2,0,1,0
2025,2,90000,0,2,0,1,0
2024,3,235750,0,2,0,1,0
2023,2,70748,0,2,0,1,0
2025,3,318000,0,2,0,1,0
2025,3,250000,0,2,0,1,0
2024,1,160000,0,2,0,1,0
2025,2,180000,0,2,0,1,0
2025,4,110000,0,2,0,1,0
2025,1,115143,0,2,0,1,0
2023,3,185000,0,2,0,1,0
2025,3,82048,0,2,0,1,0
2024,3,159300,100,2,0,1,0
2024,2,100000,0,2,0,1,0
2025,3,247300,100,2,0,1,0
2024,3,62500,0,2,0,1,0
2024,3,168480,0,2,0,1,0
2025,4,315000,100,2,0,1,0
2024,3,144200,0,2,0,1,0
2024,2,170000,100,2,0,1,0
2025,3,137000,0,2,0,1,0
2024,3,136000,0,3,0,1,0
2024,1,110240,0,2,0,1,0
2025,3,160000,0,2,0,1,0
2025,3,202000,0,2,0,1,0
2024,1,168000,0,2,0,1,0
2025,3,720000,100,2,0,1,0
2024,2,112000,0,2,0,1,0
2025,3,79560,0,2,0,1,0
2025,3,230000,0,2,0,1,0
2025,3,64992,0,2,0,1,0
2024,1,110000,0,2,0,1,0
2025,1,105000,0,2,0,1,0
2025,3,113924,0,2,0,1,0
2024,1,85000,0,2,0,1,0
2024,2,179000,0,2,0,1,0
2024,3,160000,100,2,0,1,0
2024,2,80000,0,2,0,1,0
2024,2,195000,0,2,0,1,0
2021,1,100000,0,1,0,1,0
2024,3,103685,0,2,0,1,0
2025,3,208000,0,2,0,1,0
2024,1,63450,100,2,0,1,0
2024,2,61200,100,2,0,1,0
2023,3,150000,0,2,0,1,0
2024,3,110000,100,2,0,1,0
2024,3,160000,100,2,0,1,0
2024,2,130000,100,2,0,1,0
2024,3,199800,0,2,0,1,0
2024,1,72222,0,2,0,1,0
2024,2,160000,0,2,0,1,0
2024,3,237500,0,2,0,1,0
2024,3,106605,100,2,0,1,0
2025,2,111000,0,2,0,1,0
2023,2,70000,0,2,0,1,0
2024,2,240240,0,2,0,1,0
2024,1,39920,0,2,0,1,0
2025,3,124950,0,2,0,1,0
2025,3,252000,0,2,0,1,0
2025,4,314960,0,2,0,1,0
2024,1,50000,0,2,0,1,0
2025,2,106000,0,2,0,1,0
2024,3,312200,0,2,0,1,0
2025,2,315000,0,2,0,1,0
2025,3,180000,0,2,0,1,0
2025,3,213000,0,2,0,1,0
2025,3,356500,0,2,0,1,0
2024,3,160000,0,2,0,1,0
2025,1,154700,100,2,0,1,0
2024,3,60300,0,2,0,1,0
2024,2,74200,0,2,0,1,0
2025,3,251460,0,2,0,1,0
2024,1,76546,0,2,0,1,0
2024,3,190000,0,2,0,1,0
2025,3,175000,0,2,0,1,0
2025,2,142000,0,2,0,1,0
2024,3,160000,100,2,0,1,0
2025,4,174760,0,2,0,1,0
2024,2,110000,0,2,0,1,0
2024,2,250000,0,2,0,1,0
2025,2,175900,0,2,0,1,0
2025,2,144000,0,2,0,1,0
2025,3,104860,0,2,0,1,0
2024,4,142250,0,2,0,1,0
2024,1,33500,0,2,0,1,0
2024,1,110400,0,2,0,1,0
2025,3,60000,0,2,0,1,0
2022,2,58000,0,1,0,1,0
2025,4,180000,100,2,0,1,0
2025,3,179200,0,2,0,1,0
2025,3,130000,100,2,0,1,0
2025,3,204000,100,2,0,1,0
2024,3,136800,0,2,0,1,0
2024,2,95000,0,2,0,1,0
2025,2,55000,0,2,0,1,0
2025,1,64000,0,2,0,1,0
2024,3,120000,0,2,0,1,0
2023,3,136000,100,2,0,1,0
2025,2,312200,0,2,0,1,0
2025,3,130000,0,2,0,1,0
2024,1,190000,100,2,0,1,0
2024,3,196000,100,2,0,1,0
2024,3,160000,100,2,0,1,0
2024,3,259000,0,2,0,1,0
2024,3,129800,0,2,0,1,0
2024,3,278000,0,2,0,1,0
2025,3,232396,0,2,0,1,0
2024,3,96000,0,2,0,1,0
2024,3,118500,100,2,0,1,0
2024,3,130000,100,2,0,1,0
2025,2,122292,0,2,0,1,0
2025,3,362400,0,2,0,1,0
2024,3,220000,0,2,0,1,0
2025,1,125098,0,2,0,1,0
2025,2,140109,0,3,0,1,0
2024,3,220000,100,2,0,1,0
2024,3,234000,0,2,0,1,0
2024,3,109500,0,2,0,1,0
2025,2,75000,100,2,0,1,0
2024,2,200000,0,2,0,1,0
2024,2,172000,0,2,0,1,0
2024,3,128000,0,2,0,1,0
2025,3,100000,0,2,0,1,0
2025,3,82278,0,2,0,1,0
2024,1,80000,0,2,0,1,0
2025,3,160000,0,2,0,1,0
2025,2,67100,0,2,0,1,0
2025,2,99900,0,2,0,1,0
2025,2,29747,0,2,0,1,0
2024,2,80000,0,2,0,1,0
2024,3,143000,0,2,0,1,0
2025,1,135300,0,2,0,1,0
2025,2,54000,0,2,0,1,0
2025,3,170000,0,2,0,1,0
2025,2,88500,0,2,0,1,0
2023,3,185000,0,2,0,1,0
2024,3,220000,0,2,0,1,0
2025,1,61000,0,2,0,1,0
2024,4,165000,0,2,0,1,0
2025,2,84000,0,2,0,1,0
2025,1,94000,100,2,0,1,0
2025,3,193000,0,2,0,1,0
2025,2,264200,0,2,0,1,0
2025,2,69000,0,2,0,1,0
2024,4,195000,0,2,0,1,0
2025,4,246000,0,2,0,1,0
2025,3,99000,0,2,0,1,0
2025,2,90000,0,2,0,1,0
2024,2,99300,0,2,0,1,0
2025,3,195000,0,2,0,1,0
2023,3,130000,0,2,0,1,0
2024,3,155000,100,2,0,1,0
2024,2,145000,0,2,0,1,0
2024,3,123000,0,2,0,1,0
2024,3,247500,100,2,0,1,0
2025,3,135000,0,2,0,1,0
2025,3,219000,100,2,0,1,0
2025,3,158000,0,2,0,1,0
2025,1,101540,100,2,0,1,0
2025,1,31645,0,2,0,1,0
2024,3,279900,0,3,0,1,0
2020,1,250000,50,3,0,1,0
2024,3,125000,100,2,0,1,0
2025,1,60000,100,2,0,1,0
2024,3,125000,100,2,0,1,0
2025,2,96310,0,2,0,1,0
2024,3,255800,0,2,0,1,0
2025,2,93600,100,2,0,1,0
2024,2,117000,0,2,0,1,0
2025,1,79920,100,2,0,1,0
2025,3,188000,0,2,0,1,0
2023,3,205600,0,3,0,1,0
2025,2,179240,0,2,0,1,0
2024,3,240000,100,2,0,1,0
2024,3,165000,100,2,0,1,0
2025,1,121800,0,2,0,1,0
2025,3,350000,0,2,0,1,0
2025,3,192000,0,2,0,1,0
2025,1,94800,100,2,0,1,0
2024,3,192000,0,2,0,1,0
2024,3,275000,100,2,0,1,0
2025,3,240000,0,2,0,1,0
2024,1,137000,0,2,0,1,0
2025,3,120000,100,2,0,1,0
2024,3,304750,0,2,0,1,0
2025,2,212750,0,2,0,1,0
2024,2,165000,0,2,0,1,0
2024,3,223500,0,2,0,1,0
2025,3,158500,0,2,0,1,0
2023,3,142200,0,2,0,1,0
2023,3,226600,0,2,0,1,0
2025,3,78022,0,2,0,1,0
2024,3,155000,100,2,0,1,0
2025,3,100000,0,2,0,1,0
2023,3,135000,0,2,0,1,0
2025,3,144900,0,2,0,1,0
2025,1,130458,0,2,0,1,0
2024,3,104000,0,2,0,1,0
2024,3,126100,0,2,0,1,0
2024,3,190000,0,2,0,1,0
2024,1,216000,0,2,0,1,0
2025,1,45263,0,2,0,1,0
2024,3,294000,0,2,0,1,0
2024,3,130000,0,2,0,1,0
2023,2,125000,0,2,0,1,0
2024,3,135400,0,2,0,1,0
2025,3,364254,100,2,0,1,0
2025,3,120000,0,2,0,1,0
2024,1,93900,0,2,0,1,0
2024,3,224241,0,2,0,1,0
2024,2,129300,0,3,0,1,0
2025,1,80000,0,2,0,1,0
2025,2,77200,100,2,0,1,0
2025,3,180000,0,2,0,1,0
2025,1,103100,0,2,0,1,0
2025,1,35000,0,2,0,1,0
2024,2,70000,100,2,0,1,0
2024,3,122200,0,2,0,1,0
2023,3,173650,0,2,0,1,0
2022,2,22800,100,2,0,1,0
2025,3,226900,0,2,0,1,0
2024,3,109283,0,2,0,1,0
2024,3,58800,0,2,0,1,0
2025,3,86700,0,2,0,1,0
2025,2,141000,0,2,0,1,0
2025,3,130600,0,2,0,1,0
2025,3,260000,0,2,0,1,0
2024,3,125000,0,2,0,1,0
2024,1,89000,0,2,0,1,0
2023,3,300000,0,2,0,1,0
2024,3,220000,0,2,0,1,0
2025,3,110000,0,2,0,1,0
2025,2,121263,0,2,0,1,0
2024,3,132000,100,2,0,1,0
2025,3,125000,0,2,0,1,0
2025,3,147700,100,2,0,1,0
2024,3,207000,100,2,0,1,0
2024,2,132000,0,2,0,1,0
2024,3,101000,0,2,0,1,0
2024,3,246800,100,2,0,1,0
2024,3,121400,100,2,0,1,0
2025,3,137000,0,2,0,1,0
2025,3,153925,0,2,0,1,0
2024,2,222200,0,3,0,1,0
2024,3,187000,0,2,0,1,0
2024,3,194400,100,2,0,1,0
2024,3,306000,0,2,0,1,0
2025,3,231100,0,2,0,1,0
2025,2,80600,0,2,0,1,0
2024,2,177008,0,2,0,1,0
2023,2,59500,0,2,0,1,0
2024,2,81500,0,2,0,1,0
2024,3,177100,100,2,0,1,0
2024,3,245588,0,2,0,1,0
2025,2,190000,0,2,0,1,0
2025,3,150000,0,2,0,1,0
2025,3,240800,0,2,0,1,0
2024,2,81000,0,2,0,1,0
2024,3,210000,100,2,0,1,0
2024,3,280000,0,2,0,1,0
2024,2,130000,0,2,0,1,0
2025,2,115240,0,2,0,1,0
2024,2,140000,0,2,0,1,0
2025,3,160000,0,2,0,1,0
2023,1,94600,0,2,0,1,0
2024,3,78000,0,2,0,1,0
2024,3,312200,0,2,0,1,0
2025,3,148850,100,2,0,1,0
2025,3,230000,0,2,0,1,0
2024,3,149240,0,2,0,1,0
2025,3,160000,100,2,0,1,0
2024,3,186000,0,2,0,1,0
2025,2,150000,0,2,0,1,0
2025,3,143300,0,3,0,1,0
2022,2,127500,100,2,0,1,0
2024,3,117200,0,2,0,1,0
2024,3,148000,0,2,0,1,0
2025,3,150000,100,2,0,1,0
2025,3,160000,0,2,0,1,0
2024,3,152375,100,2,0,1,0
2024,2,62100,0,2,0,1,0
2024,3,275000,0,2,0,1,0
2024,3,199000,0,2,0,1,0
2025,3,237100,0,2,0,1,0
2025,2,187000,0,2,0,1,0
2023,3,175000,0,2,0,1,0
2024,3,132000,100,2,0,1,0
2025,1,69900,0,2,0,1,0
2025,2,80204,0,2,0,1,0
2025,3,138000,0,2,0,1,0
2025,2,76960,0,2,0,1,0
2024,3,103900,100,2,0,1,0
2024,2,120000,100,2,0,0,0
2025,3,270400,0,2,0,1,0
2025,3,166000,0,2,0,1,0
2025,3,210000,100,2,0,1,0
2024,3,260000,0,2,0,1,0
2024,3,135000,0,2,0,1,0
2025,3,144200,0,2,0,1,0
2022,3,140000,0,2,0,1,0
2023,3,160000,0,2,0,1,0
2025,3,105000,0,2,0,1,0
2023,3,163800,0,2,0,1,0
2023,3,168000,0,2,0,1,0
2025,3,142000,100,2,0,1,0
2024,3,173400,0,2,0,1,0
2024,3,127200,100,2,0,1,0
2024,3,110000,100,2,0,1,0
2024,2,155000,0,2,0,1,0
2025,3,129400,0,2,0,1,0
2025,3,109000,0,2,0,1,0
2024,2,110000,0,2,0,1,0
2024,3,355000,0,2,0,1,0
2025,2,200000,0,2,0,1,0
2024,3,84500,0,2,0,1,0
2024,3,142896,0,2,0,1,0
2025,3,244000,0,2,0,1,0
2025,3,165000,100,2,0,1,0
2025,2,220000,0,2,0,1,0
2025,2,133000,100,2,0,1,0
2025,4,170000,0,2,0,1,0
2024,2,169800,0,2,0,1,0
2024,3,115000,0,2,0,1,0
2022,3,142200,0,2,0,1,0
2025,2,126000,0,2,0,1,0
2024,3,360000,0,2,0,1,0
2025,3,133100,0,2,0,1,0
2025,3,162400,0,2,0,1,0
2025,2,90854,0,2,0,1,0
2024,2,173400,0,2,0,1,0
2024,3,216000,0,2,0,1,0
2024,1,82915,0,2,0,1,0
2020,1,49268,0,1,0,1,0
2025,3,170760,0,2,0,1,0
2025,3,142300,100,2,0,1,0
2025,2,196000,0,2,0,1,0
2024,2,118000,0,2,0,1,0
2025,2,170038,100,2,0,1,0
2024,3,117200,0,2,0,1,0
2025,3,245200,0,2,0,1,0
2024,3,79000,0,2,0,1,0
2024,2,138900,0,2,0,1,0
2024,3,160000,0,2,0,1,0
2022,2,73880,0,2,0,1,0
2024,3,211500,0,2,0,1,0
2025,3,167500,0,2,0,1,0
2024,3,160000,0,2,0,1,0
2023,3,225000,0,2,0,1,0
2023,3,57007,0,2,0,1,0
2025,3,170770,100,2,0,1,0
2023,1,33220,0,2,0,1,0
2024,3,175000,0,2,0,1,0
2023,3,110000,100,2,0,1,0
2024,1,79685,0,2,0,1,0
2024,3,194688,0,2,0,1,0
2024,2,138278,0,2,0,1,0
2024,3,218000,0,2,0,1,0
2023,3,130000,0,2,0,1,0
2024,3,144000,0,2,0,1,0
2024,3,195000,100,2,0,1,0
2025,2,29052,0,2,0,1,0
2025,2,153400,100,2,0,1,0
2025,3,185200,100,2,0,1,0
2024,2,200200,0,2,0,1,0
2025,3,122304,100,2,0,1,0
2024,1,161625,0,2,0,1,0
2024,2,112000,0,2,0,1,0
2024,3,186941,0,2,0,1,0
2023,1,32974,0,2,0,1,0
2025,1,70000,100,2,0,1,0
2025,2,172400,100,2,0,1,0
2024,3,155000,0,2,0,1,0
2024,1,150000,0,2,0,1,0
2024,3,78800,100,2,0,1,0
2024,3,215000,0,2,0,1,0
2025,2,150000,0,2,0,1,0
2025,3,115481,100,2,0,1,0
2025,3,180000,0,2,0,1,0
2025,3,157000,0,2,0,1,0
2025,3,94000,0,2,0,1,0
2024,2,200200,0,2,0,1,0
2024,2,69960,0,2,0,1,0
2024,2,47973,0,2,0,1,0
2025,3,208759,0,2,0,1,0
2024,2,132600,0,2,0,1,0
2024,1,80000,0,2,0,1,0
2025,1,104000,0,2,0,1,0
2024,3,81800,0,2,0,1,0
2025,3,87700,100,2,0,1,0
2025,3,299375,0,2,0,1,0
2024,2,264200,0,2,0,1,0
2024,3,150000,0,2,0,1,0
2025,1,61466,0,2,0,1,0
2025,1,109922,0,2,0,1,0
2025,2,132250,0,2,0,1,0
2024,3,121400,0,2,0,1,0
2025,3,81400,100,2,0,1,0
2024,1,109900,100,2,0,1,0
2025,1,102066,100,2,0,1,0
2025,1,75000,0,2,0,1,0
2023,1,86000,0,2,0,1,0
2025,3,31000,100,2,0,1,0
2024,3,167500,0,2,0,1,0
2025,1,96350,0,2,0,1,0
2025,1,119600,0,2,0,1,0
2024,2,75600,0,2,0,1,0
2024,3,235000,0,2,0,1,0
2025,1,32000,100,2,0,0,1
2025,3,162000,0,2,0,1,0
2024,3,264200,0,2,0,1,0
2025,3,86800,0,2,0,1,0
2023,2,75000,0,2,0,1,0
2024,3,148000,0,2,0,1,0
2024,3,163700,0,2,0,1,0
2024,3,139100,0,3,0,1,0
2024,3,178250,0,2,0,1,0
2025,2,133000,0,2,0,1,0
2024,3,270000,0,2,0,1,0
2024,1,50000,0,2,0,1,0
2024,3,164000,0,2,0,1,0
2025,3,142500,0,2,0,1,0
2024,3,210000,0,2,0,1,0
2025,3,101265,0,2,0,1,0
2024,2,88275,0,2,0,1,0
2023,3,258700,0,2,0,1,0
2024,3,312200,0,2,0,1,0
2025,3,110000,0,2,0,1,0
2024,3,84600,0,2,0,1,0
2025,3,121100,0,2,0,1,0
2024,3,135000,100,2,0,1,0
2025,3,165000,100,2,0,1,0
2025,3,165000,100,2,0,1,0
2024,3,184300,0,2,0,1,0
2024,3,116000,0,2,0,1,0
2024,3,84000,0,2,0,1,0
2024,2,75600,0,2,0,1,0
2023,3,133300,0,2,0,1,0
2025,3,170000,0,2,0,1,0
2024,3,336001,100,2,0,1,0
2025,3,116000,0,2,0,1,0
2024,1,75600,0,2,0,1,0
2025,3,90000,0,2,0,1,0
2025,3,231000,0,2,0,1,0
2025,2,60400,0,2,0,1,0
2025,1,65000,0,2,0,1,0
2025,3,132250,0,2,0,1,0
2025,3,175000,100,2,0,1,0
2024,3,79154,100,2,0,1,0
2024,3,284000,0,2,0,1,0
2024,2,160000,0,2,0,1,0
2024,1,78000,0,2,0,1,0
2025,3,237900,0,2,0,1,0
2025,3,190800,100,2,0,1,0
2024,3,209362,100,2,0,1,0
2024,3,112000,0,2,0,1,0
2025,2,111740,0,2,0,1,0
2024,2,104960,0,2,0,1,0
2024,2,100000,0,2,0,1,0
2024,3,220000,0,2,0,1,0
2024,1,50000,100,2,0,1,0
2025,2,290000,0,2,0,1,0
2025,2,102000,0,2,0,1,0
2024,2,150000,100,2,0,1,0
2024,3,136100,0,2,0,1,0
2024,3,98400,0,2,0,1,0
2025,2,175000,0,2,0,1,0
2025,3,172300,0,2,0,1,0
2024,1,144000,0,2,0,1,0
2024,3,125000,0,2,0,1,0
2025,2,18919,0,2,0,1,0
2024,2,76300,0,2,0,1,0
2025,2,204300,100,3,0,1,0
2025,3,160000,100,2,0,1,0
2024,3,168700,0,2,0,1,0
2024,2,311600,0,2,0,1,0
2023,3,200000,100,2,0,1,0
2025,3,117200,0,2,0,1,0
2024,2,58300,0,2,0,1,0
2025,3,175800,0,2,0,1,0
2025,2,178100,0,2,0,1,0
2025,3,225000,100,2,0,1,0
2023,2,81500,0,2,0,1,0
2024,2,123200,0,2,0,1,0
2025,2,140000,0,2,0,1,0
2024,1,84100,0,2,0,1,0
2023,3,351000,0,2,0,1,0
2024,2,85000,0,2,0,1,0
2024,2,47586,0,2,0,1,0
2025,3,178100,0,2,0,1,0
2024,4,260000,100,2,0,1,0
2025,3,199500,0,2,0,1,0
2024,3,131500,0,2,0,1,0
2024,3,192000,0,2,0,1,0
2024,2,155000,0,2,0,1,0
2024,2,158400,0,2,0,1,0
2024,3,95500,0,2,0,1,0
2024,3,149200,0,2,0,1,0
2025,2,230000,100,2,0,1,0
2023,3,130000,100,2,0,1,0
2024,3,212750,0,2,0,1,0
2025,3,180000,100,2,0,1,0
2023,3,150000,100,2,0,1,0
2023,3,115000,100,2,0,1,0
2023,3,91773,100,2,0,1,0
2025,3,167740,0,2,0,1,0
2024,3,150000,100,2,0,1,0
2024,3,132400,0,2,0,1,0
2024,3,68750,0,2,0,1,0
2024,3,159300,0,2,0,1,0
2025,2,106558,0,2,0,1,0
2022,3,59888,100,3,0,1,0
2025,3,110000,100,2,0,1,0
2024,3,163116,0,2,0,1,0
2025,3,202900,0,2,0,1,0
2025,2,212800,0,3,0,1,0
2024,3,180000,0,2,0,1,0
2025,2,100000,0,2,0,1,0
2024,3,155000,0,2,0,1,0
2025,3,180000,0,2,0,1,0
2025,2,130000,0,2,0,1,0
2021,3,195000,100,2,0,1,0
2024,2,140000,100,2,0,1,0
2023,3,146000,100,2,0,1,0
2025,3,293000,0,2,0,1,0
2024,3,297000,0,2,0,1,0
2024,2,166071,0,2,0,1,0
2024,3,130000,0,2,0,1,0
2024,3,95000,100,2,0,1,0
2025,1,199000,0,2,0,1,0
2024,2,62620,0,2,0,1,0
2024,2,101098,100,2,0,1,0
2024,3,250600,0,2,0,1,0
2024,3,230000,100,2,0,1,0
2025,3,147336,100,2,0,1,0
2024,2,253000,0,2,0,1,0
2024,2,145000,0,2,0,1,0
2024,1,54444,0,2,0,1,0
2025,3,159654,0,2,0,1,0
2025,3,195700,0,2,0,1,0
2024,3,190000,100,2,0,1,0
2025,2,129300,0,3,0,1,0
2024,3,239000,0,2,0,1,0
2025,1,38947,0,2,0,1,0
2025,2,170200,0,2,0,1,0
2024,3,143100,0,2,0,1,0
2024,3,130000,100,2,0,1,0
2025,3,550000,100,2,0,1,0
2025,2,200200,0,2,0,1,0
2025,3,139900,0,2,0,1,0
2025,3,108200,0,2,0,1,0
2025,3,238520,0,2,0,1,0
2024,3,93377,0,2,0,1,0
2025,3,193725,0,2,0,1,0
2024,3,201000,0,2,0,1,0
2024,3,100000,0,2,0,1,0
2024,3,161600,0,2,0,1,0
2025,2,205500,0,2,0,1,0
2025,3,109000,0,2,0,1,0
2024,3,143000,0,2,0,1,0
2023,2,81500,0,2,0,1,0
2024,3,130000,100,2,0,1,0
2024,3,96600,0,2,0,1,0
2025,1,107713,0,2,0,1,0
2024,1,100000,0,2,0,1,0
2025,3,126582,0,2,0,1,0
2024,3,130000,100,2,0,1,0
2024,2,48881,0,2,0,1,0
2024,2,208000,0,2,0,1,0
2025,3,175000,100,2,0,1,0
2025,2,120000,0,2,0,1,0
2024,1,241500,0,2,0,1,0
2025,3,217000,100,2,0,1,0
2024,3,48000,100,2,0,1,0
2024,2,185000,0,2,0,1,0
2025,3,170000,0,2,0,1,0
2024,1,75800,0,2,0,1,0
2024,1,86000,0,2,0,1,0
2024,1,101520,100,2,0,1,0
2024,3,103000,100,2,0,1,0
2025,2,79654,0,2,0,1,0
2025,3,75300,0,2,0,1,0
2025,3,130000,0,2,0,1,0
2024,3,263600,0,2,0,1,0
2024,2,148000,0,2,0,1,0
2025,2,75949,0,2,0,1,0
2024,3,378700,0,2,0,1,0
2024,2,220900,0,2,0,1,0
2024,2,169578,0,2,0,1,0
2025,3,165500,100,2,0,1,0
2023,3,239400,0,2,0,1,0
2025,1,80000,100,2,0,1,0
2025,2,90000,0,2,0,1,0
2024,3,78750,0,2,0,1,0
2025,2,31389,0,2,0,1,0
2024,2,91000,0,3,0,1,0
2025,2,168500,0,2,0,1,0
2025,3,95200,0,2,0,1,0
2024,3,186000,0,2,0,1,0
2024,2,200200,0,2,0,1,0
2024,3,62222,0,2,0,1,0
2025,2,180000,0,2,0,1,0
2024,2,77000,100,2,0,1,0
2025,3,105100,0,2,0,1,0
2025,3,168000,100,2,0,1,0
2023,2,238000,0,2,0,1,0
2024,3,175420,0,2,0,1,0
2025,3,143800,0,2,0,1,0
2024,3,115000,100,2,0,1,0
2025,3,128000,0,2,0,1,0
2025,4,135000,0,2,0,1,0
2024,3,170000,100,2,0,1,0
2024,3,235495,0,2,0,1,0
2024,1,58400,0,2,0,1,0
2025,3,190000,0,2,0,1,0
2025,3,107100,0,2,0,1,0
2025,3,78947,0,2,0,1,0
2024,3,208000,0,2,0,1,0
2024,3,117000,0,2,0,1,0
2024,2,200000,0,2,0,1,0
2025,3,185000,0,2,0,1,0
2024,3,127500,0,2,0,1,0
2024,3,175000,0,2,0,1,0
2024,3,250000,100,2,0,1,0
2024,3,156800,0,2,0,1,0
2025,3,264000,0,2,0,1,0
2025,3,158800,0,2,0,1,0
2025,2,113300,0,2,0,1,0
2024,3,160000,0,2,0,1,0
2024,3,131000,0,2,0,1,0
2025,3,131000,0,2,0,1,0
2023,3,254000,0,2,0,1,0
2025,3,200000,0,2,0,1,0
2025,3,150000,0,2,0,1,0
2025,3,204900,0,2,0,1,0
2024,3,150000,100,2,0,1,0
2025,2,177000,0,2,0,1,0
2025,3,53797,0,2,0,1,0
2025,3,145000,0,2,0,1,0
2025,1,65263,0,2,0,1,0
2025,3,73710,0,2,0,1,0
2025,3,111100,0,2,0,1,0
2024,3,183100,0,2,0,1,0
2025,2,107900,0,2,0,1,0
2024,3,260800,100,2,0,1,0
2025,3,102000,0,2,0,1,0
2024,3,225000,100,2,0,1,0
2025,2,100000,0,2,0,1,0
2025,3,210000,100,2,0,1,0
2022,3,37824,0,2,0,1,0
2024,1,355000,0,2,0,1,0
2025,3,95000,100,2,0,1,0
2025,3,150000,100,2,0,1,0
2024,3,130000,100,2,0,1,0
2024,3,63000,100,2,0,1,0
2025,3,175000,0,2,0,1,0
2025,3,219400,0,2,0,1,0
2024,3,100000,0,2,0,1,0
2025,3,79400,0,2,0,1,0
2024,3,92500,100,2,0,1,0
2024,3,117200,0,2,0,1,0
2024,3,155100,100,2,0,1,0
2024,2,207000,0,2,0,1,0
2025,3,143000,0,2,0,1,0
2024,3,250000,0,2,0,1,0
2025,3,105100,0,2,0,1,0
2024,1,148000,0,2,0,1,0
2025,2,189000,0,2,0,1,0
2024,2,85252,0,2,0,1,0
2024,1,174600,0,2,0,1,0
2025,3,184300,0,2,0,1,0
2024,3,304800,100,2,0,1,0
2025,3,469000,0,2,0,1,0
2025,2,211000,0,2,0,1,0
2024,3,188000,0,2,0,1,0
2024,1,81700,0,2,0,1,0
2024,2,341734,0,2,0,1,0
2025,2,207575,0,2,0,1,0
2024,3,93750,0,2,0,1,0
2024,3,180000,0,2,0,1,0
2024,2,195000,0,2,0,1,0
2025,3,190310,0,2,0,1,0
2024,1,30000,0,2,0,1,0
2022,3,38154,100,3,0,1,0
2024,2,190000,0,2,0,1,0
2024,3,62500,0,2,0,1,0
2024,1,79700,0,2,0,1,0
2025,3,110400,100,2,0,1,0
2024,3,90000,0,3,0,1,0
2025,3,153925,0,2,0,1,0
2025,1,158800,0,2,0,1,0
2024,2,20000,0,2,0,1,0
2025,3,110000,0,2,0,1,0
2025,2,115000,0,2,0,1,0
2024,3,259700,100,2,0,1,0
2025,3,140000,100,2,0,1,0
2025,3,356500,0,2,0,1,0
2025,3,170000,100,2,0,1,0
2024,3,67500,0,2,0,1,0
2024,3,150000,100,2,0,1,0
2025,3,100900,100,2,0,1,0
2024,1,200000,0,2,0,1,0
2024,3,75200,0,2,0,1,0
2025,3,97000,100,2,0,1,0
2024,2,260100,100,2,0,1,0
2024,3,294000,0,2,0,1,0
2025,3,244000,100,2,0,1,0
2025,3,85000,0,2,0,1,0
2024,2,100000,0,2,0,1,0
2024,3,178200,0,2,0,1,0
2025,2,97097,0,2,0,1,0
2025,3,117000,0,2,0,1,0
2024,3,185000,0,3,0,1,0
2024,2,287500,0,2,0,1,0
2025,1,57810,0,2,0,1,0
2025,2,95200,100,2,0,1,0
2025,1,95717,0,2,0,1,0
2025,3,150000,100,2,0,1,0
2025,4,251000,0,2,0,1,0
2024,3,128000,0,2,0,1,0
2025,4,220000,0,2,0,1,0
2024,1,31250,0,2,0,1,0
2024,3,119700,0,2,0,1,0
2023,3,95000,100,2,0,1,0
2025,3,240000,0,2,0,1,0
2025,3,213000,0,2,0,1,0
2025,3,180000,0,2,0,1,0
2024,3,160000,0,2,0,1,0
2025,3,175800,0,2,0,1,0
2025,3,200000,0,2,0,1,0
2024,1,56250,0,2,0,1,0
2024,3,85000,0,2,0,1,0
2025,3,90000,0,2,0,1,0
2025,3,236800,100,2,0,1,0
2024,3,180000,0,2,0,1,0
2024,2,128000,0,2,0,1,0
2025,3,100000,0,2,0,1,0
2024,3,399600,0,2,0,1,0
2024,3,210000,0,2,0,1,0
2024,3,203940,0,2,0,1,0
2025,3,117300,0,3,0,1,0
2025,3,405000,0,2,0,1,0
2024,1,137750,0,2,0,1,0
2023,3,185900,0,2,0,1,0
2025,3,114750,0,2,0,1,0
2024,3,339250,0,2,0,1,0
2024,3,251000,0,2,0,1,0
2025,2,145000,0,2,0,1,0
2025,2,167800,0,2,0,1,0
2025,1,94800,100,2,0,1,0
2024,2,122700,0,2,0,1,0
2024,2,80845,0,2,0,1,0
2025,3,171500,0,2,0,1,0
2024,2,203000,0,2,0,1,0
2024,3,332000,0,2,0,1,0
2024,2,160000,0,2,0,1,0
2025,4,350000,0,2,0,1,0
2025,2,122292,0,2,0,1,0
2024,3,337250,0,2,0,1,0
2024,3,189800,0,2,0,1,0
2025,3,187000,100,2,0,1,0
2025,3,175000,0,2,0,1,0
2025,3,175800,0,2,0,1,0
2024,3,166000,100,2,0,1,0
2024,2,92000,100,2,0,1,0
2024,3,112000,0,2,0,1,0
2025,3,165000,0,2,0,1,0
2024,2,109100,0,2,0,1,0
2024,3,465000,0,2,0,1,0
2025,4,350000,0,2,0,1,0
2024,2,310000,0,2,0,1,0
2024,2,194000,0,2,0,1,0
2023,3,102000,0,2,0,1,0
2024,2,195000,0,2,0,1,0
2024,1,72500,100,2,0,1,0
2025,3,146200,0,2,0,1,0
2024,3,180000,0,2,0,1,0
2024,2,173000,0,2,0,1,0
2024,3,180000,0,2,0,1,0
2025,1,46000,0,2,0,1,0
2024,3,337250,0,2,0,1,0
2024,2,275000,0,2,0,1,0
2025,3,110000,100,2,0,1,0
2025,3,153925,0,2,0,1,0
2025,3,225000,0,2,0,1,0
2025,2,200000,0,2,0,1,0
2025,1,65490,100,2,0,1,0
2024,3,167200,0,2,0,1,0
2025,3,96600,0,2,0,1,0
2024,2,120000,0,2,0,1,0
2025,3,164500,0,2,0,1,0
2025,2,74799,0,2,0,1,0
2025,2,220000,0,2,0,1,0
2025,3,95000,0,2,0,1,0
2025,2,148000,0,2,0,1,0
2024,2,355000,0,2,0,1,0
2024,3,184000,100,2,0,1,0
2023,3,90000,0,2,0,1,0
2024,2,112300,0,2,0,1,0
2024,3,163202,0,2,0,1,0
2023,3,104000,100,2,0,1,0
2024,3,126500,0,2,0,1,0
2025,3,294000,0,2,0,1,0
2025,2,137800,0,2,0,1,0
2025,2,87990,0,2,0,1,0
2025,3,143000,0,2,0,1,0
2025,3,117200,0,2,0,1,0
2025,3,252800,100,2,0,1,0
2024,2,127300,0,2,0,1,0
2025,1,50200,0,3,0,1,0
2024,2,117000,0,3,0,1,0
2025,2,85150,0,2,0,1,0
2024,3,110900,0,2,0,1,0
2023,3,142200,0,2,0,1,0
2024,3,175000,100,2,0,1,0
2024,3,187000,0,2,0,1,0
2025,2,161456,0,2,0,1,0
2025,2,136000,0,3,0,1,0
2025,2,198000,0,2,0,1,0
2025,2,36833,0,2,0,1,0
2024,3,265800,100,2,0,1,0
2025,3,160000,100,2,0,1,0
2024,3,162100,100,2,0,1,0
2024,3,135000,0,2,0,1,0
2024,2,125000,0,2,0,1,0
2024,2,143100,0,2,0,1,0
2025,3,152700,0,2,0,1,0
2024,3,221000,0,2,0,1,0
2025,3,145000,0,2,0,1,0
2025,3,128360,0,2,0,1,0
2025,1,26526,0,2,0,1,0
2024,3,196000,0,2,0,1,0
2024,3,185000,0,2,0,1,0
2024,2,123000,0,2,0,1,0
2025,2,350000,0,2,0,1,0
2025,4,150000,100,2,0,1,0
2025,2,173000,0,2,0,1,0
2025,3,201000,100,2,0,1,0
2024,2,153200,100,2,0,1,0
2024,3,79666,100,2,0,1,0
2021,3,150000,100,2,0,1,0
2025,3,141000,0,2,0,1,0
2025,3,137600,0,2,0,1,0
2024,2,95761,0,2,0,1,0
2024,2,250000,0,2,0,1,0
2025,2,133870,0,2,0,1,0
2024,3,111400,0,2,0,1,0
2024,2,80000,0,2,0,1,0
2024,3,140000,0,2,0,1,0
2024,2,145000,100,2,0,1,0
2024,2,56811,0,2,0,1,0
2025,2,50330,0,2,0,1,0
2024,3,113145,100,2,0,1,0
2024,2,250000,0,2,0,1,0
2025,3,340000,0,2,0,1,0
2022,3,136100,0,2,0,1,0
2024,3,195500,0,2,0,1,0
2023,3,170045,0,2,0,1,0
2025,3,104700,0,2,0,1,0
2025,3,286000,0,2,0,1,0
2024,3,120700,0,2,0,1,0
2023,1,85256,0,2,0,1,0
2024,1,720000,0,2,0,1,0
2025,3,168000,0,2,0,1,0
2025,2,210000,0,2,0,1,0
2024,3,178250,0,2,0,1,0
2025,3,94736,0,2,0,1,0
2025,3,74285,0,2,0,1,0
2025,3,271000,100,2,0,1,0
2025,3,109450,0,2,0,1,0
2024,3,202000,0,2,0,1,0
2025,3,123700,100,2,0,1,0
2025,1,151800,0,2,0,1,0
2025,2,166810,100,2,0,1,0
2024,3,95000,100,2,0,1,0
2024,2,82500,0,2,0,1,0
2024,3,252000,0,2,0,1,0
2024,3,140000,0,2,0,1,0
2024,1,96800,0,2,0,1,0
2024,2,276000,0,2,0,1,0
2025,3,169700,0,2,0,1,0
2024,3,235680,0,2,0,1,0
2024,3,180000,0,2,0,1,0
2025,3,177215,100,2,0,1,0
2023,3,172200,0,2,0,1,0
2025,3,265080,0,2,0,1,0
2023,3,106000,0,2,0,1,0
2025,3,250000,0,2,0,1,0
2025,3,175000,0,2,0,1,0
2025,3,168400,0,2,0,1,0
2024,3,180000,0,2,0,1,0
2024,3,170000,0,2,0,1,0
2025,3,300105,0,2,0,1,0
2024,3,110000,0,2,0,1,0
2024,3,195000,100,2,0,1,0
2023,3,151800,100,2,0,1,0
2024,3,208672,100,2,0,1,0
2024,2,145000,0,2,0,1,0
2025,2,152857,100,2,0,1,0
2025,3,162000,0,2,0,1,0
2024,3,158000,100,2,0,1,0
2025,1,107122,0,2,0,1,0
2025,3,158600,0,2,0,1,0
2024,1,58717,0,2,0,1,0
2025,2,77500,0,2,0,1,0
2025,3,310500,0,2,0,1,0
2023,3,160000,100,2,0,1,0
2025,3,160000,100,2,0,1,0
2024,3,215000,0,2,0,1,0
2024,3,112000,0,2,0,1,0
2025,3,126000,0,2,0,1,0
2025,2,350000,0,2,0,1,0
2025,3,214032,0,2,0,1,0
2025,2,180800,0,2,0,1,0
2024,3,355000,0,2,0,1,0
2025,2,177000,0,2,0,1,0
2025,2,290000,0,2,0,1,0
2025,2,271400,0,2,0,1,0
2024,2,120000,0,2,0,1,0
2024,2,170000,100,2,0,1,0
2025,2,123250,0,2,0,1,0
2024,3,117200,0,2,0,1,0
2022,2,110000,0,2,0,1,0
2025,3,125000,0,2,0,1,0
2024,2,54000,100,2,0,1,0
2024,3,173000,0,2,0,1,0
2024,3,117200,0,2,0,1,0
2025,3,98480,0,2,0,1,0
2025,3,231000,0,2,0,1,0
2024,2,89600,0,3,0,1,0
2025,1,80000,0,2,0,1,0
2024,2,99190,0,2,0,1,0
2024,2,64900,0,2,0,1,0
2024,2,279400,0,2,0,1,0
2023,2,199700,0,2,0,1,0
2025,2,170000,0,2,0,1,0
2024,2,37500,0,2,0,1,0
2024,2,120000,0,2,0,1,0
2024,2,188856,0,2,0,1,0
2024,3,121600,100,2,0,1,0
2025,2,150000,0,2,0,1,0
2025,3,215270,100,2,0,1,0
2025,2,98300,0,2,0,1,0
2024,3,160000,100,2,0,1,0
2024,3,180000,100,2,0,1,0
2025,3,153000,100,2,0,1,0
2025,2,95000,0,2,0,1,0
2024,2,140000,0,2,0,1,0
2025,2,141394,0,2,0,1,0
2024,3,59100,100,2,0,1,0
2024,2,212800,0,3,0,1,0
2025,2,131000,100,2,0,1,0
2025,3,187000,0,2,0,1,0
2024,1,190000,0,2,0,1,0
2025,3,168000,0,2,0,1,0
2025,3,166000,0,2,0,1,0
2025,3,120000,100,2,0,1,0
2025,3,110000,100,2,0,1,0
2025,3,144200,0,2,0,1,0
2025,3,110000,0,2,0,1,0
2025,3,230000,0,2,0,1,0
2024,3,133100,0,2,0,1,0
2025,3,184672,0,2,0,1,0
2024,3,175000,100,2,0,1,0
2025,4,440190,0,2,0,1,0
2025,2,155000,0,2,0,1,0
2025,3,168700,0,2,0,1,0
2024,1,122000,0,2,0,1,0
2025,2,95295,0,2,0,1,0
2024,2,160000,0,2,0,1,0
2025,3,220000,0,2,0,1,0
2024,3,158130,100,2,0,1,0
2025,3,110000,0,2,0,1,0
2025,2,192400,0,2,0,1,0
2024,2,117000,100,2,0,1,0
2024,3,149000,0,2,0,1,0
2024,3,212000,0,2,0,1,0
2025,2,113271,0,2,0,1,0
2023,3,125000,0,2,0,1,0
2024,3,80000,100,2,0,1,0
2025,1,178392,0,2,0,1,0
2024,3,142000,0,2,0,1,0
2023,3,134960,50,2,0,1,0
2024,2,103500,100,2,0,1,0
2024,3,264480,0,2,0,1,0
2024,3,465000,0,2,0,1,0
2024,3,142000,0,2,0,1,0
2023,3,225000,0,2,0,1,0
2024,3,207000,0,2,0,1,0
2024,2,135000,100,2,0,1,0
2024,3,183000,100,2,0,1,0
2025,3,142320,0,2,0,1,0
2024,2,119808,0,2,0,1,0
2025,2,295000,0,2,0,1,0
2025,2,169000,0,2,0,1,0
2025,3,180000,100,2,0,1,0
2024,3,226000,0,2,0,1,0
2025,3,363000,0,2,0,1,0
2025,2,155037,100,2,0,1,0
2025,4,156400,0,2,0,1,0
2024,2,129851,0,2,0,1,0
2024,2,132000,0,2,0,1,0
2024,2,123200,0,2,0,1,0
2025,3,158400,0,2,0,1,0
2024,2,160000,0,2,0,1,0
2024,3,102300,0,2,0,1,0
2024,2,55955,0,2,0,1,0
2024,1,437502,0,2,0,1,0
2025,3,101500,0,2,0,1,0
2024,3,234000,0,2,0,1,0
2024,3,139400,0,2,0,1,0
2025,2,151440,0,2,0,1,0
2024,3,176446,0,2,0,1,0
2024,3,355000,0,2,0,1,0
2024,2,112000,0,2,0,1,0
2025,3,130830,0,2,0,1,0
2025,3,124000,0,2,0,1,0
2025,3,107300,0,2,0,1,0
2024,3,86840,100,2,0,1,0
2024,3,265000,0,2,0,1,0
2024,2,118800,0,2,0,1,0
2025,3,252500,100,2,0,1,0
2024,1,74500,0,2,0,1,0
2024,3,91500,0,2,0,1,0
2025,3,101052,0,2,0,1,0
2025,3,127300,0,2,0,1,0
2025,3,145000,100,2,0,1,0
2024,3,247300,0,2,0,1,0
2024,3,160000,100,2,0,1,0
2025,3,132000,100,2,0,1,0
2025,3,218030,0,2,0,1,0
2021,2,90734,50,3,0,1,0
2024,3,69400,0,2,0,1,0
2024,2,128544,0,2,0,1,0
2024,4,267500,0,2,0,1,0
2025,1,65000,100,2,0,1,0
2025,2,70000,0,2,0,1,0
2024,3,178200,0,2,0,1,0
2025,2,230000,0,2,0,1,0
2025,3,108100,0,2,0,1,0
2024,3,75000,0,2,0,1,0
2024,1,106400,0,2,0,1,0
2024,2,150000,0,2,0,1,0
2023,3,116000,100,2,0,1,0
2025,3,82105,0,2,0,1,0
2025,3,201840,100,2,0,1,0
2020,2,35735,50,3,0,1,0
2025,2,173800,100,2,0,1,0
2024,3,265000,0,2,0,1,0
2025,3,90000,0,2,0,1,0
2024,3,235000,0,2,0,1,0
2024,1,37000,0,2,0,1,0
2025,3,230000,0,2,0,1,0
2024,3,180000,0,2,0,1,0
2025,3,196000,0,2,0,1,0
2025,3,145000,0,2,0,1,0
2025,3,136100,0,2,0,1,0
2022,3,37824,0,2,0,1,0
2025,3,211000,0,2,0,1,0
2024,3,113210,0,2,0,1,0
2024,3,302000,0,2,0,1,0
2025,2,163000,0,2,0,1,0
2024,4,237500,0,2,0,1,0
2025,3,220000,0,2,0,1,0
2025,2,64527,0,2,0,1,0
2025,2,225000,0,2,0,1,0
2025,3,175800,0,2,0,1,0
2025,2,162000,100,2,0,1,0
2025,2,405000,0,2,0,1,0
2023,3,174350,0,2,0,1,0
2024,2,150000,0,2,0,1,0
2025,2,100000,100,2,0,1,0
2024,3,158000,0,2,0,1,0
2023,2,68274,0,2,0,1,0
2024,3,184000,0,2,0,1,0
2025,3,170000,100,2,0,1,0
2025,2,150000,100,2,0,1,0
2023,2,166000,0,2,0,1,0
2025,1,113200,100,2,0,1,0
2024,2,104960,0,2,0,1,0
2025,3,42947,0,2,0,1,0
2025,3,182780,0,2,0,1,0
2024,1,107000,0,2,0,1,0
2024,2,160000,0,2,0,1,0
2024,3,245000,0,2,0,1,0
2024,3,251250,0,2,0,1,0
2025,3,151300,0,2,0,1,0
2024,3,250000,0,2,0,1,0
2025,3,115000,0,2,0,1,0
2024,3,170000,0,2,0,1,0
2024,3,97335,0,2,0,1,0
2025,2,109350,0,2,0,1,0
2024,3,140000,0,2,0,1,0
2025,3,222300,0,2,0,1,0
2025,3,220000,0,2,0,1,0
2025,3,220000,0,2,0,1,0
2025,4,314000,0,2,0,1,0
2024,3,160000,100,2,0,1,0
2025,3,146900,0,2,0,1,0
2025,3,191500,0,2,0,1,0
2024,4,170000,0,2,0,1,0
2024,2,200000,0,2,0,1,0
2023,2,175000,0,2,0,1,0
2024,3,158076,100,2,0,1,0
2025,2,80000,0,2,0,1,0
2024,2,195500,0,2,0,1,0
2023,3,278700,0,2,0,1,0
2025,3,236900,0,2,0,1,0
2025,2,135000,0,2,0,1,0
2024,3,56000,100,3,0,1,0
2024,3,163000,0,2,0,1,0
2024,3,157100,0,2,0,1,0
2023,3,156560,100,2,0,1,0
2025,3,119000,0,2,0,1,0
2024,3,171903,0,2,0,1,0
2025,3,164000,0,2,0,1,0
2025,2,115000,0,2,0,1,0
2025,1,235000,0,2,0,1,0
2025,3,218100,0,2,0,1,0
2025,2,178200,0,2,0,1,0
2025,3,173000,0,2,0,1,0
2024,3,173000,0,2,0,1,0
2025,1,56000,100,2,0,1,0
2023,3,330000,0,2,0,1,0
2024,3,166000,0,2,0,1,0
2025,4,226185,0,2,0,1,0
2025,2,260000,0,2,0,1,0
2022,3,153000,100,2,0,1,0
2024,1,112000,0,2,0,1,0
2024,3,143100,0,2,0,1,0
2025,1,80000,0,2,0,1,0
2024,2,163200,0,2,0,1,0
2025,3,231000,0,2,0,1,0
2025,3,198600,0,2,0,1,0
2025,2,141200,0,2,0,1,0
2025,4,256000,0,2,0,1,0
2025,3,115000,100,2,0,1,0
2023,2,100000,100,2,0,1,0
2024,2,90000,0,2,0,1,0
2024,2,70000,50,1,0,0,1
2024,3,165500,0,2,0,1,0
2025,3,172000,0,2,0,1,0
2024,3,190000,0,2,0,1,0
2024,2,160000,0,2,0,1,0
2024,3,419750,0,2,0,1,0
2025,3,165000,0,2,0,1,0
2024,2,65000,0,2,0,1,0
2024,3,239000,0,2,0,1,0
2024,3,241500,0,2,0,1,0
2024,2,160000,0,2,0,1,0
2025,3,132000,0,2,0,1,0
2025,2,99600,0,2,0,1,0
2025,2,164000,0,2,0,1,0
2024,2,200400,0,2,0,1,0
2025,1,98000,0,2,0,1,0
2025,2,126000,0,2,0,1,0
2025,4,212000,0,2,0,1,0
2025,3,184000,0,2,0,1,0
2025,3,130920,0,2,0,1,0
2025,3,194500,0,2,0,1,0
2024,2,129000,0,2,0,1,0
2025,3,193725,0,2,0,1,0
2022,3,180000,0,2,0,1,0
2025,2,124200,100,2,0,1,0
2025,1,120000,50,2,0,1,0
2025,3,215800,0,2,0,1,0
2025,1,215400,0,2,0,1,0
2025,3,198000,0,2,0,1,0
2024,2,86000,0,2,0,1,0
2025,2,108000,0,2,0,1,0
2024,3,146000,0,2,0,1,0
2024,3,92700,0,2,0,1,0
2025,2,153600,100,2,0,1,0
2025,3,194852,100,2,0,1,0
2025,2,91200,0,2,0,1,0
2024,2,16000,100,2,0,1,0
2025,2,160000,0,2,0,1,0
2024,1,194500,0,2,0,1,0
2025,3,264000,0,2,0,1,0
2024,3,419750,0,2,0,1,0
2025,3,186000,0,2,0,1,0
2024,3,226000,0,2,0,1,0
2024,3,75600,0,2,0,1,0
2023,2,165000,0,2,0,1,0
2025,2,180000,0,2,0,1,0
2025,2,78000,0,2,0,1,0
2025,3,225000,0,2,0,1,0
2025,3,200000,0,2,0,1,0
2024,2,158000,0,2,0,1,0
2025,3,224100,0,2,0,1,0
2024,3,152000,0,2,0,1,0
2025,3,120000,100,2,0,1,0
2023,3,124000,0,2,0,1,0
2024,3,250000,0,2,0,1,0
2024,3,200000,100,2,0,1,0
2025,3,101500,0,2,0,1,0
2025,2,252000,0,2,0,1,0
2024,2,122062,100,2,0,1,0
2024,2,100000,0,2,0,1,0
2024,3,127777,100,2,0,1,0
2024,3,90000,100,2,0,1,0
2025,3,180870,0,2,0,1,0
2025,3,150000,0,2,0,1,0
2025,3,150000,100,2,0,1,0
2025,2,192000,0,2,0,1,0
2024,3,136800,0,2,0,1,0
2024,3,130000,100,2,0,1,0
2025,3,234000,0,2,0,1,0
2024,3,140000,100,2,0,1,0
2025,3,23311,0,2,0,1,0
2025,2,95000,0,2,0,1,0
2024,2,108000,100,2,0,1,0
2024,2,263000,0,2,0,1,0
2025,2,219650,100,2,0,1,0
2025,2,102523,100,2,0,1,0
2025,1,163500,0,2,0,1,0
2024,2,222200,0,3,0,1,0
2024,3,140130,0,2,0,1,0
2025,3,188640,0,2,0,1,0
2024,3,234000,0,2,0,1,0
2023,2,90000,0,2,0,1,0
2024,2,149040,0,2,0,1,0
2024,2,56200,0,2,0,1,0
2024,3,211500,0,2,0,1,0
2024,3,207993,100,2,0,1,0
2025,2,64500,0,2,0,1,0
2024,3,80000,100,2,0,1,0
2024,2,96000,0,2,0,1,0
2025,2,114999,0,2,0,1,0
2023,3,67000,100,2,0,1,0
2025,3,405000,0,2,0,1,0
2024,2,153000,0,2,0,1,0
2024,3,149000,100,2,0,1,0
2024,3,133700,0,2,0,1,0
2025,3,275000,0,2,0,1,0
2025,3,80000,0,2,0,1,0
2024,3,101100,100,2,0,1,0
2024,2,155000,0,2,0,1,0
2024,3,163200,0,2,0,1,0
2024,3,165384,0,2,0,1,0
2025,3,110000,100,2,0,1,0
2025,3,176000,0,2,0,1,0
2024,3,175000,100,2,0,1,0
2025,2,230000,0,2,0,1,0
2024,3,70000,0,2,0,1,0
2024,3,117200,0,2,0,1,0
2024,2,395000,0,2,0,1,0
2024,3,91520,0,2,0,1,0
2024,2,222200,0,3,0,1,0
2024,2,142307,100,2,0,1,0
2024,2,135000,0,2,0,1,0
2025,4,132500,0,2,0,1,0
2024,2,75000,100,2,0,1,0
2025,2,69000,0,2,0,1,0
2025,2,204600,0,2,0,1,0
2024,3,289400,100,2,0,1,0
2025,1,92900,0,2,0,1,0
2025,3,156192,100,2,0,1,0
2025,2,200000,100,2,0,1,0
2025,2,125000,0,2,0,1,0
2024,3,144650,100,2,0,1,0
2025,3,246344,0,2,0,1,0
2024,3,132604,0,2,0,1,0
2025,3,143500,0,2,0,1,0
2024,3,150000,0,2,0,1,0
2025,3,150000,100,2,0,1,0
2025,3,162000,0,2,0,1,0
2024,2,112660,0,2,0,1,0
2024,1,110400,0,2,0,1,0
2024,3,185000,0,2,0,1,0
2024,3,350000,0,2,0,1,0
2024,2,62500,0,2,0,1,0
2025,3,265000,0,2,0,1,0
2024,2,80000,0,2,0,1,0
2024,2,120000,0,2,0,1,0
2025,2,200000,0,2,0,1,0
2024,3,250200,0,2,0,1,0
2025,2,212800,0,3,0,1,0
2024,2,184800,0,2,0,1,0
2024,3,203620,0,2,0,1,0
2025,3,162000,0,2,0,1,0
2025,3,166000,0,2,0,1,0
2025,2,100000,0,2,0,1,0
2024,2,64000,100,2,0,1,0
2024,3,313000,0,2,0,1,0
2025,4,300000,0,2,0,1,0
2024,4,215000,0,2,0,1,0
2024,3,151000,0,2,0,1,0
2025,3,82160,0,2,0,1,0
2024,2,222200,0,3,0,1,0
2024,3,192500,0,2,0,1,0
2024,3,250200,0,2,0,1,0
2024,2,172000,0,2,0,1,0
2025,3,119200,100,2,0,1,0
2024,2,159832,0,2,0,1,0
2025,3,241000,0,2,0,1,0
2025,3,145000,0,2,0,1,0
2023,3,204500,0,2,0,1,0
2022,3,116250,100,2,0,1,0
2025,4,230800,0,2,0,1,0
2024,3,113580,0,2,0,1,0
2024,3,218500,0,2,0,1,0
2024,3,209720,0,2,0,1,0
2023,3,150000,100,2,0,1,0
2024,3,112715,0,2,0,1,0
2025,3,75000,100,2,0,1,0
2025,2,129000,0,2,0,1,0
2025,2,130000,0,2,0,1,0
2024,3,120000,100,2,0,1,0
2025,2,130000,0,2,0,1,0
2024,2,131500,0,2,0,1,0
2024,3,258750,0,2,0,1,0
2025,2,186000,0,2,0,1,0
2025,3,159000,0,2,0,1,0
2025,3,180000,0,2,0,1,0
2025,2,137000,0,2,0,1,0
2025,1,34091,0,2,0,1,0
2025,3,113924,0,2,0,1,0
2025,3,115000,0,2,0,1,0
2024,3,253000,100,2,0,1,0
2025,3,93500,0,2,0,1,0
2024,3,280000,100,2,0,1,0
2024,3,112500,100,2,0,1,0
2025,1,104600,0,2,0,1,0
2024,2,100064,0,2,0,1,0
2025,1,120000,0,2,0,1,0
2024,3,355000,0,2,0,1,0
2023,3,159100,0,3,0,1,0
2025,3,217200,0,2,0,1,0
2025,2,190000,0,2,0,1,0
2025,1,88670,0,2,0,1,0
2025,1,135000,0,2,0,1,0
2024,4,113840,0,2,0,1,0
2024,2,140000,100,2,0,1,0
2025,3,179900,0,2,0,1,0
2022,3,195400,100,3,0,1,0
2025,3,118900,0,3,0,1,0
2025,2,116150,0,2,0,1,0
2025,3,132800,0,2,0,1,0
2025,3,174980,0,2,0,1,0
2025,2,108000,100,2,0,1,0
2023,2,103000,0,2,0,1,0
2025,3,253200,0,2,0,1,0
2024,3,111260,100,2,0,1,0
2025,3,75880,0,2,0,1,0
2025,3,198800,0,2,0,1,0
2024,2,142000,0,2,0,1,0
2024,4,191400,0,2,0,1,0
2024,3,49835,0,2,0,1,0
2024,3,22300,0,2,0,1,0
2024,3,167500,0,2,0,1,0
2025,2,151440,100,2,0,1,0
2024,3,199700,0,2,0,1,0
2025,3,196900,0,2,0,1,0
2022,2,61989,0,3,0,1,0
2024,3,309000,0,2,0,1,0
2024,2,84813,0,2,0,1,0
2025,1,119000,0,2,0,1,0
2023,3,227000,100,2,0,1,0
2024,3,175000,100,2,0,1,0
2024,3,215000,0,2,0,1,0
2025,1,137750,0,2,0,1,0
2024,2,88400,0,2,0,1,0
2025,3,92400,0,2,0,1,0
2024,1,65820,0,2,0,1,0
2024,3,167000,100,2,0,1,0
2025,3,188000,0,2,0,1,0
2024,3,127260,0,2,0,1,0
2024,2,155000,0,2,0,1,0
2023,3,75000,0,2,0,1,0
2024,3,335000,0,2,0,1,0
2024,3,94200,0,2,0,1,0
2024,2,183000,0,2,0,1,0
2025,3,129300,0,3,0,1,0
2025,3,83250,0,2,0,1,0
2025,2,120000,0,2,0,1,0
2024,3,177961,0,2,0,1,0
2024,3,234000,0,2,0,1,0
2024,3,164379,100,2,0,1,0
2025,2,200000,0,2,0,1,0
2024,3,144300,100,2,0,1,0
2025,3,184300,0,2,0,1,0
2024,3,256500,0,2,0,1,0
2025,3,136000,0,2,0,1,0
2025,3,240000,0,2,0,1,0
2024,3,129960,0,2,0,1,0
2024,3,120000,0,2,0,1,0
2024,3,191100,0,2,0,1,0
2024,2,251000,0,2,0,1,0
2024,2,200000,0,2,0,1,0
2024,3,158200,0,2,0,1,0
2025,3,178484,0,2,0,1,0
2025,2,465000,0,2,0,1,0
2025,3,105000,0,2,0,1,0
2024,3,58750,0,2,0,1,0
2025,2,98400,100,2,0,1,0
2024,2,185854,0,2,0,1,0
2024,2,185000,0,2,0,1,0
2023,3,115000,100,2,0,1,0
2025,3,136000,0,3,0,1,0
2025,3,190000,0,2,0,1,0
2025,3,104000,0,2,0,1,0
2025,3,175000,100,2,0,1,0
2022,3,231250,100,2,0,1,0
2024,2,137750,0,2,0,1,0
2024,2,75000,0,2,0,1,0
2024,4,214500,0,2,0,1,0
2024,2,204000,0,2,0,1,0
2023,3,110600,0,2,0,1,0
2023,3,183000,0,2,0,1,0
2025,1,46000,0,2,0,1,0
2024,3,191857,0,2,0,1,0
2025,3,108000,100,2,0,1,0
2023,3,148750,0,2,0,1,0
2023,3,140100,0,2,0,1,0
2025,2,290000,0,2,0,1,0
2025,3,140000,0,2,0,1,0
2024,3,146000,0,2,0,1,0
2024,2,230000,0,2,0,1,0
2024,1,180000,0,2,0,1,0
2025,3,148000,0,2,0,1,0
2023,2,38915,50,2,0,1,0
2025,3,90000,0,2,0,1,0
2025,3,182300,0,2,0,1,0
2024,1,59500,0,2,0,1,0
2025,3,190200,0,2,0,1,0
2025,3,211750,0,2,0,1,0
2024,3,220000,100,2,0,1,0
2024,3,178200,0,2,0,1,0
2025,3,158113,0,2,0,1,0
2024,2,115000,100,2,0,1,0
2025,1,79700,0,2,0,1,0
2024,2,152000,0,2,0,1,0
2025,3,195700,0,2,0,1,0
2024,2,106700,0,2,0,1,0
2024,3,160000,0,2,0,1,0
2024,3,96428,0,2,0,1,0
2025,2,140000,100,2,0,1,0
2025,2,108000,0,2,0,1,0
2024,2,116000,0,2,0,1,0
2024,2,240240,0,2,0,1,0
2025,3,175500,0,2,0,1,0
2024,2,187000,100,2,0,1,0
2025,4,287650,100,2,0,1,0
2025,3,438454,100,2,0,1,0
2025,3,87700,0,2,0,1,0
2024,3,168000,0,2,0,1,0
2025,3,442100,0,2,0,1,0
2025,3,143100,0,2,0,1,0
2025,3,132000,0,2,0,1,0
2024,2,130769,100,2,0,1,0
2025,3,155000,0,2,0,1,0
2025,2,73500,0,2,0,1,0
2023,2,161000,100,2,0,1,0
2024,3,100000,0,2,0,1,0
2025,2,112500,0,2,0,1,0
2025,3,150000,0,2,0,1,0
2025,3,180000,0,2,0,1,0
2025,2,134620,100,2,0,1,0
2025,2,300000,0,2,0,1,0
2024,2,130365,0,2,0,1,0
2024,1,80000,0,2,0,1,0
2024,3,79269,100,2,0,1,0
2025,1,130000,0,2,0,1,0
2024,3,117000,0,2,0,1,0
2024,3,166500,0,2,0,1,0
2025,1,115000,0,2,0,1,0
2024,3,125760,0,2,0,1,0
2023,3,280000,0,2,0,1,0
2025,2,76000,0,2,0,1,0
2025,3,164320,0,2,0,1,0
2025,1,65494,0,2,0,1,0
2025,3,170000,0,2,0,1,0
2025,3,287500,0,2,0,1,0
2024,2,200200,0,2,0,1,0
2024,2,138000,0,2,0,1,0
2023,3,170550,100,2,0,1,0
2022,2,31520,100,2,0,1,0
2024,3,250000,100,2,0,1,0
2024,3,73008,100,2,0,1,0
2025,3,216500,100,2,0,1,0
2025,1,52000,0,2,0,1,0
2024,2,72150,0,2,0,1,0
2025,3,90000,0,2,0,1,0
2025,3,200000,0,2,0,1,0
2024,3,248000,100,2,0,1,0
2024,3,134561,100,2,0,1,0
2025,3,205000,0,2,0,1,0
2025,3,110000,100,2,0,1,0
2023,3,370000,0,2,0,1,0
2025,3,160000,0,2,0,1,0
2025,1,70000,0,2,0,1,0
2024,2,290180,0,2,0,1,0
2025,2,126100,0,2,0,1,0
2024,2,104550,0,2,0,1,0
2025,3,157590,0,2,0,1,0
2024,3,337000,0,2,0,1,0
2025,2,61164,0,2,0,1,0
2025,3,120000,0,2,0,1,0
2024,2,120000,0,2,0,1,0
2025,1,299300,0,2,0,1,0
2025,2,50945,0,2,0,1,0
2024,1,57146,0,2,0,1,0
2024,2,110200,0,2,0,1,0
2025,1,125900,0,2,0,1,0
2025,3,130200,100,2,0,1,0
2025,3,220300,0,2,0,1,0
2025,3,167200,100,2,0,1,0
2024,2,87500,0,2,0,1,0
2025,3,115000,100,2,0,1,0
2025,1,75949,0,2,0,1,0
2024,3,185400,0,2,0,1,0
2025,3,148000,0,2,0,1,0
2024,1,110000,0,2,0,1,0
2025,3,375000,0,2,0,1,0
2024,3,212000,0,2,0,1,0
2025,2,215400,0,2,0,1,0
2024,2,56981,0,2,0,1,0
2024,3,122500,100,2,0,1,0
2024,1,160000,0,2,0,1,0
2024,3,115000,0,2,0,1,0
2024,3,208000,100,2,0,1,0
2025,3,156000,0,2,0,1,0
2025,3,99000,0,2,0,1,0
2024,3,625000,0,2,0,1,0
2025,3,130600,0,2,0,1,0
2025,3,193400,0,2,0,1,0
2024,2,100000,0,2,0,1,0
2024,2,152580,0,2,0,1,0
2024,2,177300,0,2,0,1,0
2024,3,148000,0,2,0,1,0
2024,3,221000,100,2,0,1,0
2024,3,78000,0,2,0,1,0
2024,4,176000,100,2,0,1,0
2024,3,97750,0,2,0,1,0
2025,3,96600,0,2,0,1,0
2025,3,257200,0,2,0,1,0
2024,3,265200,0,2,0,1,0
2024,2,67750,100,2,0,1,0
2024,3,247300,0,2,0,1,0
2025,3,175845,0,2,0,1,0
2025,2,177000,0,2,0,1,0
2024,3,127000,0,2,0,1,0
2024,1,66560,0,2,0,1,0
2024,3,287500,0,2,0,1,0
2025,3,287500,0,2,0,1,0
2025,4,250000,100,2,0,1,0
2025,2,177000,0,2,0,1,0
2025,2,120000,0,2,0,1,0
2025,3,150000,0,2,0,1,0
2025,3,105000,0,2,0,1,0
2024,2,96000,0,2,0,1,0
2025,3,171000,100,2,0,1,0
2025,2,145000,0,2,0,1,0
2025,2,92400,100,2,0,1,0
2025,3,96800,0,2,0,1,0
2025,3,175000,0,2,0,1,0
2024,3,175000,0,2,0,1,0
2024,2,170500,0,2,0,1,0
2025,2,124000,100,2,0,1,0
2025,2,129300,0,3,0,1,0
2024,3,172000,0,2,0,1,0
2025,3,220000,0,2,0,1,0
2024,2,219000,0,3,0,1,0
2025,3,180000,100,2,0,1,0
2025,3,200200,0,2,0,1,0
2024,1,75400,0,2,0,1,0
2024,2,200000,0,2,0,1,0
2025,3,163600,0,2,0,1,0
2024,3,220000,100,2,0,1,0
2025,3,141480,0,2,0,1,0
2025,3,120000,0,2,0,1,0
2024,3,175000,0,2,0,1,0
2025,3,183000,0,2,0,1,0
2024,2,440000,0,2,0,1,0
2024,3,100000,0,2,0,1,0
2025,1,46800,100,2,0,1,0
2023,4,145000,0,2,0,1,0
2025,3,142000,0,2,0,1,0
2024,2,138000,0,3,0,1,0
2024,3,275000,0,2,0,1,0
2024,3,185000,0,2,0,1,0
2025,1,80256,0,2,0,1,0
2025,2,85000,0,2,0,1,0
2023,2,73824,0,2,0,1,0
2025,2,140000,100,2,0,1,0
2025,3,140000,0,2,0,1,0
2024,3,130000,100,2,0,1,0
2025,3,165000,0,2,0,1,0
2024,3,297000,0,2,0,1,0
2025,3,139240,0,2,0,1,0
2025,3,115000,100,2,0,1,0
2024,2,174000,100,2,0,1,0
2025,3,258750,0,2,0,1,0
2025,3,168000,0,2,0,1,0
2025,2,43000,0,2,0,1,0
2025,3,140000,0,2,0,1,0
2025,3,161000,0,2,0,1,0
2025,3,52800,0,2,0,1,0
2025,3,247000,100,2,0,1,0
2024,4,90000,0,2,0,1,0
2024,1,27000,100,2,0,1,0
2025,3,140000,0,2,0,1,0
2024,2,91665,0,2,0,1,0
2024,2,142800,0,2,0,1,0
2024,2,120000,0,2,0,1,0
2024,3,217311,100,2,0,1,0
2024,3,178000,0,2,0,1,0
2025,2,172000,0,2,0,1,0
2024,3,142320,0,2,0,1,0
2025,3,218657,100,2,0,1,0
2025,2,156480,0,2,0,1,0
2023,1,85000,0,2,0,1,0
2024,2,109100,0,2,0,1,0
2024,2,175420,0,2,0,1,0
2024,3,135200,100,2,0,1,0
2025,2,72700,0,2,0,1,0
2025,3,143860,0,2,0,1,0
2025,3,132513,0,2,0,1,0
2025,3,190000,0,2,0,1,0
2025,3,340300,0,3,0,1,0
2025,3,168560,0,2,0,1,0
2024,3,206690,0,2,0,1,0
2025,3,124400,0,2,0,1,0
2025,3,171000,0,2,0,1,0
2025,1,44210,0,2,0,1,0
2025,2,156160,0,2,0,1,0
2024,3,150000,0,2,0,1,0
2025,3,113840,0,2,0,1,0
2025,2,212800,0,3,0,1,0
2023,3,125000,0,2,0,1,0
2024,3,223500,0,2,0,1,0
2024,1,91200,0,3,0,1,0
2024,2,164000,0,2,0,1,0
2024,2,236300,0,2,0,1,0
2024,2,151200,0,2,0,1,0
2025,2,124000,0,2,0,1,0
2024,3,225000,0,2,0,1,0
2025,3,139100,0,3,0,1,0
2023,2,100000,0,2,0,1,0
2023,3,205000,0,2,0,1,0
2024,3,419750,0,2,0,1,0
2025,3,296000,0,2,0,1,0
2024,2,200000,0,2,0,1,0
2025,3,121500,100,2,0,1,0
2025,2,123760,0,2,0,1,0
2025,2,110000,0,2,0,1,0
2024,3,96600,0,2,0,1,0
2025,2,82450,0,2,0,1,0
2024,3,85000,100,2,0,1,0
2024,3,78800,0,2,0,1,0
2023,3,136000,100,2,0,1,0
2024,3,220000,0,2,0,1,0
2025,3,202000,0,2,0,1,0
2025,2,83600,0,2,0,1,0
2024,2,120000,100,2,0,1,0
2024,3,117000,0,2,0,1,0
2025,2,184142,0,2,0,1,0
2023,3,160000,0,2,0,1,0
2024,3,111000,0,2,0,1,0
2024,1,62186,0,2,0,1,0
2025,3,101265,0,2,0,1,0
2024,3,90000,0,2,0,1,0
2025,3,89000,0,2,0,1,0
2025,2,80000,0,2,0,1,0
2024,3,156300,100,2,0,1,0
2023,2,75577,100,2,0,1,0
2025,3,115000,0,2,0,1,0
2025,3,175000,100,2,0,1,0
2024,2,350000,0,2,0,1,0
2025,3,251600,0,2,0,1,0
2024,3,166600,0,2,0,1,0
2025,2,318000,0,2,0,1,0
2024,3,152500,0,2,0,1,0
2025,2,103600,0,2,0,1,0
2024,3,96600,0,2,0,1,0
2024,3,178400,0,2,0,1,0
2024,3,136000,0,2,0,1,0
2024,2,250600,0,2,0,1,0
2025,3,142000,0,2,0,1,0
2024,1,50200,0,2,0,1,0
2025,3,185000,0,2,0,1,0
2024,2,192000,0,2,0,1,0
2025,1,228600,0,2,0,1,0
2024,1,137000,0,2,0,1,0
2024,3,132000,0,2,0,1,0
2024,3,202900,0,2,0,1,0
2024,2,165120,0,2,0,1,0
2025,3,207000,100,2,0,1,0
2025,3,266000,0,2,0,1,0
2025,3,244295,0,2,0,1,0
2025,2,180000,100,2,0,1,0
2024,2,254245,0,2,0,1,0
2025,2,68000,0,2,0,1,0
2025,3,185000,0,2,0,1,0
2025,2,93700,100,2,0,1,0
2025,3,110000,0,2,0,1,0
2024,3,148000,0,2,0,1,0
2024,1,198000,100,2,0,1,0
2024,2,131040,0,2,0,1,0
2024,2,82000,0,2,0,1,0
2024,3,284000,0,2,0,1,0
2024,2,211000,0,2,0,1,0
2024,2,72000,0,2,0,1,0
2024,3,195500,0,2,0,1,0
2025,3,129300,100,2,0,1,0
2024,2,57066,0,2,0,1,0
2025,3,106200,0,2,0,1,0
2025,2,100000,100,2,0,1,0
2025,2,156400,0,2,0,1,0
2025,3,160000,0,2,0,1,0
2025,2,47221,0,2,0,1,0
2025,3,103680,0,2,0,1,0
2025,3,85000,0,2,0,1,0
2025,3,206100,0,2,0,1,0
2025,3,110000,100,2,0,1,0
2025,3,194740,100,2,0,1,0
2025,3,125000,0,2,0,1,0
2025,2,140000,0,2,0,1,0
2025,1,58700,0,2,0,1,0
2024,1,90000,0,2,0,1,0
2025,3,186700,100,2,0,1,0
2022,3,185900,0,2,0,1,0
2025,2,178000,0,2,0,1,0
2025,3,147500,100,2,0,1,0
2024,3,285200,0,2,0,1,0
2025,4,275000,100,2,0,1,0
2025,3,252000,0,2,0,1,0
2024,3,198000,100,2,0,1,0
2025,3,173500,0,2,0,1,0
2025,3,250800,0,2,0,1,0
2024,2,195500,0,2,0,1,0
2023,3,385000,0,2,0,1,0
2024,3,410000,0,2,0,1,0
2025,2,220000,0,2,0,1,0
2025,2,123000,0,2,0,1,0
2024,1,40000,0,2,0,1,0
2024,1,56000,0,2,0,1,0
2024,2,56250,0,2,0,1,0
2024,1,90000,0,2,0,1,0
2024,3,177000,100,2,0,1,0
2024,3,222480,0,2,0,1,0
2024,2,149100,0,2,0,1,0
2024,2,133400,0,2,0,1,0
2024,4,97254,0,2,0,1,0
2025,2,173800,100,2,0,1,0
2025,4,145000,0,2,0,1,0
2025,3,130000,0,2,0,1,0
2024,1,148000,0,2,0,1,0
2025,2,131770,0,2,0,1,0
2024,3,305000,0,2,0,1,0
2022,3,68293,0,2,0,1,0
2025,2,100000,0,2,0,1,0
2024,3,94000,0,2,0,1,0
2025,3,183000,0,2,0,1,0
2025,2,95000,0,2,0,1,0
2023,3,216450,0,2,0,1,0
2024,2,195000,0,2,0,1,0
2024,3,105000,100,2,0,1,0
2023,3,309400,0,3,0,1,0
2025,3,219600,0,2,0,1,0
2025,3,142896,0,2,0,1,0
2024,2,100000,0,2,0,1,0
2025,3,264000,100,2,0,1,0
2024,3,322300,100,2,0,1,0
2024,3,178500,100,2,0,1,0
2025,2,198000,0,2,0,1,0
2025,2,117000,0,2,0,1,0
2024,4,208300,0,2,0,1,0
2024,2,45028,0,2,0,1,0
2025,2,165600,0,2,0,1,0
2025,3,260050,0,2,0,1,0
2025,2,75880,0,2,0,1,0
2025,2,166810,100,2,0,1,0
2025,3,205000,0,2,0,1,0
2024,2,117000,0,2,0,1,0
2025,3,142320,0,2,0,1,0
2025,3,196000,0,2,0,1,0
2024,3,150000,0,2,0,1,0
2025,3,140000,100,2,0,1,0
2024,3,161500,0,2,0,1,0
2023,3,140000,0,2,0,1,0
2024,1,86000,0,2,0,1,0
2025,3,144200,0,2,0,1,0
2024,1,92000,0,2,0,1,0
2025,3,294600,0,2,0,1,0
2025,3,161000,0,2,0,1,0
2025,2,140000,0,2,0,1,0
2025,2,146723,0,2,0,1,0
2024,3,440000,0,2,0,1,0
2025,3,167200,0,2,0,1,0
2024,2,135376,0,2,0,1,0
2024,3,291900,0,2,0,1,0
2025,3,101500,0,2,0,1,0
2025,2,162000,0,2,0,1,0
2025,3,98500,0,2,0,1,0
2024,3,286000,0,2,0,1,0
2024,1,105000,100,2,0,1,0
2024,2,287500,0,2,0,1,0
2025,2,163862,0,2,0,1,0
2024,3,117000,0,2,0,1,0
2024,3,116800,0,2,0,1,0
2025,2,293800,0,2,0,1,0
2024,3,206000,0,2,0,1,0
2025,3,76560,0,2,0,1,0
2025,3,176000,100,2,0,1,0
2023,3,247250,0,2,0,1,0
2025,3,451000,0,2,0,1,0
2025,2,101265,0,2,0,1,0
2024,3,385250,0,2,0,1,0
2024,3,129700,0,2,0,1,0
2024,3,139000,0,2,0,1,0
2025,2,242000,0,2,0,1,0
2024,2,251000,0,2,0,1,0
2024,2,140000,100,2,0,0,0
2025,2,295000,0,2,0,1,0
2024,3,251000,0,2,0,1,0
2024,3,120000,100,2,0,1,0
2024,3,78800,100,2,0,1,0
2024,2,140000,100,2,0,1,0
2024,2,251000,0,2,0,1,0
2024,3,170000,0,2,0,1,0
2024,2,186000,0,2,0,1,0
2024,3,115400,0,2,0,1,0
2025,2,178100,0,2,0,1,0
2025,3,181000,0,2,0,1,0
2025,2,153925,0,2,0,1,0
2024,3,250000,0,2,0,1,0
2025,3,117200,100,2,0,1,0
2025,3,130000,0,2,0,1,0
2025,2,90000,0,2,0,1,0
2024,1,75800,0,2,0,1,0
2024,2,118900,0,3,0,1,0
2025,3,120000,0,2,0,1,0
2024,2,223600,0,3,0,1,0
2025,3,175800,0,2,0,1,0
2025,3,107300,0,2,0,1,0
2025,2,136000,0,3,0,1,0
2024,2,222200,0,3,0,1,0
2024,4,152311,0,2,0,1,0
2024,3,355000,0,2,0,1,0
2025,2,200000,100,2,0,1,0
2025,3,90000,0,2,0,1,0
2024,2,264200,0,2,0,1,0
2025,3,154285,100,2,0,1,0
2024,2,65000,100,2,0,1,0
2023,3,204500,0,2,0,1,0
2025,3,165000,100,2,0,1,0
2024,1,101000,100,2,0,1,0
2024,3,64600,0,2,0,1,0
2025,3,163000,0,2,0,1,0
2025,4,126863,0,2,0,1,0
2025,4,213620,0,2,0,1,0
2025,3,186900,0,2,0,1,0
2024,3,96200,100,2,0,1,0
2025,2,123734,0,2,0,1,0
2024,3,126600,0,2,0,1,0
2025,2,150000,0,2,0,1,0
2025,3,160200,0,2,0,1,0
2025,3,184000,0,2,0,1,0
2024,2,74240,100,2,0,1,0
2025,3,105000,0,2,0,1,0
2024,2,70000,0,2,0,1,0
2024,3,144000,0,2,0,1,0
2024,3,202800,100,3,0,1,0
2025,3,140000,100,2,0,1,0
2023,3,145900,0,2,0,1,0
2024,3,172300,0,2,0,1,0
2025,3,356500,0,2,0,1,0
2023,3,110736,0,2,0,1,0
2025,3,185000,0,2,0,1,0
2024,2,75000,0,2,0,1,0
2025,3,207000,0,2,0,1,0
2024,3,252000,0,2,0,1,0
2024,1,85000,0,2,0,1,0
2025,3,143200,0,3,0,1,0
2025,3,385000,0,2,0,1,0
2023,3,115000,0,2,0,1,0
2023,2,115500,0,2,0,1,0
2024,3,250200,0,2,0,1,0
2024,3,178200,0,2,0,1,0
2025,3,204600,0,2,0,1,0
2024,2,98500,0,2,0,1,0
2025,3,80000,0,2,0,1,0
2025,3,130000,0,2,0,1,0
2024,3,224000,0,2,0,1,0
2024,3,118000,0,2,0,1,0
2025,2,180000,0,2,0,0,0
2023,3,204500,100,2,0,1,0
2023,3,93300,0,2,0,1,0
2024,3,186000,0,2,0,1,0
2025,3,107142,0,2,0,1,0
2025,3,191000,0,2,0,1,0
2024,3,119800,100,2,0,1,0
2024,2,128000,100,2,0,1,0
2024,2,205500,0,2,0,1,0
2024,3,205000,100,2,0,1,0
2025,3,153300,0,2,0,1,0
2024,3,206700,100,2,0,1,0
2025,3,119076,0,2,0,1,0
2025,3,110000,100,2,0,1,0
2024,3,155000,0,2,0,1,0
2024,3,113000,100,2,0,1,0
2024,3,117000,100,2,0,1,0
2025,2,93000,100,2,0,1,0
2025,3,118150,0,2,0,1,0
2025,3,153000,100,2,0,1,0
2024,2,105000,0,2,0,1,0
2025,3,151898,0,2,0,1,0
2024,3,122726,0,2,0,1,0
2024,2,145000,0,2,0,1,0
2025,3,90000,100,2,0,1,0
2025,2,162000,0,2,0,1,0
2025,3,307900,0,3,0,1,0
2025,4,270000,0,2,0,1,0
2025,2,160000,0,2,0,1,0
2025,3,250000,0,2,0,1,0
2024,2,49900,0,2,0,1,0
2025,3,227950,0,2,0,1,0
2025,3,186000,100,2,0,1,0
2025,3,290004,0,2,0,1,0
2024,2,62500,0,2,0,1,0
2024,3,134000,0,2,0,1,0
2025,2,66000,0,2,0,1,0
2022,3,136000,100,2,0,1,0
2021,2,20000,0,3,1,0,0
2025,2,163420,100,2,0,1,0
2023,3,90600,100,2,0,1,0
2025,3,184000,100,2,0,1,0
2025,3,161600,0,2,0,1,0
2024,3,123627,0,2,0,1,0
2023,2,160000,100,2,0,1,0
2025,3,265500,0,2,0,1,0
2025,2,85872,0,2,0,1,0
2025,3,144000,100,2,0,1,0
2025,3,144000,0,2,0,1,0
2023,3,167310,0,2,0,1,0
2025,4,190000,0,2,0,1,0
2024,2,84600,0,2,0,1,0
2025,3,231000,0,2,0,1,0
2024,2,143500,100,2,0,1,0
2025,3,85300,100,2,0,1,0
2024,3,240000,100,2,0,1,0
2024,3,200000,100,2,0,1,0
2025,3,139100,0,2,0,1,0
2025,3,143600,0,2,0,1,0
2025,1,55000,100,2,0,1,0
2024,3,123700,0,3,0,1,0
2025,1,21006,0,2,0,1,0
2024,3,115000,100,2,0,1,0
2024,3,135000,0,2,0,1,0
2025,3,141340,0,2,0,1,0
2025,3,168400,0,2,0,1,0
2024,2,150000,0,2,0,1,0
2025,3,122000,100,2,0,1,0
2024,2,89500,100,2,0,1,0
2024,1,95776,100,2,0,1,0
2024,2,144660,100,2,0,1,0
2024,1,116925,0,2,0,1,0
2025,3,86500,0,2,0,1,0
2025,3,117300,0,2,0,1,0
2024,2,91200,0,2,0,1,0
2024,2,100000,100,2,0,1,0
2025,3,80597,0,2,0,1,0
2025,3,147700,100,2,0,1,0
2024,3,110000,0,2,0,1,0
2024,3,190000,100,2,0,1,0
2024,2,212000,0,2,0,1,0
2024,2,167500,0,2,0,1,0
2024,3,132000,0,2,0,1,0
2022,1,55410,100,1,0,1,0
2024,1,60000,0,2,0,1,0
2025,1,161000,0,2,0,1,0
2024,3,127000,0,2,0,1,0
2024,3,169700,0,2,0,1,0
2024,1,253000,0,2,0,1,0
2024,2,120000,0,2,0,1,0
2024,3,124300,0,2,0,1,0
2025,2,79874,0,2,0,1,0
2025,3,135000,0,2,0,1,0
2025,1,230000,0,2,0,1,0
2023,3,106800,0,2,0,1,0
2024,1,41227,0,2,0,1,0
2025,3,206350,0,2,0,1,0
2024,2,95200,0,2,0,1,0
2024,2,179000,0,2,0,1,0
2025,2,200000,0,2,0,0,0
2024,3,175800,0,2,0,1,0
2025,3,150000,100,2,0,1,0
2024,3,200000,0,2,0,1,0
2024,3,120000,0,2,0,1,0
2025,1,66100,0,2,0,0,1
2025,2,178360,0,2,0,1,0
2025,2,154000,0,2,0,1,0
2024,3,85000,0,2,0,1,0
2024,3,125760,0,2,0,1,0
2024,3,122500,100,2,0,1,0
2025,3,169000,0,2,0,1,0
2024,4,350000,0,2,0,1,0
2024,2,65428,0,2,0,1,0
2024,3,286000,0,2,0,1,0
2025,2,82000,100,2,0,1,0
2025,2,89990,0,2,0,1,0
2024,3,230000,0,2,0,1,0
2025,3,97870,0,2,0,1,0
2024,3,92190,100,2,0,1,0
2025,3,107025,0,2,0,1,0
2025,3,137439,0,2,0,1,0
2024,2,67500,0,2,0,1,0
2025,3,130000,0,2,0,1,0
2024,2,81250,0,2,0,1,0
2024,2,65800,0,3,0,1,0
2025,3,326600,0,2,0,1,0
2024,3,110000,100,2,0,1,0
2025,3,146000,0,2,0,1,0
2024,1,80000,0,2,0,1,0
2024,3,156200,0,2,0,1,0
2024,3,211180,100,2,0,1,0
2023,3,180180,0,2,0,1,0
2024,3,170600,0,2,0,1,0
2025,2,153632,0,2,0,1,0
2025,3,138600,0,2,0,1,0
2024,3,120000,0,2,0,1,0
2024,3,262100,0,2,0,1,0
2025,3,334600,0,2,0,1,0
2025,3,195000,100,2,0,1,0
2024,3,244000,0,2,0,1,0
2024,4,150000,0,2,0,1,0
2024,3,110000,0,2,0,1,0
2025,2,162500,0,2,0,1,0
2025,1,90750,0,2,0,1,0
2025,1,47000,0,2,0,1,0
2022,3,209100,100,3,0,1,0
2024,2,124300,0,2,0,1,0
2023,3,104300,0,3,0,1,0
2025,2,111904,0,2,0,1,0
2024,2,93919,0,2,0,1,0
2025,2,150000,100,2,0,1,0
2023,3,190400,0,2,0,1,0
2025,2,246000,0,2,0,1,0
2025,3,210000,100,2,0,1,0
2025,3,193750,0,2,0,1,0
2024,2,200000,0,2,0,1,0
2024,3,253198,0,2,0,1,0
2024,3,109100,0,2,0,1,0
2024,2,185000,0,3,0,1,0
2024,3,187200,0,2,0,1,0
2024,3,135000,0,2,0,1,0
2025,3,145000,100,2,0,1,0
2025,2,190000,100,2,0,1,0
2024,3,250000,0,2,0,1,0
2024,3,212800,100,2,0,1,0
2024,2,84300,0,2,0,1,0
2024,3,165000,0,2,0,1,0
2024,2,173000,0,2,0,1,0
2024,3,89600,0,3,0,1,0
2024,3,72600,0,2,0,1,0
2025,3,204000,100,2,0,1,0
2024,3,65200,0,2,0,1,0
2024,3,108500,100,2,0,1,0
2025,3,159000,0,2,0,1,0
2024,1,72600,100,2,0,0,1
2025,3,225000,0,2,0,1,0
2023,3,139700,0,2,0,1,0
2025,3,115000,100,2,0,1,0
2025,3,160680,0,2,0,1,0
2024,3,230000,100,2,0,1,0
2024,2,95200,0,2,0,1,0
2025,2,70000,0,2,0,1,0
2025,2,425000,0,2,0,1,0
2024,3,96800,0,2,0,1,0
2023,3,142000,100,2,0,1,0
2024,2,128000,0,2,0,1,0
2025,3,141250,0,2,0,1,0
2025,3,171500,0,2,0,1,0
2024,3,121500,0,2,0,1,0
2025,2,116000,0,2,0,1,0
2024,3,195000,0,2,0,1,0
2025,3,171600,100,2,0,1,0
2025,3,170000,0,2,0,1,0
2024,3,264200,0,2,0,1,0
2025,3,242300,0,2,0,1,0
2025,3,160000,0,2,0,1,0
2024,3,128000,0,2,0,1,0
2023,3,160000,0,2,0,1,0
2025,3,155000,0,2,0,1,0
2025,3,225000,100,2,0,1,0
2025,3,250200,0,2,0,1,0
2025,3,63720,100,2,0,1,0
2024,3,151000,0,2,0,1,0
2025,3,153450,0,2,0,1,0
2024,2,135400,0,2,0,1,0
2025,3,106400,0,2,0,1,0
2025,3,132400,0,2,0,1,0
2024,1,73756,0,2,0,1,0
2025,3,140000,100,2,0,1,0
2024,3,77000,0,2,0,1,0
2024,2,100000,0,2,0,1,0
2024,3,164500,0,2,0,1,0
2024,3,93750,0,2,0,1,0
2024,3,166000,0,2,0,1,0
2024,3,214000,0,2,0,1,0
2025,3,299300,0,2,0,1,0
2024,3,180000,0,2,0,1,0
2025,3,264500,0,2,0,1,0
2024,3,126651,100,2,0,1,0
2024,4,218000,0,2,0,1,0
2025,2,169437,0,2,0,1,0
2024,3,114444,0,2,0,1,0
2025,3,170000,100,2,0,1,0
2024,2,161625,100,2,0,1,0
2025,3,175000,100,2,0,1,0
2024,3,174800,0,2,0,1,0
2024,3,211000,0,2,0,1,0
2025,3,153925,0,2,0,1,0
2024,2,130000,0,2,0,1,0
2024,3,213000,0,2,0,1,0
2025,3,144800,0,2,0,1,0
2025,3,104000,0,2,0,1,0
2024,3,149000,100,2,0,1,0
2024,3,160000,0,2,0,1,0
2025,2,130000,0,2,0,1,0
2025,3,163200,0,2,0,1,0
2025,3,110000,100,2,0,1,0
2024,1,63300,0,2,0,1,0
2024,4,150000,0,2,0,1,0
2025,2,221837,0,2,0,1,0
2025,3,300050,0,2,0,1,0
2025,3,310500,0,2,0,1,0
2025,3,124200,0,2,0,1,0
2024,3,210000,100,2,0,1,0
2024,3,148000,0,2,0,1,0
2024,3,212000,0,2,0,1,0
2024,2,63001,0,2,0,1,0
2024,3,179820,0,2,0,1,0
2024,3,235000,0,2,0,1,0
2024,2,97000,100,2,0,1,0
2025,3,182000,100,2,0,1,0
2025,4,115000,0,2,0,1,0
2024,3,138000,0,2,0,1,0
2024,2,71100,0,3,0,1,0
2024,2,50000,100,2,0,0,0
2025,3,165000,0,2,0,1,0
2024,2,181990,100,2,0,1,0
2025,3,150000,0,2,0,1,0
2025,2,158000,0,2,0,1,0
2024,3,130000,0,2,0,1,0
2023,2,73100,0,2,0,1,0
2024,3,239000,0,3,0,1,0
2024,2,136000,0,2,0,1,0
2024,3,115000,0,2,0,1,0
2025,3,188000,100,2,0,1,0
2024,3,166600,0,2,0,1,0
2025,3,174000,0,2,0,1,0
2025,2,241500,0,2,0,1,0
2025,3,270000,100,2,0,1,0
2023,3,138700,0,2,0,1,0
2024,3,225600,0,2,0,1,0
2024,3,185000,100,2,0,1,0
2025,3,100000,0,2,0,1,0
2025,1,128400,0,2,0,1,0
2023,3,102544,0,2,0,1,0
2024,2,208800,0,2,0,1,0
2024,3,108000,0,2,0,1,0
2024,1,405000,0,2,0,1,0
2025,3,230000,0,2,0,1,0
2024,3,165000,0,2,0,1,0
2024,1,97500,0,2,0,1,0
2024,3,180000,100,2,0,1,0
2025,1,56000,0,2,0,1,0
2024,3,322000,0,2,0,1,0
2024,3,76128,0,2,0,1,0
2024,3,75000,0,2,0,1,0
2025,3,53797,0,2,0,1,0
2025,3,140000,0,2,0,1,0
2024,3,171478,100,2,0,1,0
2024,3,138200,0,2,0,1,0
2024,2,73730,0,2,0,1,0
2024,1,110000,0,2,0,1,0
2024,1,68000,0,2,0,1,0
2023,3,168400,0,2,0,1,0
2024,1,26575,0,2,0,1,0
2025,3,142700,0,2,0,1,0
2023,3,170000,0,2,0,1,0
2025,2,85000,0,2,0,1,0
2024,3,122600,0,2,0,1,0
2025,3,143000,0,2,0,1,0
2025,3,50000,0,2,0,1,0
2025,3,100000,100,2,0,1,0
2024,3,181818,0,2,0,1,0
2025,3,216056,0,2,0,1,0
2024,3,75000,0,2,0,1,0
2025,2,116000,0,2,0,1,0
2024,3,145000,0,2,0,1,0
2024,3,161200,0,2,0,1,0
2024,2,173000,0,2,0,1,0
2024,2,129150,0,2,0,1,0
2024,1,168889,0,2,0,1,0
2023,3,105200,0,2,0,1,0
2024,3,174600,0,2,0,1,0
2025,2,555000,0,2,0,1,0
2024,3,192600,0,3,0,1,0
2025,3,133250,0,2,0,1,0
2024,3,210000,0,2,0,1,0
2024,1,100000,0,2,0,1,0
2022,3,185900,0,2,0,1,0
2025,3,295000,0,2,0,1,0
2025,3,98600,0,2,0,1,0
2022,3,145000,100,2,0,1,0
2024,3,293000,0,2,0,1,0
2024,3,95000,0,2,0,1,0
2025,2,77970,0,2,0,1,0
2025,3,164780,0,2,0,1,0
2024,3,82100,0,2,0,1,0
2024,1,172000,0,2,0,1,0
2025,3,72285,100,2,0,1,0
2025,2,207000,0,2,0,1,0
2024,3,147500,100,2,0,1,0
2024,3,160000,0,2,0,1,0
2024,3,60000,0,2,0,1,0
2025,3,187200,0,2,0,1,0
2025,3,220000,0,2,0,1,0
2025,2,85000,100,2,0,1,0
2024,3,101400,100,2,0,1,0
2025,3,246400,0,2,0,1,0
2025,1,138000,0,2,0,1,0
2025,2,105800,100,2,0,1,0
2024,2,175800,0,2,0,1,0
2023,3,205600,0,3,0,1,0
2025,3,555000,0,2,0,1,0
2023,4,118440,100,2,0,1,0
2024,3,227000,0,2,0,1,0
2024,3,118200,0,2,0,1,0
2024,3,410000,0,2,0,1,0
2025,2,163200,0,2,0,1,0
2024,3,85500,0,2,0,1,0
2024,1,58500,0,2,0,1,0
2025,3,80000,0,2,0,1,0
2025,2,138000,0,2,0,1,0
2025,2,121000,100,2,0,0,0
2024,3,247300,0,2,0,1,0
2025,1,180800,0,2,0,1,0
2024,3,200000,0,2,0,1,0
2024,3,110000,0,2,0,1,0
2025,3,222300,0,2,0,1,0
2024,3,245200,0,2,0,1,0
2024,3,168000,0,2,0,1,0
2024,3,152000,0,2,0,1,0
2024,2,160000,0,2,0,1,0
2025,1,115000,0,2,0,1,0
2024,3,142500,0,2,0,1,0
2025,1,75000,0,2,0,1,0
2024,2,110000,100,2,0,1,0
2023,3,148500,0,2,0,1,0
2025,3,109000,0,2,0,1,0
2024,3,185800,100,2,0,1,0
2024,3,160000,100,2,0,1,0
2024,2,193000,0,2,0,1,0
2024,3,145000,0,2,0,1,0
2024,3,133100,0,2,0,1,0
2025,2,152015,0,2,0,1,0
2025,3,141440,0,2,0,1,0
2024,2,170000,0,2,0,1,0
2025,2,212850,0,2,0,1,0
2025,1,135000,100,2,0,1,0
2024,2,718750,0,2,0,1,0
2025,3,500000,0,2,0,1,0
2025,3,225000,0,2,0,1,0
2025,3,110000,100,2,0,1,0
2023,3,267100,100,2,0,1,0
2025,3,100000,0,2,0,1,0
2024,2,176000,0,2,0,1,0
2024,3,120000,0,2,0,1,0
2024,2,200000,100,2,0,1,0
2025,3,165000,100,2,0,1,0
2025,2,66270,0,2,0,1,0
2024,2,148000,0,2,0,1,0
2025,2,70000,0,2,0,1,0
2024,3,200000,0,2,0,1,0
2025,3,232500,100,2,0,1,0
2024,2,37800,100,2,0,1,0
2024,2,146994,0,2,0,1,0
2024,2,137000,0,2,0,1,0
2025,3,275000,0,2,0,1,0
2024,3,252000,0,2,0,1,0
2025,1,50000,0,2,0,1,0
2025,3,207500,0,2,0,1,0
2024,1,154500,100,2,0,1,0
2022,3,198200,100,2,0,1,0
2024,3,312200,0,2,0,1,0
2024,3,194000,0,2,0,1,0
2024,2,177000,0,2,0,1,0
2024,3,169700,0,2,0,1,0
2024,3,110000,100,2,0,1,0
2025,3,80000,0,2,0,1,0
2024,1,51810,0,2,0,1,0
2025,2,79800,0,2,0,1,0
2024,2,97125,0,2,0,1,0
2023,3,93800,100,2,0,1,0
2025,2,183000,100,2,0,1,0
2024,3,173400,0,2,0,1,0
2023,3,165000,100,2,0,1,0
2024,2,96900,0,2,0,1,0
2025,1,117180,0,2,0,1,0
2024,3,161800,100,2,0,1,0
2023,3,185000,0,2,0,1,0
2024,2,185600,0,2,0,1,0
2025,3,239900,0,2,0,1,0
2025,4,157000,100,2,0,1,0
2024,3,161760,0,2,0,1,0
2025,3,142800,0,2,0,1,0
2025,4,167408,0,2,0,1,0
2024,3,124800,100,2,0,1,0
2024,2,166000,0,2,0,1,0
2025,3,144200,0,2,0,1,0
2024,3,143000,0,2,0,1,0
2025,3,164000,0,2,0,1,0
2024,3,137600,0,2,0,1,0
2024,3,125000,100,2,0,1,0
2025,3,485000,0,2,0,1,0
2025,2,70000,0,2,0,1,0
2024,4,526400,0,2,0,1,0
2025,3,168000,0,2,0,1,0
2024,3,155000,100,2,0,1,0
2024,1,177100,0,2,0,1,0
2024,3,323400,0,2,0,1,0
2025,3,185000,0,2,0,1,0
2024,3,110900,100,2,0,1,0
2025,1,110400,0,2,0,1,0
2025,2,185000,0,2,0,1,0
2025,2,149200,0,2,0,1,0
2024,3,130200,0,2,0,1,0
2025,3,265000,0,2,0,1,0
2025,2,75000,0,2,0,1,0
2025,3,518987,0,2,0,1,0
2024,3,140000,0,2,0,1,0
2024,1,45500,0,2,0,1,0
2024,2,165300,0,2,0,1,0
2024,2,109000,100,2,0,1,0
2025,2,177000,0,2,0,1,0
2025,2,112700,0,2,0,1,0
2025,3,224000,0,2,0,1,0
2023,3,160000,0,2,0,1,0
2025,3,260000,0,2,0,1,0
2025,3,196900,0,2,0,1,0
2025,2,175000,0,2,0,1,0
2025,2,49997,0,2,0,1,0
2025,2,66000,0,2,0,1,0
2025,2,130000,0,2,0,1,0
2025,1,102000,0,2,0,1,0
2025,1,81515,0,2,0,1,0
2025,3,278300,0,2,0,1,0
2025,3,284210,0,2,0,1,0
2024,1,80000,0,2,0,1,0
2025,2,105263,0,2,0,1,0
2025,3,223400,0,2,0,1,0
2024,3,160000,100,2,0,1,0
2025,2,94736,0,2,0,1,0
2025,3,268400,100,2,0,1,0
2024,1,115000,100,2,0,1,0
2024,3,84533,100,2,0,1,0
2024,2,216200,100,2,0,1,0
2024,3,144600,0,2,0,1,0
2024,3,252000,0,2,0,1,0
2024,2,62300,0,2,0,1,0
2025,1,150000,0,2,0,1,0
2025,2,130000,0,2,0,1,0
2025,3,130000,0,2,0,1,0
2024,2,192840,100,2,0,1,0
2024,3,212500,0,2,0,1,0
2025,1,60000,0,2,0,1,0
2024,3,337250,0,2,0,1,0
2024,3,106260,0,2,0,1,0
2024,3,113050,0,2,0,1,0
2025,2,41500,0,2,0,1,0
2024,3,239000,0,2,0,1,0
2025,3,99400,0,2,0,1,0
2025,2,134200,0,2,0,1,0
2025,1,53164,0,2,0,1,0
2024,3,136038,0,2,0,1,0
2025,2,82900,100,2,0,1,0
2025,1,126000,0,2,0,1,0
2025,2,212800,0,3,0,1,0
2024,3,143000,0,2,0,1,0
2024,2,110000,0,2,0,1,0
2025,3,110000,100,2,0,1,0
2025,2,109000,0,2,0,1,0
2025,3,127900,0,2,0,1,0
2025,2,137800,0,2,0,1,0
2023,3,216000,100,2,0,1,0
2025,4,139200,0,2,0,1,0
2025,3,180000,0,2,0,1,0
2025,2,223300,0,2,0,1,0
2024,3,158200,0,2,0,1,0
2024,3,100000,0,2,0,1,0
2025,2,126000,0,2,0,1,0
2025,2,130000,0,2,0,1,0
2024,2,127000,0,2,0,1,0
2024,3,223000,100,2,0,1,0
2024,2,190000,100,2,0,1,0
2025,4,125000,0,2,0,1,0
2024,2,172000,0,2,0,1,0
2024,3,165000,100,2,0,1,0
2025,2,91071,0,2,0,1,0
2024,3,112000,100,3,0,1,0
2025,3,86000,0,2,0,1,0
2024,2,111740,0,2,0,1,0
2024,1,136800,0,2,0,1,0
2025,2,100000,100,2,0,1,0
2025,3,145000,0,2,0,1,0
2024,3,284400,0,2,0,1,0
2025,3,70000,100,2,0,1,0
2023,3,133300,0,2,0,1,0
2025,3,136000,100,2,0,1,0
2025,2,160000,0,2,0,1,0
2024,3,171910,0,2,0,1,0
2024,3,250000,0,2,0,1,0
2023,2,73100,0,2,0,1,0
2024,3,240000,0,2,0,1,0
2024,3,250200,0,2,0,1,0
2024,2,96750,0,2,0,1,0
2024,1,55000,0,2,0,1,0
2024,3,257000,0,2,0,1,0
2025,2,27789,0,2,0,1,0
2024,3,27586,100,2,0,1,0
2024,2,136000,0,2,0,1,0
2023,3,221000,0,2,0,1,0
2025,3,197000,0,2,0,1,0
2024,3,120525,0,2,0,1,0
2024,3,62900,0,2,0,1,0
2024,3,212800,0,3,0,1,0
2024,1,31250,0,2,0,1,0
2025,2,200000,0,2,0,1,0
2025,3,198000,0,2,0,1,0
2024,1,78000,0,2,0,1,0
2025,3,250000,0,2,0,1,0
2024,1,133000,0,2,0,1,0
2024,1,125000,0,2,0,1,0
2025,3,241600,0,2,0,1,0
2024,3,243500,0,2,0,1,0
2025,2,92600,0,2,0,1,0
2025,1,75289,0,2,0,1,0
2025,3,287500,0,2,0,1,0
2025,3,146078,0,2,0,1,0
2024,2,250000,0,2,0,1,0
2024,3,187200,0,2,0,1,0
2025,2,141000,0,2,0,1,0
2024,3,105000,0,2,0,1,0
2024,3,83200,100,2,0,1,0
2025,3,246100,100,2,0,1,0
2025,2,125402,0,2,0,1,0
2024,2,106700,0,2,0,1,0
2025,3,140000,0,2,0,1,0
2024,3,177500,100,2,0,1,0
2025,2,110000,100,2,0,1,0
2025,3,228600,0,2,0,1,0
2025,3,127112,0,2,0,1,0
2024,3,224300,0,2,0,1,0
2024,2,160000,0,2,0,1,0
2024,2,125500,0,2,0,1,0
2025,2,104800,100,2,0,1,0
2025,2,178100,0,2,0,1,0
2025,2,69000,0,2,0,1,0
2024,2,118414,0,2,0,1,0
2024,2,165500,0,2,0,1,0
2025,3,142000,0,2,0,1,0
2024,3,135000,0,2,0,1,0
2025,3,135000,0,2,0,1,0
2024,2,72222,0,2,0,1,0
2025,3,165200,0,2,0,1,0
2025,2,97542,0,2,0,1,0
2025,2,140000,0,2,0,1,0
2025,3,119800,0,2,0,1,0
2025,3,200000,0,2,0,1,0
2024,2,152000,0,2,0,1,0
2023,3,174350,100,2,0,1,0
2025,3,177600,0,2,0,1,0
2025,3,176166,0,2,0,1,0
2024,2,85800,0,2,0,1,0
2025,3,224400,100,2,0,1,0
2025,2,90400,100,2,0,1,0
2022,3,185900,0,2,0,1,0
2025,3,175000,100,2,0,1,0
2023,3,110600,0,2,0,1,0
2025,3,80000,0,2,0,1,0
2024,1,165511,0,2,0,1,0
2022,3,216000,100,2,0,1,0
2025,3,85000,0,2,0,1,0
2025,2,93750,100,2,0,1,0
2024,3,282900,0,2,0,1,0
2024,2,75000,0,2,0,1,0
2024,3,193750,100,2,0,1,0
2025,3,200000,100,2,0,1,0
2024,3,258100,0,2,0,1,0
2025,3,90000,0,2,0,1,0
2024,3,212510,0,2,0,1,0
2025,3,148000,0,2,0,1,0
2024,2,214500,0,2,0,1,0
2024,2,110500,0,2,0,1,0
2024,3,90000,100,2,0,1,0
2025,3,203000,0,2,0,1,0
2025,3,223400,0,2,0,1,0
2024,3,168300,0,2,0,1,0
2024,3,250000,0,2,0,1,0
2024,2,160000,0,2,0,1,0
2025,3,177000,100,2,0,1,0
2024,2,160000,0,2,0,1,0
2025,2,213000,0,2,0,1,0
2025,3,95000,0,2,0,1,0
2025,3,69620,0,2,0,1,0
2024,3,110100,0,2,0,1,0
2023,3,91000,0,2,0,1,0
2024,3,155000,100,2,0,1,0
2025,2,144681,0,2,0,1,0
2023,3,129300,0,2,0,1,0
2025,3,111500,0,2,0,1,0
2022,1,160000,0,2,0,1,0
2025,2,130000,0,2,0,1,0
2023,3,122700,0,2,0,1,0
2023,3,281000,0,2,0,1,0
2025,3,343100,0,2,0,1,0
2025,2,90000,100,2,0,1,0
2023,3,163800,0,2,0,1,0
2022,3,141525,100,2,0,1,0
2024,2,117692,100,2,0,1,0
2023,3,144854,100,2,0,1,0
2025,3,286000,0,2,0,1,0
2024,2,107957,0,2,0,1,0
2024,3,122000,0,2,0,1,0
2024,3,112241,0,2,0,1,0
2025,2,170640,100,2,0,1,0
2025,2,126700,0,2,0,1,0
2024,3,138400,100,2,0,1,0
2025,3,156200,0,2,0,1,0
2025,2,200000,0,2,0,1,0
2023,2,150000,100,2,0,1,0
2025,2,89341,100,2,0,1,0
2024,3,124620,0,2,0,1,0
2025,2,223400,0,3,0,1,0
2025,2,176801,0,2,0,1,0
2022,3,236000,100,2,0,1,0
2024,3,276000,0,2,0,1,0
2023,3,170200,0,2,0,1,0
2025,3,167450,0,2,0,1,0
2024,3,200000,0,2,0,1,0
2025,2,120000,100,2,0,1,0
2025,3,159400,0,2,0,1,0
2025,3,225000,100,2,0,1,0
2025,2,88200,0,2,0,1,0
2023,3,55000,0,2,0,1,0
2025,2,230000,0,2,0,1,0
2024,2,137000,0,2,0,1,0
2024,2,106000,0,2,0,1,0
2024,3,114991,0,2,0,1,0
2024,2,126500,0,2,0,1,0
2025,2,95000,0,2,0,1,0
2024,3,178200,0,2,0,1,0
2025,2,231110,0,2,0,1,0
2025,3,137700,100,2,0,1,0
2025,3,221800,0,2,0,1,0
2025,4,50000,0,3,0,1,0
2024,2,419750,0,2,0,1,0
2025,3,126000,100,2,0,1,0
2024,3,140000,100,2,0,1,0
2024,3,201400,0,2,0,1,0
2025,2,89600,0,3,0,1,0
2024,2,154800,0,2,0,1,0
2024,3,337300,0,2,0,1,0
2023,3,84400,0,2,0,1,0
2025,2,190000,0,2,0,1,0
2024,3,117000,0,2,0,1,0
2024,2,250000,0,2,0,1,0
2024,2,258000,0,2,0,1,0
2024,2,155000,100,2,0,1,0
2025,3,108700,0,2,0,1,0
2024,2,138900,0,2,0,1,0
2024,3,174000,0,2,0,1,0
2024,3,173000,100,2,0,1,0
2024,2,138000,0,2,0,1,0
2024,1,56566,0,2,0,1,0
2024,3,169000,0,2,0,1,0
2025,2,65000,0,2,0,1,0
2024,3,91700,0,2,0,1,0
2023,4,180000,100,2,0,1,0
2024,1,70000,0,2,0,1,0
2024,1,140000,0,2,0,1,0
2025,2,160000,0,2,0,1,0
2025,2,189500,0,2,0,1,0
2024,3,139900,0,2,0,1,0
2025,3,310000,0,2,0,1,0
2025,2,207000,0,2,0,1,0
2025,3,99000,0,2,0,1,0
2025,3,160467,0,2,0,1,0
2024,3,209440,0,2,0,1,0
2024,3,234000,0,2,0,1,0
2024,3,160000,100,2,0,1,0
2024,3,147600,0,2,0,1,0
2024,3,160000,0,2,0,1,0
2025,4,151200,0,2,0,1,0
2024,3,166600,0,2,0,1,0
2025,3,250000,100,2,0,1,0
2025,3,186700,100,2,0,1,0
2025,3,333913,0,2,0,1,0
2025,3,170000,0,2,0,1,0
2024,2,90000,0,2,0,1,0
2024,3,240000,0,2,0,1,0
2025,2,130000,0,2,0,1,0
2025,2,61120,0,2,0,1,0
2025,2,220000,0,2,0,1,0
2025,2,70000,0,2,0,1,0
2024,2,160000,0,2,0,1,0
2024,3,240000,0,2,0,1,0
2025,2,154810,100,2,0,1,0
2024,1,172000,0,2,0,1,0
2023,3,178000,0,2,0,1,0
2025,3,140000,0,2,0,1,0
2024,1,28125,0,2,0,1,0
2025,3,100000,0,2,0,1,0
2024,2,180000,0,2,0,1,0
2024,3,200000,100,2,0,1,0
2025,1,31578,0,2,0,1,0
2024,2,96200,100,2,0,1,0
2025,3,124700,0,2,0,1,0
2025,2,72000,0,2,0,1,0
2025,4,381000,0,2,0,1,0
2024,1,90000,0,2,0,1,0
2023,2,112000,0,2,0,1,0
2024,3,150000,0,2,0,1,0
2025,3,195000,0,2,0,1,0
2025,3,269000,0,2,0,1,0
2024,3,149000,0,2,0,1,0
2024,3,136700,0,2,0,1,0
2025,1,84608,0,2,0,1,0
2024,3,136878,0,2,0,1,0
2023,2,185000,100,2,0,1,0
2025,1,300000,0,2,0,1,0
2024,3,90263,0,2,0,1,0
2025,3,133900,0,2,0,1,0
2024,1,101080,0,2,0,1,0
2025,3,106000,0,2,0,1,0
2023,2,154800,0,2,0,1,0
2025,3,227900,0,2,0,1,0
2025,3,160000,100,2,0,1,0
2024,2,135000,0,2,0,1,0
2024,3,241500,0,2,0,1,0
2024,2,150000,0,2,0,1,0
2024,3,173000,0,2,0,1,0
2024,2,70000,0,2,0,1,0
2024,3,314400,0,2,0,1,0
2024,2,143000,0,2,0,1,0
2024,2,142000,0,2,0,1,0
2024,3,110000,100,2,0,1,0
2025,3,150100,100,2,0,1,0
2024,3,200000,0,2,0,1,0
2025,3,82105,0,2,0,1,0
2025,2,720000,100,2,0,1,0
2025,2,92000,0,2,0,1,0
2025,2,200000,0,2,0,1,0
2025,1,21006,0,2,0,1,0
2024,2,100000,100,2,0,0,0
2025,3,149050,100,2,0,1,0
2025,2,136301,0,2,0,1,0
2025,2,121000,100,2,0,1,0
2024,2,80900,0,2,0,1,0
2025,3,389500,0,2,0,1,0
2025,1,56633,0,2,0,1,0
2023,3,145000,100,2,0,1,0
2025,2,160000,0,2,0,1,0
2023,3,226600,0,2,0,1,0
2023,3,100000,100,2,0,1,0
2025,2,144000,0,2,0,1,0
2025,2,60000,0,2,0,1,0
2023,3,213580,100,2,0,1,0
2024,2,89102,0,2,0,1,0
2025,2,73300,0,2,0,1,0
2025,2,165000,0,2,0,1,0
2024,3,108200,0,2,0,1,0
2025,3,115900,0,2,0,1,0
2021,3,88654,100,3,0,1,0
2025,3,314960,0,2,0,1,0
2024,3,206000,0,2,0,1,0
2024,3,83600,0,2,0,1,0
2024,3,110000,0,2,0,1,0
2024,3,305000,0,2,0,1,0
2025,3,188000,100,2,0,1,0
2025,3,180650,0,2,0,1,0
2024,3,117200,0,2,0,1,0
2024,2,105000,0,2,0,1,0
2025,3,130000,100,2,0,1,0
2025,3,134522,100,2,0,1,0
2024,3,225000,0,2,0,1,0
2025,3,220000,0,2,0,1,0
2025,2,145000,0,2,0,1,0
2024,1,172800,0,2,0,1,0
2024,3,87280,0,2,0,1,0
2024,3,101970,0,2,0,1,0
2025,3,120000,100,2,0,1,0
2025,3,233200,0,2,0,1,0
2025,2,180000,100,2,0,1,0
2025,1,52030,0,2,0,1,0
2025,2,79000,0,2,0,1,0
2025,2,100000,0,2,0,1,0
2025,3,292800,0,3,0,1,0
2025,3,125000,0,2,0,1,0
2025,3,113700,100,2,0,1,0
2024,1,75000,0,2,0,1,0
2024,1,100000,0,2,0,1,0
2024,3,24346,0,2,0,1,0
2025,3,121688,100,2,0,1,0
2025,4,180000,0,2,0,1,0
2025,2,124300,0,2,0,1,0
2025,3,184000,0,2,0,1,0
2024,3,90000,100,2,0,1,0
2024,3,161900,0,3,0,1,0
2025,2,160000,100,2,0,1,0
2025,3,144000,0,2,0,1,0
2025,3,261000,0,2,0,1,0
2024,2,229000,0,2,0,1,0
2025,1,158250,0,2,0,1,0
2025,3,188640,0,2,0,1,0
2024,3,165000,100,2,0,1,0
2025,3,168000,0,2,0,1,0
2025,3,191500,0,2,0,1,0
2024,2,140000,0,2,0,1,0
2025,2,74041,0,2,0,1,0
2025,2,131000,0,2,0,1,0
2025,3,90000,0,2,0,1,0
2023,3,183500,100,2,0,1,0
2024,1,93400,0,2,0,1,0
2024,3,190000,0,2,0,1,0
2024,3,252000,0,2,0,1,0
2025,2,105000,100,2,0,1,0
2024,3,146900,0,2,0,1,0
2025,3,168000,0,2,0,1,0
2025,3,142025,0,2,0,1,0
2025,3,132600,100,2,0,1,0
2024,3,240000,100,2,0,1,0
2024,3,104981,100,2,0,1,0
2024,2,140000,0,2,0,1,0
2024,2,60400,0,2,0,1,0
2024,2,176000,0,2,0,1,0
2024,3,187000,0,3,0,1,0
2024,3,67993,0,2,0,1,0
2025,2,85000,0,2,0,1,0
2024,2,106500,0,2,0,1,0
2024,2,183800,100,2,0,1,0
2025,2,116000,0,2,0,1,0
2025,2,180000,0,2,0,1,0
2024,3,94600,0,2,0,1,0
2025,2,196000,100,2,0,1,0
2024,3,189000,0,2,0,1,0
2025,2,229200,0,2,0,1,0
2024,2,96300,0,2,0,1,0
2024,2,155934,0,2,0,1,0
2024,3,135200,0,2,0,1,0
2023,3,110000,0,2,0,1,0
2025,3,129753,0,2,0,1,0
2025,3,176000,100,2,0,1,0
2025,3,184078,100,2,0,1,0
2024,3,103000,0,2,0,1,0
2025,3,210000,0,2,0,1,0
2024,2,92100,0,2,0,1,0
2024,3,283800,100,2,0,1,0
2025,2,115400,100,2,0,1,0
2025,3,160000,0,2,0,1,0
2024,3,120000,0,2,0,1,0
2025,3,244000,0,2,0,1,0
2025,3,184600,0,2,0,1,0
2025,2,108000,100,2,0,1,0
2025,2,111000,0,2,0,1,0
2024,2,100000,100,2,0,1,0
2024,2,81250,0,2,0,1,0
2024,3,230000,0,2,0,1,0
2025,3,153000,0,2,0,1,0
2024,3,166600,0,2,0,1,0
2025,3,165000,0,2,0,1,0
2025,3,150000,0,2,0,1,0
2024,3,188800,0,2,0,1,0
2025,2,143100,0,2,0,1,0
2025,3,150000,100,2,0,1,0
2025,3,211300,0,2,0,1,0
2024,3,166363,0,2,0,1,0
2024,1,84000,0,2,0,1,0
2025,2,126582,0,2,0,1,0
2024,2,94900,0,2,0,1,0
2024,3,265200,100,2,0,1,0
2025,3,303900,100,2,0,1,0
2024,2,246000,100,2,0,1,0
2025,3,67400,0,2,0,1,0
2024,3,191000,0,2,0,1,0
2024,2,60400,0,2,0,1,0
2024,3,150000,100,2,0,1,0
2025,3,170000,0,2,0,1,0
2025,3,164000,0,2,0,1,0
2025,3,110000,100,2,0,1,0
2024,3,210000,0,2,0,1,0
2025,2,242000,0,2,0,1,0
2025,2,80000,0,2,0,1,0
2024,3,210850,0,2,0,1,0
2024,2,74100,0,3,0,1,0
2025,3,155500,0,2,0,1,0
2025,3,124000,0,2,0,1,0
2024,2,112900,0,2,0,1,0
2023,3,123906,0,2,0,1,0
2025,3,154700,100,2,0,1,0
2024,3,255800,0,2,0,1,0
2025,3,299300,0,2,0,1,0
2025,3,84000,100,2,0,1,0
2025,2,106300,0,2,0,1,0
2025,3,185000,0,2,0,1,0
2024,3,84600,0,2,0,1,0
2024,3,192500,100,2,0,1,0
2025,3,132000,0,2,0,1,0
2025,3,193900,0,2,0,1,0
2025,3,185000,0,2,0,1,0
2024,2,138000,0,2,0,1,0
2024,3,188000,100,2,0,1,0
2024,3,136800,0,2,0,1,0
2024,3,200000,0,2,0,1,0
2024,3,160000,100,2,0,1,0
2024,2,136000,0,3,0,1,0
2024,3,180000,0,2,0,1,0
2024,1,100000,100,2,0,1,0
2024,3,150000,0,2,0,1,0
2025,2,82370,100,2,0,1,0
2023,3,160000,0,2,0,1,0
2025,3,140000,0,2,0,1,0
2024,2,79000,0,2,0,1,0
2025,2,174000,0,2,0,1,0
2024,3,235700,0,2,0,1,0
2025,2,105000,0,2,0,1,0
2025,3,171800,0,2,0,1,0
2025,2,150000,0,2,0,1,0
2025,2,86800,0,2,0,1,0
2023,3,169850,100,2,0,1,0
2025,3,120000,100,2,0,1,0
2025,2,128000,0,2,0,1,0
2025,3,233500,0,2,0,1,0
2023,3,189750,0,2,0,1,0
2024,3,185000,100,2,0,1,0
2024,2,166500,0,2,0,1,0
2024,3,227500,100,2,0,1,0
2025,3,204200,0,2,0,1,0
2025,2,196350,0,2,0,1,0
2025,3,243600,100,2,0,1,0
2024,2,280000,0,2,0,1,0
2025,3,257336,0,2,0,1,0
2025,3,145300,0,2,0,1,0
2025,3,86840,100,2,0,1,0
2024,2,123836,100,2,0,1,0
2025,3,225000,0,2,0,1,0
2024,2,75600,0,2,0,1,0
2024,3,250200,0,2,0,1,0
2024,2,196900,0,2,0,1,0
2024,3,85000,100,2,0,1,0
2024,2,136000,0,3,0,1,0
2025,3,240240,0,2,0,1,0
2024,1,106000,100,2,0,1,0
2025,2,95450,0,2,0,1,0
2024,1,104000,0,2,0,1,0
2025,3,214200,0,2,0,1,0
2023,3,302000,0,2,0,1,0
2025,3,117498,0,2,0,1,0
2024,1,150000,100,2,0,1,0
2024,3,180000,0,2,0,1,0
2025,4,105063,0,2,0,1,0
2024,2,172000,0,2,0,1,0
2025,1,60000,0,2,0,1,0
2024,2,170000,0,2,0,1,0
2025,3,190000,0,2,0,1,0
2025,2,258750,0,2,0,1,0
2025,2,169000,0,2,0,1,0
2024,1,70000,0,2,0,1,0
2023,2,70748,0,2,0,1,0
2024,3,245400,0,2,0,1,0
2025,3,140600,100,2,0,1,0
2024,3,153000,100,2,0,1,0
2024,2,207900,0,2,0,1,0
2024,3,285000,100,2,0,1,0
2023,3,150000,100,2,0,1,0
2025,3,78947,100,2,0,1,0
2025,1,61000,0,2,0,1,0
2024,3,175000,0,2,0,1,0
2024,3,239000,0,2,0,1,0
2025,3,29113,0,2,0,1,0
2024,2,125500,0,2,0,1,0
2025,2,121428,100,2,0,1,0
2022,3,190000,0,2,0,1,0
2025,3,120800,0,2,0,1,0
2024,2,181000,0,2,0,1,0
2025,3,240000,100,2,0,1,0
2025,3,224500,0,2,0,1,0
2024,2,173000,0,2,0,1,0
2024,2,184600,0,2,0,1,0
2025,3,130000,100,2,0,1,0
2024,3,95000,100,2,0,1,0
2024,2,141340,0,2,0,1,0
2025,2,201000,0,2,0,1,0
2024,1,92000,0,2,0,1,0
2025,3,61200,0,2,0,1,0
2024,3,297000,0,2,0,1,0
2025,3,109200,0,2,0,1,0
2025,2,200200,0,2,0,1,0
2024,3,294000,0,2,0,1,0
2022,3,110600,0,2,0,1,0
2024,3,120000,0,2,0,1,0
2025,2,124300,0,2,0,1,0
2025,3,111100,0,2,0,1,0
2024,2,61666,0,2,0,1,0
2025,2,176000,0,2,0,1,0
2024,2,120000,0,2,0,1,0
2025,3,100318,0,2,0,1,0
2025,1,75000,0,2,0,1,0
2024,3,139800,0,2,0,1,0
2025,3,158600,0,2,0,1,0
2024,1,194750,0,2,0,1,0
2024,3,163700,0,2,0,1,0
2025,3,64600,0,2,0,1,0
2024,2,126400,100,2,0,1,0
2024,3,250200,0,2,0,1,0
2024,3,180000,0,2,0,1,0
2025,3,48000,0,2,0,1,0
2024,3,154000,0,2,0,1,0
2025,3,134000,0,2,0,1,0
2024,3,103000,0,2,0,1,0
2025,3,145000,100,2,0,1,0
2024,1,136200,0,2,0,1,0
2024,1,156100,0,2,0,1,0
2024,2,135860,0,2,0,1,0
2025,3,50526,0,2,0,1,0
2024,1,56250,0,2,0,1,0
2024,2,105000,0,2,0,1,0
2024,3,204000,100,2,0,1,0
2024,3,106250,0,2,0,1,0
2024,3,215000,0,2,0,1,0
2023,3,154000,100,2,0,1,0
2024,2,291800,0,2,0,1,0
2025,3,211600,0,2,0,1,0
2024,1,95000,0,2,0,1,0
2024,2,47200,0,2,0,1,0
2025,3,208000,0,2,0,1,0
2025,3,235000,0,2,0,1,0
2024,1,103000,0,2,0,1,0
2025,3,300000,0,2,0,1,0
2024,2,102300,0,2,0,1,0
2024,3,259000,100,2,0,1,0
2024,2,179000,0,2,0,1,0
2025,3,384200,0,2,0,1,0
2024,2,194000,0,2,0,1,0
2023,2,125000,100,2,0,1,0
2024,3,145000,0,2,0,1,0
2022,3,153600,100,2,0,1,0
2024,3,210000,100,2,0,1,0
2024,3,176700,100,2,0,1,0
2025,3,249000,0,2,0,1,0
2024,3,160000,100,2,0,1,0
2025,3,160000,0,2,0,1,0
2024,3,133000,0,2,0,1,0
2024,3,297000,0,2,0,1,0
2024,3,76128,0,2,0,1,0
2025,3,215000,100,2,0,1,0
2025,1,121560,0,2,0,1,0
2025,1,80000,0,2,0,1,0
2025,2,95000,100,2,0,1,0
2025,2,158000,0,2,0,1,0
2025,3,186000,100,2,0,1,0
2024,3,104800,100,2,0,1,0
2024,2,75600,0,2,0,1,0
2024,3,158842,0,2,0,1,0
2023,2,116000,0,2,0,1,0
2025,2,160000,0,2,0,1,0
2024,2,235000,0,2,0,1,0
2024,3,160000,100,2,0,1,0
2024,3,337250,0,2,0,1,0
2025,2,181100,0,2,0,1,0
2025,1,196100,0,2,0,1,0
2024,1,144000,0,2,0,1,0
2024,3,152152,0,2,0,1,0
2024,3,79300,0,2,0,1,0
2024,1,87550,100,2,0,1,0
2024,2,410000,0,2,0,1,0
2025,1,90000,100,2,0,1,0
2025,3,182000,0,2,0,1,0
2024,3,160000,0,2,0,1,0
2023,3,18381,100,3,0,1,0
2024,1,68000,0,2,0,1,0
2024,3,143300,0,3,0,1,0
2025,3,110000,0,2,0,1,0
2024,2,86400,0,2,0,1,0
2024,3,107730,0,2,0,1,0
2025,3,150000,100,2,0,1,0
2023,3,146600,0,2,0,1,0
2025,1,203000,0,2,0,1,0
2025,3,236500,0,2,0,1,0
2025,3,130000,0,2,0,1,0
2023,3,185000,0,3,0,1,0
2025,2,200000,0,2,0,1,0
2025,1,176150,0,2,0,1,0
2025,3,190000,0,2,0,1,0
2024,2,235000,0,2,0,1,0
2023,3,126000,0,2,0,1,0
2025,2,111964,0,2,0,1,0
2024,2,237500,0,2,0,1,0
2024,3,364100,0,2,0,1,0
2024,2,136500,0,2,0,1,0
2024,1,95100,100,2,0,1,0
2025,2,88500,0,2,0,1,0
2024,3,137500,0,2,0,1,0
2024,2,170038,100,2,0,1,0
2025,3,77400,0,2,0,1,0
2025,2,212800,0,3,0,1,0
2025,3,109000,0,2,0,1,0
2025,3,178200,0,2,0,1,0
2024,2,54964,0,2,0,1,0
2024,2,168000,0,2,0,1,0
2025,3,247228,0,2,0,1,0
2024,3,180000,0,2,0,1,0
2025,3,124400,100,2,0,1,0
2024,3,245000,0,2,0,1,0
2024,2,220000,0,2,0,1,0
2025,2,99000,100,2,0,1,0
2025,1,78700,0,2,0,1,0
2024,2,185000,0,2,0,1,0
2025,2,120000,0,2,0,1,0
2024,1,93100,0,2,0,1,0
2024,3,123000,0,2,0,1,0
2025,2,172000,0,2,0,1,0
2024,2,200000,0,2,0,1,0
2024,2,160500,0,2,0,1,0
2025,3,250000,0,2,0,1,0
2025,2,175420,0,2,0,1,0
2024,3,360000,0,2,0,1,0
2024,2,530000,0,2,0,1,0
2024,3,168300,0,2,0,1,0
2025,3,239760,0,2,0,1,0
2024,3,149656,0,2,0,1,0
2024,3,63815,0,2,0,1,0
2024,3,240000,0,2,0,1,0
2025,3,150000,0,2,0,1,0
2024,4,313600,0,2,0,1,0
2025,3,104650,0,2,0,1,0
2025,2,76960,0,2,0,1,0
2025,3,160000,100,2,0,1,0
2024,2,61250,0,2,0,1,0
2023,3,120250,0,2,0,1,0
2024,1,155800,0,2,0,1,0
2025,3,100000,0,2,0,1,0
2024,2,112500,0,2,0,1,0
2025,3,158200,0,2,0,1,0
2025,3,269000,100,2,0,1,0
2025,2,125000,0,2,0,1,0
2024,3,212000,0,2,0,1,0
2025,3,170038,100,2,0,1,0
2025,4,400000,100,2,0,1,0
2025,2,223400,0,3,0,1,0
2024,3,164300,100,2,0,1,0
2025,3,289460,0,2,0,1,0
2025,2,253000,100,2,0,1,0
2025,3,78947,0,2,0,1,0
2025,3,110000,100,2,0,1,0
2024,2,90000,0,2,0,1,0
2024,2,129300,0,3,0,1,0
2024,2,295000,0,2,0,1,0
2025,1,64000,100,2,0,1,0
2025,1,64000,0,2,0,1,0
2025,1,90000,0,2,0,1,0
2025,2,130000,0,2,0,1,0
2024,3,196000,0,2,0,1,0
2024,3,168480,0,2,0,1,0
2024,3,84700,0,2,0,1,0
2024,3,266000,0,2,0,1,0
2024,3,150000,0,2,0,1,0
2024,3,130000,0,2,0,1,0
2025,3,275600,0,2,0,1,0
2025,3,117520,0,2,0,1,0
2025,3,76800,0,2,0,1,0
2025,3,180000,0,2,0,1,0
2025,2,192900,0,2,0,1,0
2025,2,125000,0,2,0,1,0
2025,3,112500,0,2,0,1,0
2023,3,245700,0,2,0,1,0
2025,3,150400,0,2,0,1,0
2025,2,124000,0,2,0,1,0
2024,3,168000,0,2,0,1,0
2025,3,212000,100,2,0,1,0
2023,3,116000,0,2,0,1,0
2025,2,90000,0,2,0,1,0
2024,3,92627,0,2,0,1,0
2025,1,128000,100,2,0,1,0
2024,3,74400,100,2,0,1,0
2025,3,178500,100,2,0,1,0
2023,2,100000,0,2,0,1,0
2025,3,168000,0,2,0,1,0
2024,3,219000,0,2,0,1,0
2024,2,175000,100,2,0,1,0
2024,3,250000,0,2,0,1,0
2025,3,150000,0,2,0,1,0
2025,3,66800,0,2,0,1,0
2024,3,213000,0,2,0,1,0
2022,3,135000,100,2,0,1,0
2025,3,219000,0,2,0,1,0
2023,2,17511,50,2,0,1,0
2025,1,64355,0,2,0,1,0
2024,2,135500,100,2,0,1,0
2025,2,84813,0,2,0,1,0
2024,3,80000,0,2,0,1,0
2025,3,167981,0,2,0,1,0
2024,3,207000,0,2,0,1,0
2025,3,234000,0,2,0,1,0
2022,3,272550,100,2,0,1,0
2025,2,160000,0,2,0,1,0
2025,2,170000,0,2,0,1,0
2024,4,194760,0,2,0,1,0
2025,1,56000,0,2,0,0,1
2025,2,315000,0,2,0,1,0
2025,3,213100,0,2,0,1,0
2024,2,120000,100,2,0,1,0
2024,1,120000,0,2,0,0,0
2024,2,150000,0,2,0,1,0
2025,3,53936,0,2,0,1,0
2024,3,123300,0,2,0,1,0
2025,3,250800,0,2,0,1,0
2024,3,166600,0,2,0,1,0
2025,3,148300,0,2,0,1,0
2023,3,95000,100,2,0,1,0
2024,3,241875,0,2,0,1,0
2024,3,258100,0,2,0,1,0
2023,3,181500,0,2,0,1,0
2024,3,222000,0,2,0,1,0
2024,3,118414,0,2,0,1,0
2025,2,185000,0,3,0,1,0
2025,3,243000,0,2,0,1,0
2025,2,200000,0,2,0,1,0
2024,2,160000,0,2,0,1,0
2024,3,235200,0,3,0,1,0
2024,2,84448,0,2,0,1,0
2025,3,165000,0,2,0,1,0
2025,3,176924,0,2,0,1,0
2024,3,194000,0,2,0,1,0
2024,2,37500,100,2,0,1,0
2024,3,180000,0,2,0,1,0
2024,2,117000,0,2,0,1,0
2024,3,142000,0,2,0,1,0
2025,3,190300,100,2,0,1,0
2025,3,165000,0,2,0,1,0
2024,3,300000,0,2,0,1,0
2025,3,212333,0,2,0,1,0
2025,3,171000,100,2,0,1,0
2024,2,235000,0,2,0,1,0
2025,3,110000,100,2,0,1,0
2024,3,185000,0,2,0,1,0
2024,2,95000,0,2,0,1,0
2024,1,118765,100,2,0,1,0
2025,1,100000,0,2,0,0,0
2024,3,200000,0,2,0,1,0
2024,1,50000,0,2,0,1,0
2025,4,203000,0,2,0,1,0
2024,3,156800,0,2,0,1,0
2024,1,193000,0,2,0,1,0
2025,3,127700,0,2,0,1,0
2024,2,170000,0,2,0,1,0
2025,2,70000,0,2,0,1,0
2024,4,192300,0,2,0,1,0
2020,3,33511,0,1,0,1,0
2025,3,116000,0,2,0,1,0
2024,3,185000,100,2,0,1,0
2024,3,189000,0,2,0,1,0
2024,3,60000,0,2,0,1,0
2025,1,62186,0,2,0,1,0
2025,1,36946,0,2,0,1,0
2024,1,122000,0,2,0,1,0
2023,3,290000,100,2,0,1,0
2025,2,182700,0,2,0,1,0
2023,4,239000,100,2,0,1,0
2024,1,74000,0,2,0,1,0
2024,3,145000,100,2,0,1,0
2025,3,225300,0,2,0,1,0
2024,2,135400,0,2,0,1,0
2024,3,235000,0,2,0,1,0
2024,3,204000,100,2,0,1,0
2024,1,59500,100,2,0,1,0
2024,1,43125,0,2,0,1,0
2023,3,157250,100,2,0,1,0
2025,3,188885,0,2,0,1,0
2025,2,118900,0,3,0,1,0
2024,4,300000,0,2,0,1,0
2025,3,162920,100,2,0,1,0
2025,3,124300,0,2,0,1,0
2022,3,141525,100,2,0,1,0
2025,3,111100,0,2,0,1,0
2025,3,281900,0,2,0,1,0
2023,3,164100,100,2,0,1,0
2024,3,119250,100,2,0,1,0
2024,3,100200,100,2,0,1,0
2025,3,73684,0,2,0,1,0
2024,3,199234,0,2,0,1,0
2024,1,175100,0,2,0,1,0
2023,3,106200,0,2,0,1,0
2024,2,286000,0,3,0,1,0
2025,2,137000,100,2,0,1,0
2024,2,112000,0,2,0,1,0
2024,3,206000,0,2,0,1,0
2025,3,143000,0,2,0,1,0
2024,1,115000,0,2,0,1,0
2025,3,400000,0,2,0,1,0
2025,3,240240,0,2,0,1,0
2024,3,90000,100,2,0,1,0
2024,2,141000,0,2,0,1,0
2024,3,123449,0,2,0,1,0
2024,3,150400,0,3,0,1,0
2024,3,160000,100,2,0,1,0
2025,2,241200,0,2,0,1,0
2025,3,293000,0,2,0,1,0
2025,3,75000,0,2,0,1,0
2024,3,132500,0,2,0,1,0
2024,3,80000,0,2,0,1,0
2024,2,83100,0,2,0,1,0
2024,2,203900,100,2,0,1,0
2025,2,132300,0,2,0,1,0
2023,3,152380,0,2,0,1,0
2024,2,65145,0,2,0,1,0
2024,3,164000,100,2,0,1,0
2025,3,60543,0,2,0,1,0
2025,3,180000,100,2,0,0,0
2025,2,136000,0,3,0,1,0
2025,1,62186,0,2,0,1,0
2024,2,87200,0,2,0,1,0
2025,3,125000,0,2,0,1,0
2024,2,94900,0,2,0,1,0
2024,2,239600,100,2,0,1,0
2022,1,55000,0,2,0,1,0
2025,3,223400,0,2,0,1,0
2025,3,159000,0,2,0,1,0
2025,3,197600,0,2,0,1,0
2025,2,212800,0,3,0,1,0
2023,3,67000,0,2,0,1,0
2024,3,86940,0,2,0,1,0
2025,3,189175,0,2,0,1,0
2024,3,237600,0,2,0,1,0
2024,2,160000,0,2,0,1,0
2025,3,175000,0,2,0,1,0
2023,3,315850,0,2,0,1,0
2024,3,168000,0,2,0,1,0
2025,3,160000,100,2,0,1,0
2025,2,128600,0,2,0,1,0
2023,3,162000,100,2,0,1,0
2024,2,60900,0,2,0,1,0
2024,3,201400,0,2,0,1,0
2024,2,48250,0,2,0,1,0
2024,2,112000,0,2,0,1,0
2024,3,247400,0,2,0,1,0
2025,2,212800,0,3,0,1,0
2025,3,179400,0,2,0,1,0
2025,2,154000,0,2,0,1,0
2024,2,294000,0,2,0,1,0
2025,4,400000,0,2,0,1,0
2025,1,93400,0,2,0,1,0
2025,3,120000,0,2,0,1,0
2025,3,167325,0,2,0,1,0
2025,3,176440,0,2,0,1,0
2025,3,135000,0,2,0,1,0
2025,2,129300,0,3,0,1,0
2024,2,45600,0,2,0,0,1
2025,3,218100,0,2,0,1,0
2025,3,204900,0,2,0,1,0
2025,2,237500,0,2,0,1,0
2025,2,305000,0,2,0,1,0
2024,2,54987,100,2,0,1,0
2022,3,141525,100,2,0,1,0
2025,1,78000,0,2,0,1,0
2025,2,121000,0,2,0,1,0
2025,3,120000,0,2,0,1,0
2023,2,152000,100,2,0,1,0
2024,3,112622,100,2,0,1,0
2024,2,175200,0,2,0,1,0
2025,1,141000,0,2,0,1,0
2025,2,105000,0,2,0,1,0
2024,2,149040,0,2,0,1,0
2024,2,234700,0,2,0,1,0
2025,3,180000,100,2,0,1,0
2025,3,200000,100,2,0,1,0
2025,3,150000,100,2,0,1,0
2023,3,136000,0,3,0,1,0
2025,3,146300,0,3,0,1,0
2025,3,96000,0,2,0,1,0
2024,2,138900,0,2,0,1,0
2024,2,136000,0,2,0,1,0
2025,3,133400,0,2,0,1,0
2024,3,240000,0,2,0,1,0
2025,3,168000,0,2,0,1,0
2025,2,93770,0,2,0,1,0
2025,3,216200,0,2,0,1,0
2025,1,60800,0,2,0,1,0
2025,2,48205,0,2,0,1,0
2024,2,51824,0,2,0,1,0
2025,2,191000,0,2,0,1,0
2024,3,47000,0,2,0,1,0
2024,3,106371,100,2,0,1,0
2023,3,150000,100,2,0,1,0
2024,3,234000,0,2,0,1,0
2024,3,258750,0,2,0,1,0
2025,3,158100,100,2,0,1,0
2025,3,119200,100,2,0,1,0
2025,2,130600,0,2,0,1,0
2023,3,190400,0,2,0,1,0
2025,3,140000,100,2,0,1,0
2023,1,50000,0,2,0,1,0
2025,3,175000,0,2,0,1,0
2025,3,217000,0,2,0,1,0
2024,3,165000,100,2,0,1,0
2024,2,173000,0,2,0,1,0
2025,3,138000,0,2,0,1,0
2024,3,80000,0,2,0,1,0
2024,3,220000,0,2,0,1,0
2025,3,100000,0,2,0,1,0
2025,3,250000,0,2,0,1,0
2024,2,160000,100,2,0,1,0
2025,3,157000,0,2,0,1,0
2023,3,75000,100,2,0,1,0
2024,3,151800,100,2,0,1,0
2024,2,90000,0,2,0,1,0
2025,3,150000,0,2,0,1,0
2024,3,250000,100,2,0,1,0
2025,3,165000,0,2,0,1,0
2025,3,215280,0,2,0,1,0
2024,2,212800,0,3,0,1,0
2024,2,161500,0,2,0,1,0
2024,3,165500,0,2,0,1,0
2024,3,157000,0,2,0,1,0
2024,3,106605,0,2,0,1,0
2024,1,192300,0,3,0,1,0
2025,3,80000,0,2,0,1,0
2025,1,85569,0,2,0,1,0
2025,3,202900,0,2,0,1,0
2024,3,276000,0,2,0,1,0
2025,3,100000,0,2,0,1,0
2024,1,123200,100,2,0,1,0
2022,2,150000,0,2,0,1,0
2024,2,143800,100,2,0,1,0
2025,3,187680,0,2,0,1,0
2022,3,168400,0,2,0,1,0
2025,3,320473,0,2,0,1,0
2023,3,204600,0,2,0,1,0
2024,3,110000,0,2,0,1,0
2024,3,116900,0,2,0,1,0
2025,3,123000,0,2,0,1,0
2024,2,98300,0,2,0,1,0
2024,3,146000,0,2,0,1,0
2025,2,144000,0,2,0,1,0
2024,1,139000,0,2,0,1,0
2023,3,263500,100,2,0,1,0
2024,3,160000,0,2,0,1,0
2024,2,60300,0,2,0,1,0
2025,1,31900,0,2,0,1,0
2025,3,114000,0,2,0,1,0
2024,3,140000,0,2,0,1,0
2025,3,120100,0,2,0,1,0
2024,2,177000,0,2,0,1,0
2024,2,76700,100,2,0,1,0
2025,3,203000,0,2,0,1,0
2024,2,94000,0,2,0,1,0
2024,2,212500,0,2,0,1,0
2024,3,123300,0,2,0,1,0
2023,2,140000,0,2,0,1,0
2025,2,225500,0,2,0,1,0
2024,3,90000,0,2,0,1,0
2023,2,95000,100,2,0,1,0
2025,3,115000,0,2,0,1,0
2024,3,191500,0,2,0,1,0
2024,2,297000,0,2,0,1,0
2024,3,218500,100,2,0,1,0
2025,3,300000,0,2,0,1,0
2024,2,163300,0,2,0,1,0
2024,2,140899,100,2,0,1,0
2025,3,117500,0,2,0,1,0
2025,3,85500,0,2,0,1,0
2024,3,123470,100,2,0,1,0
2025,1,80000,0,2,0,1,0
2024,2,264220,0,2,0,1,0
2025,3,68700,100,2,0,1,0
2025,2,138550,0,2,0,1,0
2024,3,191000,100,2,0,1,0
2025,3,150280,0,2,0,1,0
2025,3,233000,0,2,0,1,0
2024,3,260000,100,2,0,1,0
2024,2,100000,0,2,0,1,0
2024,1,115000,0,2,0,1,0
2023,3,152375,0,2,0,1,0
2024,2,73819,100,2,0,1,0
2025,2,120000,0,2,0,1,0
2025,3,83280,0,2,0,1,0
2024,3,139803,0,2,0,1,0
2025,2,223600,0,3,0,1,0
2024,1,70000,0,2,0,1,0
2025,1,100000,0,2,0,1,0
2025,3,148000,0,2,0,1,0
2023,2,219000,50,3,0,1,0
2025,3,135000,100,2,0,1,0
2024,2,172000,0,2,0,1,0
2025,3,180000,0,2,0,1,0
2024,3,181000,0,2,0,1,0
2025,2,90000,0,2,0,1,0
2025,3,94350,0,2,0,1,0
2024,3,117200,0,2,0,1,0
2025,3,68700,100,2,0,1,0
2025,3,250000,100,2,0,1,0
2024,3,267500,100,2,0,1,0
2024,3,230000,0,2,0,1,0
2023,3,188600,0,2,0,1,0
2025,3,267771,0,2,0,1,0
2025,2,115000,100,2,0,1,0
2025,3,325000,100,2,0,1,0
2024,3,239400,100,2,0,1,0
2024,3,257600,0,2,0,1,0
2025,3,121550,0,2,0,1,0
2025,3,106500,0,2,0,1,0
2025,2,139150,0,2,0,1,0
2025,3,170000,0,2,0,1,0
2025,3,201600,0,2,0,1,0
2025,3,161300,100,2,0,1,0
2025,3,152200,100,2,0,1,0
2025,3,191000,0,2,0,1,0
2024,2,110000,0,2,0,1,0
2024,2,140000,0,2,0,1,0
2024,3,97000,0,2,0,1,0
2025,3,159960,100,2,0,1,0
2025,3,150000,100,2,0,1,0
2025,2,173000,0,2,0,1,0
2025,3,222000,100,2,0,1,0
2025,3,231100,100,2,0,1,0
2025,3,167200,0,2,0,1,0
2025,2,133000,0,2,0,1,0
2024,2,78230,0,2,0,1,0
2023,3,324000,0,2,0,1,0
2024,3,203000,0,2,0,1,0
2025,2,212600,0,3,0,1,0
2025,3,155000,0,2,0,1,0
2025,3,80000,0,2,0,1,0
2025,1,145000,0,2,0,1,0
2025,2,108888,0,2,0,1,0
2024,3,227200,0,2,0,1,0
2025,2,145000,100,2,0,1,0
2024,2,280000,0,2,0,1,0
2024,3,57520,100,2,0,1,0
2024,3,221000,0,2,0,1,0
2024,2,355000,0,2,0,1,0
2025,2,250000,0,2,0,1,0
2024,2,68900,0,2,0,1,0
2024,3,410000,100,2,0,1,0
2024,3,224000,0,2,0,1,0
2025,3,294000,0,2,0,1,0
2025,3,121652,0,2,0,1,0
2025,2,137000,0,2,0,1,0
2024,3,150000,0,2,0,1,0
2023,2,44640,100,2,0,1,0
2025,3,145100,0,2,0,1,0
2025,3,160000,0,2,0,1,0
2025,2,180000,0,2,0,1,0
2024,1,125000,0,2,0,1,0
2024,2,224000,0,2,0,1,0
2024,2,250000,0,2,0,1,0
2025,2,112237,0,2,0,1,0
2025,2,106000,0,2,0,1,0
2024,2,155000,100,2,0,1,0
2025,4,115000,0,2,0,1,0
2025,1,62000,0,2,0,1,0
2023,3,241000,0,2,0,1,0
2024,3,393300,0,2,0,1,0
2025,3,180000,0,2,0,1,0
2024,2,136000,0,3,0,1,0
2025,3,114000,100,2,0,1,0
2023,3,104000,100,2,0,1,0
2024,1,155000,0,2,0,1,0
2024,3,220000,0,2,0,1,0
2024,1,149026,0,2,0,1,0
2024,2,109000,0,2,0,1,0
2025,3,96034,0,2,0,1,0
2025,2,212800,100,3,0,1,0
2025,4,223000,0,2,0,1,0
2025,3,200000,0,2,0,1,0
2024,2,410000,0,2,0,1,0
2024,1,137000,0,2,0,1,0
2024,2,160000,100,2,0,1,0
2024,2,96000,100,2,0,1,0
2025,2,135000,0,2,0,1,0
2025,3,143000,0,2,0,1,0
2025,3,148300,0,2,0,1,0
2024,3,64000,100,2,0,1,0
2025,1,73000,0,2,0,1,0
2025,2,138000,0,2,0,1,0
2024,2,132400,100,2,0,1,0
2024,3,142250,0,2,0,1,0
2024,3,186114,0,2,0,1,0
2024,2,70500,0,2,0,1,0
2024,1,160000,0,2,0,1,0
2024,2,180100,0,2,0,1,0
2024,3,70000,100,2,0,1,0
2025,2,90000,0,2,0,1,0
2025,2,183500,0,2,0,1,0
2023,1,37573,100,2,0,1,0
2024,1,67000,0,2,0,1,0
2025,3,110000,100,2,0,1,0
2024,3,117200,0,2,0,1,0
2025,3,126000,100,2,0,1,0
2025,3,160000,0,2,0,1,0
2024,2,143100,0,2,0,1,0
2025,2,49140,100,3,0,1,0
2024,2,76115,0,2,0,1,0
2025,3,152000,0,2,0,1,0
2023,3,86720,100,2,0,1,0
2025,2,178100,0,2,0,1,0
2024,2,103000,0,2,0,1,0
2025,3,234000,0,2,0,1,0
2024,3,372900,0,2,0,1,0
2025,4,150000,0,2,0,1,0
2024,2,140100,0,2,0,1,0
2023,3,139500,100,2,0,1,0
2024,3,75000,100,2,0,1,0
2025,3,165000,0,2,0,1,0
2025,3,184000,0,2,0,1,0
2024,2,229900,100,2,0,1,0
2025,2,87000,100,2,0,1,0
2025,3,144900,100,2,0,1,0
2025,3,151000,0,2,0,1,0
2024,2,83187,100,2,0,1,0
2024,2,83600,0,2,0,1,0
2024,3,62222,0,2,0,1,0
2024,3,123933,100,2,0,1,0
2025,3,227950,0,2,0,1,0
2024,2,130000,0,2,0,1,0
2024,3,120859,0,2,0,1,0
2025,3,181050,0,2,0,1,0
2025,2,112000,100,2,0,1,0
2025,2,440000,0,2,0,1,0
2024,3,339250,0,2,0,1,0
2024,2,180000,100,2,0,1,0
2024,2,140000,0,2,0,1,0
2024,3,169000,100,2,0,1,0
2024,2,65000,0,2,0,1,0
2024,3,247300,0,2,0,1,0
2024,3,147000,100,2,0,1,0
2025,3,54000,0,2,0,1,0
2024,3,247250,0,2,0,1,0
2024,3,194000,0,2,0,1,0
2025,2,168000,0,2,0,1,0
2024,2,89500,100,2,0,1,0
2022,3,191475,100,2,0,1,0
2025,3,165000,100,2,0,1,0
2025,3,208000,0,2,0,1,0
2025,3,248700,0,2,0,1,0
2023,3,120000,0,2,0,1,0
2024,3,235400,0,2,0,1,0
2023,3,104300,0,3,0,1,0
2025,3,93500,0,2,0,1,0
2024,3,126000,100,2,0,1,0
2025,2,145000,0,2,0,1,0
2024,3,294000,0,2,0,1,0
2025,2,77350,0,2,0,1,0
2024,2,20503,0,2,0,1,0
2025,3,140000,0,2,0,1,0
2024,2,200000,0,2,0,1,0
2024,1,60000,0,2,0,1,0
2024,2,98000,100,2,0,1,0
2022,3,198440,100,2,0,1,0
2024,3,189000,0,2,0,1,0
2024,2,88750,0,2,0,1,0
2025,3,286000,0,2,0,1,0
2024,3,190000,0,2,0,1,0
2024,1,179000,0,2,0,1,0
2024,1,177000,0,2,0,1,0
2024,3,118000,0,2,0,1,0
2024,2,250000,0,2,0,1,0
2025,3,138000,0,2,0,1,0
2024,2,86462,0,2,0,1,0
2024,3,88300,0,2,0,1,0
2024,2,124300,0,2,0,1,0
2025,3,259200,0,2,0,1,0
2025,1,29052,0,2,0,1,0
2025,3,166810,100,2,0,1,0
2024,3,198600,0,2,0,1,0
2023,2,115500,0,2,0,1,0
2024,3,170560,0,2,0,1,0
2024,1,104500,0,2,0,1,0
2024,3,192000,100,2,0,1,0
2025,3,172000,0,2,0,1,0
2023,2,140000,0,2,0,1,0
2025,2,85000,0,2,0,1,0
2025,2,530000,0,2,0,1,0
2025,3,193000,0,2,0,1,0
2025,1,29052,0,2,0,1,0
2024,2,54000,0,2,0,1,0
2024,3,567300,0,2,0,1,0
2025,2,76003,100,2,0,1,0
2024,2,87400,0,2,0,1,0
2024,2,144000,0,2,0,1,0
2024,3,291900,0,2,0,1,0
2025,2,235000,0,2,0,1,0
2025,3,212500,0,2,0,1,0
2025,3,233000,0,2,0,1,0
2025,3,146000,0,2,0,1,0
2025,3,302400,0,2,0,1,0
2024,3,94444,100,2,0,1,0
2025,3,100000,0,2,0,1,0
2025,3,110000,0,2,0,1,0
2024,3,221760,0,2,0,1,0
2025,3,241700,0,2,0,1,0
2025,3,150000,0,2,0,1,0
2024,1,70400,0,2,0,1,0
2024,3,303400,100,2,0,1,0
2024,3,180000,0,2,0,1,0
2024,2,74984,0,2,0,1,0
2024,1,74597,0,2,0,1,0
2025,3,82783,0,2,0,1,0
2025,2,176924,100,2,0,1,0
2025,3,230000,0,2,0,1,0
2024,3,129230,0,2,0,1,0
2025,3,138500,100,2,0,1,0
2025,3,94000,0,2,0,1,0
2024,3,114444,100,2,0,1,0
2025,3,205340,0,2,0,1,0
2024,2,155000,0,2,0,1,0
2025,3,209300,0,2,0,1,0
2024,2,100900,0,2,0,1,0
2024,3,170700,0,2,0,1,0
2025,2,81000,0,2,0,1,0
2025,3,155605,0,2,0,1,0
2023,3,260000,0,3,0,1,0
2024,3,87125,0,2,0,1,0
2024,3,91000,0,2,0,1,0
2024,3,72800,0,2,0,1,0
2024,3,132000,0,2,0,1,0
2025,2,136000,0,3,0,1,0
2024,3,105000,0,2,0,1,0
2024,3,137600,0,2,0,1,0
2025,1,90000,0,2,0,1,0
2025,1,83000,0,2,0,1,0
2024,2,295000,0,2,0,1,0
2025,3,178800,100,2,0,1,0
2024,2,136000,0,3,0,1,0
2025,3,92400,0,2,0,1,0
2025,3,52631,0,2,0,1,0
2024,3,245400,0,2,0,1,0
2024,3,245300,0,2,0,1,0
2024,2,120000,0,2,0,1,0
2025,2,120000,0,2,0,1,0
2025,3,88200,0,2,0,1,0
2025,3,291500,0,2,0,1,0
2024,1,87000,0,2,0,1,0
2025,2,115000,0,2,0,1,0
2025,3,292000,0,2,0,1,0
2025,2,185000,0,3,0,1,0
2024,2,174000,100,2,0,1,0
2023,3,126300,0,2,0,1,0
2024,2,187000,0,2,0,1,0
2025,2,250600,0,2,0,1,0
2024,3,236000,0,2,0,1,0
2025,3,86182,0,2,0,1,0
2024,3,216000,0,2,0,1,0
2024,3,145000,100,2,0,1,0
2023,3,260000,0,3,0,1,0
2024,3,213480,0,2,0,1,0
2025,2,150000,0,2,0,1,0
2023,3,162000,100,2,0,1,0
2023,3,236000,100,2,0,1,0
2025,3,111000,0,2,0,1,0
2024,3,190000,100,2,0,1,0
2025,3,330000,0,2,0,1,0
2025,2,75600,0,2,0,1,0
2025,3,63157,0,2,0,1,0
2025,3,246000,0,2,0,1,0
2024,3,104200,0,2,0,1,0
2024,3,100000,100,2,0,1,0
2024,2,79000,0,2,0,1,0
2024,3,254000,0,2,0,1,0
2025,3,267221,100,2,0,1,0
2025,2,150000,0,2,0,1,0
2025,3,122000,0,2,0,1,0
2025,1,74000,0,2,0,1,0
2024,2,177777,0,2,0,1,0
2025,4,294750,0,2,0,1,0
2024,3,104800,100,2,0,1,0
2024,3,134550,0,2,0,1,0
2025,3,223400,0,2,0,1,0
2025,3,215000,100,2,0,1,0
2024,3,310500,0,2,0,1,0
2025,3,169320,0,2,0,1,0
2025,2,188500,100,2,0,1,0
2025,1,185000,0,2,0,1,0
2023,3,92000,0,2,0,1,0
2025,3,135000,100,2,0,1,0
2025,3,130000,0,2,0,1,0
2024,3,108800,0,2,0,1,0
2025,3,273930,0,2,0,1,0
2024,3,126600,0,2,0,1,0
2025,3,90000,0,2,0,1,0
2024,2,157000,0,2,0,1,0
2025,3,126100,0,2,0,1,0
2025,3,241600,0,2,0,1,0
2025,3,237000,0,2,0,1,0
2024,3,92000,0,2,0,1,0
2024,2,172000,0,2,0,1,0
2025,2,170000,100,2,0,1,0
2024,3,277000,0,2,0,1,0
2024,3,176000,0,2,0,1,0
2025,2,167981,0,2,0,1,0
2025,3,230000,100,2,0,1,0
2023,4,295500,100,2,0,1,0
2024,2,171350,0,2,0,1,0
2025,3,110000,0,2,0,1,0
2025,2,210000,0,2,0,1,0
2025,3,257200,0,2,0,1,0
2025,3,287500,0,2,0,1,0
2025,3,63291,0,2,0,1,0
2025,3,300000,0,2,0,1,0
2024,3,331640,0,2,0,1,0
2025,2,150000,0,2,0,1,0
2025,3,196200,0,2,0,1,0
2024,3,138500,100,2,0,1,0
2025,3,118000,0,2,0,1,0
2024,2,187100,0,2,0,1,0
2025,3,107700,0,2,0,1,0
2024,3,161200,0,2,0,1,0
2024,2,144700,0,2,0,1,0
2025,3,42105,100,1,0,1,0
2025,2,104000,100,2,0,1,0
2024,2,123419,0,2,0,1,0
2025,4,175000,0,2,0,1,0
2022,3,194000,100,2,0,1,0
2024,2,101500,0,2,0,1,0
2024,2,35000,0,2,0,1,0
2024,3,198000,0,2,0,1,0
2024,2,152000,0,2,0,1,0
2025,3,180250,0,2,0,1,0
2025,2,560000,0,2,0,1,0
2024,2,231250,0,2,0,1,0
2024,3,250200,0,2,0,1,0
2025,3,166000,0,2,0,1,0
2025,3,173300,0,2,0,1,0
2024,2,98300,0,2,0,1,0
2024,2,110059,0,2,0,1,0
2024,2,227600,0,2,0,1,0
2025,3,130000,0,2,0,1,0
2025,3,153000,100,2,0,1,0
2024,3,181510,0,2,0,1,0
2024,3,200000,0,2,0,1,0
2024,2,85000,0,2,0,1,0
2025,2,299300,0,2,0,1,0
2024,2,370000,0,2,0,1,0
2023,3,247500,0,2,0,1,0
2024,1,73464,0,2,0,1,0
2024,3,160000,0,2,0,1,0
2025,3,212800,0,3,0,1,0
2025,3,170000,0,2,0,1,0
2023,2,51676,0,2,0,1,0
2024,2,45790,0,2,0,1,0
2024,2,172000,0,2,0,1,0
2024,3,79400,0,2,0,1,0
2025,2,162000,0,2,0,1,0
2024,3,110000,0,2,0,1,0
2025,1,65000,0,2,0,1,0
2024,3,235400,0,2,0,1,0
2024,2,160000,0,2,0,1,0
2024,3,283780,0,2,0,1,0
2024,4,185000,0,2,0,1,0
2025,3,242000,0,2,0,1,0
2025,2,60000,100,2,0,1,0
2024,2,53521,0,2,0,1,0
2024,3,138000,0,2,0,1,0
2025,2,101000,100,2,0,1,0
2025,2,148500,0,2,0,1,0
2025,2,156600,0,2,0,1,0
2024,2,126400,100,3,0,1,0
2023,3,223400,100,2,0,1,0
2024,3,141000,0,2,0,1,0
2024,3,220000,0,2,0,1,0
2025,3,178100,0,2,0,1,0
2024,3,142300,0,2,0,1,0
2024,3,140000,100,2,0,1,0
2024,3,77500,0,2,0,1,0
2025,3,260000,0,3,0,1,0
2025,2,68926,0,2,0,1,0
2025,3,260922,0,2,0,1,0
2024,3,300200,0,2,0,1,0
2025,3,110300,100,2,0,1,0
2024,2,110990,0,2,0,1,0
2025,3,293000,0,2,0,1,0
2025,2,166320,100,2,0,1,0
2025,3,112500,0,2,0,1,0
2025,3,282000,100,2,0,1,0
2023,3,133200,100,2,0,1,0
2025,3,122600,0,2,0,1,0
2024,3,129500,0,2,0,1,0
2025,3,150000,0,2,0,1,0
2025,3,99759,0,2,0,1,0
2025,3,192000,0,2,0,1,0
2025,3,172000,0,2,0,1,0
2022,3,175950,100,2,0,1,0
2025,3,217200,0,2,0,1,0
2024,2,107690,0,2,0,1,0
2025,3,80900,100,2,0,1,0
2025,3,180000,0,2,0,1,0
2025,3,160000,100,2,0,1,0
2024,4,160000,0,2,0,1,0
2024,3,212160,0,2,0,1,0
2024,1,72100,0,2,0,1,0
2024,2,126400,0,2,0,1,0
2025,3,90000,100,2,0,1,0
2023,3,110000,100,2,0,1,0
2025,3,234000,100,2,0,1,0
2024,1,153600,0,2,0,1,0
2023,3,132400,100,2,0,1,0
2025,3,141700,0,2,0,1,0
2025,2,145000,100,2,0,1,0
2024,2,142300,0,2,0,1,0
2025,3,190000,100,2,0,1,0
2024,3,112000,0,2,0,1,0
2025,4,264977,0,2,0,1,0
2024,2,98900,0,2,0,1,0
2024,3,209657,0,2,0,1,0
2024,3,95000,0,2,0,1,0
2025,2,125400,0,2,0,1,0
2024,2,235950,0,2,0,1,0
2025,1,41440,0,2,0,1,0
2025,3,185000,0,2,0,1,0
2025,3,126000,0,2,0,1,0
2025,1,137439,100,2,0,1,0
2025,3,131800,0,2,0,1,0
2024,3,140000,100,2,0,1,0
2025,3,190000,0,2,0,1,0
2025,3,89700,0,2,0,1,0
2024,2,146875,0,2,0,1,0
2024,3,324500,0,2,0,1,0
2024,3,240000,0,2,0,1,0
2024,2,160000,0,2,0,1,0
2023,3,210000,100,2,0,1,0
2025,2,208800,0,2,0,1,0
2024,3,215000,0,2,0,1,0
2025,3,218000,0,2,0,1,0
2025,1,250000,0,2,0,1,0
2024,2,130000,0,2,0,1,0
2024,1,90000,0,2,0,1,0
2024,3,145300,0,2,0,1,0
2024,2,248700,0,2,0,1,0
2024,3,203000,0,2,0,1,0
2025,3,142000,0,2,0,1,0
2025,3,300000,100,2,0,1,0
2024,1,78300,0,2,0,1,0
2025,2,130000,0,2,0,1,0
2024,2,175000,0,2,0,1,0
2023,3,192000,100,2,0,1,0
2025,2,197200,0,2,0,1,0
2025,4,194300,0,2,0,1,0
2025,3,142800,0,2,0,1,0
2025,2,79000,0,2,0,1,0
2024,1,237500,0,2,0,1,0
2025,4,126750,100,2,0,1,0
2024,2,76857,0,2,0,1,0
2025,3,79800,0,2,0,1,0
2022,3,183000,100,3,0,1,0
2024,3,118450,0,2,0,1,0
2025,2,105000,0,2,0,1,0
2024,3,246000,0,2,0,1,0
2025,3,364254,0,2,0,1,0
2024,2,149400,0,2,0,1,0
2025,3,29561,0,2,0,1,0
2025,2,152000,0,2,0,1,0
2024,3,80000,100,2,0,1,0
2025,2,190400,0,2,0,1,0
2025,3,179300,0,2,0,1,0
2025,2,72600,100,2,0,1,0
2025,2,125000,0,2,0,1,0
2024,2,184900,100,2,0,1,0
2024,2,165000,100,2,0,1,0
2025,3,113378,0,2,0,1,0
2025,1,98000,0,2,0,1,0
2025,3,91265,0,2,0,1,0
2024,2,214464,0,2,0,1,0
2023,3,156100,0,2,0,1,0
2024,3,172000,0,2,0,1,0
2024,3,180000,100,2,0,1,0
2024,2,145000,0,2,0,1,0
2025,3,253200,0,2,0,1,0
2024,3,122300,0,2,0,1,0
2024,3,252000,0,2,0,1,0
2024,2,122000,0,2,0,1,0
2025,2,172000,0,2,0,1,0
2024,2,142000,0,2,0,1,0
2024,3,131250,0,2,0,1,0
2024,3,159000,0,2,0,1,0
2024,4,173500,0,2,0,1,0
2024,4,273600,100,2,0,1,0
2024,2,101098,100,2,0,1,0
2025,3,119600,0,2,0,1,0
2024,2,220000,0,2,0,1,0
2025,3,140000,0,2,0,1,0
2022,3,204500,0,2,0,1,0
2022,3,145000,100,2,0,1,0
2025,3,143100,0,2,0,1,0
2024,3,79000,0,2,0,1,0
2024,2,97700,0,2,0,1,0
2025,3,246800,0,2,0,1,0
2023,3,185900,0,2,0,1,0
2024,3,203000,100,2,0,1,0
2024,3,110000,100,2,0,1,0
2024,4,145000,0,2,0,1,0
2024,1,220000,0,2,0,1,0
2024,3,170000,100,2,0,1,0
2025,1,75000,0,2,0,1,0
2025,4,160000,0,2,0,1,0
2023,1,125000,0,2,0,1,0
2025,3,150000,100,2,0,1,0
2025,3,64285,0,2,0,1,0
2024,3,237120,100,2,0,1,0
2024,3,284400,0,2,0,1,0
2025,2,101265,0,2,0,1,0
2024,2,200000,0,2,0,1,0
2025,4,142105,0,2,0,1,0
2025,2,200200,0,2,0,1,0
2025,2,155000,0,2,0,1,0
2024,2,223500,0,2,0,1,0
2024,1,39200,0,2,0,1,0
2024,3,153075,0,2,0,1,0
2024,2,137750,0,2,0,1,0
2025,1,34000,0,2,0,1,0
2024,3,94000,100,2,0,1,0
2024,3,247600,0,3,0,1,0
2025,1,80300,0,2,0,1,0
2025,2,180000,100,2,0,1,0
2024,3,139500,0,2,0,1,0
2025,3,191500,0,2,0,1,0
2024,3,91520,0,2,0,1,0
2024,1,82000,0,2,0,1,0
2025,3,204900,0,2,0,1,0
2025,2,123130,0,2,0,1,0
2024,2,49900,0,2,0,1,0
2024,3,138000,100,2,0,1,0
2024,3,41033,0,2,0,1,0
2025,2,69050,0,2,0,1,0
2025,1,40610,0,2,0,1,0
2025,3,200000,0,2,0,1,0
2025,3,183000,100,2,0,1,0
2024,3,182000,0,2,0,1,0
2024,1,126000,0,2,0,1,0
2025,2,111400,0,2,0,1,0
2024,1,48000,0,2,0,1,0
2025,3,220000,0,2,0,1,0
2024,1,137900,100,2,0,1,0
2024,3,74000,0,2,0,1,0
2025,2,120800,0,2,0,1,0
2024,1,51600,0,2,0,1,0
2024,2,170000,0,2,0,1,0
2023,3,113100,0,2,0,1,0
2025,2,346000,100,2,0,1,0
2024,2,60400,0,2,0,1,0
2024,3,160000,100,2,0,1,0
2025,3,184000,0,2,0,1,0
2025,3,194700,0,2,0,1,0
2024,3,140000,100,2,0,1,0
2025,3,165500,0,3,0,1,0
2025,3,101265,0,2,0,1,0
2023,3,120000,50,3,0,1,0
2024,3,214032,0,2,0,1,0
2025,3,69265,0,2,0,1,0
2024,3,208000,100,2,0,1,0
2024,3,100000,100,2,0,1,0
2023,3,190000,0,2,0,1,0
2025,1,76500,100,2,0,1,0
2024,2,26000,100,2,0,1,0
2024,2,339250,0,2,0,1,0
2024,3,355000,0,2,0,1,0
2024,2,300200,0,2,0,1,0
2024,3,146000,0,2,0,1,0
2024,2,133000,0,2,0,1,0
2025,3,185000,0,2,0,1,0
2025,3,95800,0,2,0,1,0
2025,3,122000,0,2,0,1,0
2025,3,258750,0,2,0,1,0
2024,3,169000,0,2,0,1,0
2024,2,123200,100,2,0,1,0
2025,2,100000,0,2,0,1,0
2025,3,176000,0,2,0,1,0
2024,3,245400,0,2,0,1,0
2025,3,485000,0,2,0,1,0
2024,3,109120,0,2,0,1,0
2025,3,231550,100,2,0,1,0
2024,4,225607,0,2,0,1,0
2023,3,147400,0,2,0,1,0
2024,3,90000,100,2,0,1,0
2023,3,215000,0,2,0,1,0
2024,2,106500,100,2,0,1,0
2025,3,63157,100,2,0,1,0
2025,3,189000,0,2,0,1,0
2025,3,151280,0,2,0,1,0
2024,3,165000,0,2,0,1,0
2025,3,178000,100,2,0,1,0
2024,3,149800,100,2,0,1,0
2025,2,110000,0,2,0,1,0
2025,3,179000,0,2,0,1,0
2024,2,110000,100,2,0,1,0
2025,1,22231,0,2,0,1,0
2025,3,175000,0,2,0,1,0
2025,3,207800,0,2,0,1,0
2025,3,89000,0,2,0,1,0
2025,3,263600,0,2,0,1,0
2024,3,256500,0,2,0,1,0
2025,3,35473,0,2,0,1,0
2024,3,97400,0,2,0,1,0
2024,1,126000,0,2,0,1,0
2024,3,92920,0,2,0,1,0
2024,2,120000,0,2,0,1,0
2024,3,142800,0,2,0,1,0
2025,2,47924,0,2,0,1,0
2025,3,132800,0,2,0,1,0
2023,3,119000,100,2,0,1,0
2025,2,112500,0,2,0,1,0
2025,2,128000,0,2,0,1,0
2025,2,212800,0,3,0,1,0
2024,2,85600,0,2,0,1,0
2023,4,160000,100,2,0,1,0
2024,2,260000,0,2,0,1,0
2024,2,160000,0,2,0,1,0
2025,2,56842,0,2,0,1,0
2025,3,126000,0,2,0,1,0
2023,4,174500,0,2,0,1,0
2025,3,148000,0,2,0,1,0
2025,2,209000,0,2,0,1,0
2024,3,140000,0,2,0,1,0
2025,3,110700,0,2,0,1,0
2024,3,142000,0,2,0,1,0
2024,3,266000,100,2,0,1,0
2024,3,199000,0,2,0,1,0
2024,3,107600,100,3,0,1,0
2024,3,250000,0,2,0,1,0
2024,3,120000,0,2,0,1,0
2024,3,225000,0,2,0,1,0
2025,2,193000,0,2,0,1,0
2024,4,170000,0,2,0,1,0
2023,2,96750,0,2,0,1,0
2025,2,97165,0,2,0,1,0
2025,1,44660,100,2,0,1,0
2025,3,105063,0,2,0,1,0
2025,2,123000,0,2,0,1,0
2025,1,135320,100,2,0,1,0
2025,3,161500,0,2,0,1,0
2025,3,29000,0,2,0,0,1
2025,2,440000,0,2,0,1,0
2025,2,154000,0,2,0,1,0
2024,3,145000,0,2,0,1,0
2025,1,58425,0,2,0,1,0
2024,3,111200,0,2,0,1,0
2024,2,227700,100,2,0,1,0
2025,3,110000,100,2,0,1,0
2024,3,250000,0,2,0,1,0
2024,2,119000,0,2,0,1,0
2024,3,85000,0,2,0,1,0
2025,2,77600,0,2,0,1,0
2025,2,184000,0,3,0,1,0
2025,3,150000,100,2,0,1,0
2023,3,142200,0,2,0,1,0
2024,1,75000,0,2,0,1,0
2024,2,45000,100,2,0,1,0
2024,2,128000,0,2,0,1,0
2024,3,150000,0,2,0,1,0
2025,2,154990,0,2,0,1,0
2024,3,83576,0,2,0,1,0
2025,3,160680,0,2,0,1,0
2024,4,157500,0,2,0,1,0
2024,3,170000,0,2,0,1,0
2024,3,147000,100,2,0,1,0
2025,3,150000,0,2,0,1,0
2024,3,48000,100,2,0,1,0
2025,3,136000,0,2,0,1,0
2024,2,86000,0,2,0,1,0
2025,3,170000,100,2,0,1,0
2024,3,180000,0,2,0,1,0
2025,3,188000,0,2,0,1,0
2025,3,193725,0,2,0,1,0
2025,2,85000,100,2,0,1,0
2024,1,64000,0,2,0,1,0
2025,3,175500,0,2,0,1,0
2025,3,126900,100,2,0,1,0
2025,3,207219,0,2,0,1,0
2024,3,106700,0,2,0,1,0
2025,1,123000,0,2,0,1,0
2024,1,87100,0,2,0,1,0
2024,3,221000,0,2,0,1,0
2025,1,90000,0,2,0,1,0
2025,3,245000,0,2,0,1,0
2025,2,182000,0,2,0,1,0
2025,3,263000,0,2,0,1,0
2023,3,158400,0,2,0,1,0
2025,3,266500,100,2,0,1,0
2025,3,150000,0,2,0,1,0
2024,2,173000,0,2,0,1,0
2024,2,245000,0,2,0,1,0
2024,3,149200,0,2,0,1,0
2024,3,355000,0,2,0,1,0
2024,2,156000,0,2,0,1,0
2025,2,250000,0,2,0,1,0
2024,4,70000,0,2,0,1,0
2024,3,160000,0,2,0,1,0
2025,3,180000,0,2,0,1,0
2024,3,220000,0,2,0,1,0
2024,3,216000,0,2,0,1,0
2024,1,92250,0,2,0,1,0
2024,3,220500,0,2,0,1,0
2025,3,170000,0,2,0,1,0
2025,3,265080,0,2,0,1,0
2025,2,81096,0,2,0,1,0
2025,3,188000,0,2,0,1,0
2025,3,110000,0,2,0,1,0
2025,3,197000,0,2,0,1,0
2024,1,150000,0,2,0,1,0
2025,3,186800,100,2,0,1,0
2025,3,109000,0,2,0,1,0
2025,3,167300,0,2,0,1,0
2024,3,129723,0,2,0,1,0
2025,3,192890,0,2,0,1,0
2024,3,180000,0,2,0,1,0
2025,3,290180,0,2,0,1,0
2025,2,58656,0,2,0,1,0
2024,2,217749,0,2,0,1,0
2023,3,61520,0,2,0,1,0
2024,3,230000,100,2,0,1,0
2024,2,90500,0,2,0,1,0
2024,2,131000,100,2,0,1,0
2025,4,103920,0,2,0,1,0
2024,3,165000,100,2,0,1,0
2025,2,160000,0,2,0,1,0
2024,2,98300,0,2,0,1,0
2024,3,138400,100,2,0,1,0
2025,3,215000,100,2,0,1,0
2024,3,234000,0,2,0,1,0
2025,3,180000,0,2,0,1,0
2025,3,95264,0,2,0,1,0
2025,3,157600,0,2,0,1,0
2025,3,273070,0,2,0,1,0
2024,2,200500,0,2,0,1,0
2025,2,51824,0,2,0,1,0
2023,2,111400,0,2,0,1,0
2024,3,156476,100,2,0,1,0
2024,3,82940,0,2,0,1,0
2025,3,180000,100,2,0,1,0
2024,3,200000,0,2,0,1,0
2023,3,169900,100,2,0,1,0
2024,3,177500,100,2,0,1,0
2024,3,256300,0,2,0,1,0
2025,2,78700,0,2,0,1,0
2025,2,199500,0,2,0,1,0
2024,3,140000,0,2,0,1,0
2025,1,40506,0,2,0,1,0
2025,3,167000,0,2,0,1,0
2025,4,300000,0,2,0,1,0
2024,1,79700,0,2,0,1,0
2024,2,65000,0,2,0,1,0
2025,3,234000,0,2,0,1,0
2024,3,293800,0,2,0,1,0
2025,3,204600,0,2,0,1,0
2024,3,200200,0,2,0,1,0
2025,3,125000,100,2,0,1,0
2025,1,65000,0,2,0,1,0
2025,2,140000,100,2,0,1,0
2024,3,200200,0,2,0,1,0
2025,2,385000,0,2,0,1,0
2025,3,123200,0,2,0,1,0
2024,3,140000,100,2,0,1,0
2025,2,110000,100,2,0,1,0
2025,3,93700,100,2,0,1,0
2025,3,125000,100,2,0,1,0
2025,3,110000,100,2,0,1,0
2025,3,142500,0,2,0,1,0
2024,3,160000,100,2,0,1,0
2024,2,264200,0,2,0,1,0
2024,3,280000,100,2,0,1,0
2024,3,165000,100,2,0,1,0
2023,3,225000,100,2,0,1,0
2025,3,162000,0,2,0,1,0
2024,3,224000,0,2,0,1,0
2024,2,100000,0,2,0,1,0
2022,3,175000,0,2,0,1,0
2024,2,196900,0,2,0,1,0
2024,2,120000,100,2,0,1,0
2024,3,110000,0,2,0,1,0
2025,2,67700,0,2,0,1,0
2024,3,229900,0,2,0,1,0
2024,3,200000,0,2,0,1,0
2024,2,65000,100,2,0,1,0
2025,3,225000,0,2,0,1,0
2024,3,192700,0,2,0,1,0
2024,1,55466,0,2,0,1,0
2025,3,66329,0,2,0,1,0
2025,2,55837,100,2,0,1,0
2025,3,183500,100,2,0,1,0
2024,3,54000,100,2,0,1,0
2024,3,264200,0,2,0,1,0
2024,4,173600,0,2,0,1,0
2025,2,153000,0,2,0,1,0
2025,2,116100,100,2,0,1,0
2024,1,64000,0,2,0,1,0
2025,4,274800,0,2,0,1,0
2024,3,135400,0,2,0,1,0
2024,2,284900,0,2,0,1,0
2025,2,207000,0,2,0,1,0
2024,2,163300,0,2,0,1,0
2024,3,181250,0,2,0,1,0
2025,3,150000,100,2,0,1,0
2024,3,165000,100,2,0,1,0
2024,3,110400,0,2,0,1,0
2024,1,190000,0,2,0,1,0
2025,3,99100,0,2,0,1,0
2025,2,65600,100,2,0,1,0
2023,3,175000,0,2,0,1,0
2023,3,132500,0,2,0,1,0
2024,1,75000,0,2,0,1,0
2024,3,115200,0,2,0,1,0
2024,3,166600,0,2,0,1,0
2025,1,95000,0,2,0,1,0
2025,2,118657,0,2,0,1,0
2024,3,108500,100,2,0,1,0
2025,3,166080,0,2,0,1,0
2024,2,160000,0,2,0,1,0
2025,1,113934,100,2,0,1,0
2024,3,280000,0,2,0,1,0
2024,2,205600,0,3,0,1,0
2024,3,85800,0,2,0,1,0
2025,1,96500,0,2,0,1,0
2024,2,172000,0,2,0,1,0
2025,3,150000,0,2,0,1,0
2025,3,115200,100,2,0,1,0
2023,3,168000,0,2,0,1,0
2025,3,131500,0,2,0,1,0
2025,2,181503,0,2,0,1,0
2024,2,221760,0,2,0,1,0
2024,3,178000,0,2,0,1,0
2023,3,155000,0,2,0,1,0
2024,2,129300,100,3,0,1,0
2025,2,110000,100,2,0,1,0
2025,3,294000,0,2,0,1,0
2025,3,155000,100,2,0,1,0
2024,2,223500,0,2,0,1,0
2025,3,173000,0,2,0,1,0
2024,3,137000,0,2,0,1,0
2024,3,142700,0,2,0,1,0
2025,3,299040,0,2,0,1,0
2025,2,160000,0,2,0,1,0
2025,3,318500,0,2,0,1,0
2025,1,62000,100,2,0,1,0
2024,3,230000,100,2,0,1,0
2024,3,273500,0,2,0,1,0
2024,2,150000,0,2,0,1,0
2024,3,169000,0,2,0,1,0
2024,4,244900,0,2,0,1,0
2023,3,258000,0,2,0,1,0
2025,3,244000,100,2,0,1,0
2024,3,143000,0,2,0,1,0
2025,3,280000,100,2,0,1,0
2025,2,143500,100,2,0,1,0
2025,3,132800,100,2,0,1,0
2023,2,115000,100,2,0,1,0
2024,2,143100,0,2,0,1,0
2025,3,157300,100,2,0,1,0
2024,1,144300,0,2,0,1,0
2025,2,130000,0,2,0,1,0
2024,2,200000,0,2,0,1,0
2024,3,190700,0,2,0,1,0
2024,3,284000,0,2,0,1,0
2025,2,250200,0,2,0,1,0
2025,2,102000,0,2,0,1,0
2025,3,175000,0,2,0,1,0
2024,2,172000,0,2,0,1,0
2024,3,199441,0,2,0,1,0
2025,1,65342,100,2,0,1,0
2025,3,221400,0,2,0,1,0
2022,3,84053,50,3,0,1,0
2025,3,250000,0,2,0,1,0
2024,3,100000,0,2,0,1,0
2024,2,140000,0,2,0,1,0
2025,3,248000,0,2,0,1,0
2025,2,240000,0,2,0,1,0
2025,3,202800,0,3,0,1,0
2024,3,201500,0,2,0,1,0
2024,3,163000,0,2,0,1,0
2024,3,312867,0,2,0,1,0
2024,2,56453,0,2,0,1,0
2023,2,122200,0,2,0,1,0
2025,2,132000,0,2,0,1,0
2024,2,222200,0,3,0,1,0
2025,3,101600,100,2,0,1,0
2023,4,162500,0,2,0,1,0
2024,3,239800,0,2,0,1,0
2024,2,179000,0,2,0,1,0
2025,3,143100,0,2,0,1,0
2024,3,72700,100,2,0,1,0
2024,2,99000,0,2,0,1,0
2023,3,167441,100,2,0,1,0
2023,3,150000,0,2,0,1,0
2025,2,110250,0,2,0,1,0
2024,3,283500,0,2,0,1,0
2025,3,90000,0,2,0,1,0
2025,3,125000,100,2,0,1,0
2025,3,240000,0,2,0,1,0
2024,2,135500,100,2,0,1,0
2025,2,120000,0,2,0,1,0
2024,3,189000,0,2,0,1,0
2024,3,150000,0,2,0,1,0
2023,3,85700,0,2,0,1,0
2025,2,126582,0,2,0,1,0
2024,3,180000,0,2,0,1,0
2024,2,200000,0,2,0,1,0
2025,2,81600,0,2,0,1,0
2023,1,65000,0,2,0,1,0
2025,3,303500,0,2,0,1,0
2025,2,70000,0,2,0,1,0
2024,2,109000,0,2,0,1,0
2024,2,246536,0,2,0,1,0
2025,3,183600,0,2,0,1,0
2024,3,235000,0,2,0,1,0
2024,3,146000,0,2,0,1,0
2024,3,161000,0,2,0,1,0
2025,3,239000,0,2,0,1,0
2025,3,111240,0,2,0,1,0
2024,3,120900,0,2,0,1,0
2024,3,100000,0,2,0,1,0
2024,3,129400,0,2,0,1,0
2025,2,82500,0,2,0,1,0
2022,3,177600,100,3,0,1,0
2025,3,165000,0,2,0,1,0
2025,3,90000,0,2,0,1,0
2023,2,185900,0,2,0,1,0
2025,3,78571,0,2,0,1,0
2024,2,137500,0,2,0,1,0
2024,3,155000,100,2,0,1,0
2025,3,314400,0,2,0,1,0
2025,3,202000,0,2,0,1,0
2024,3,65200,0,2,0,1,0
2024,3,263500,100,2,0,1,0
2024,3,106500,0,2,0,1,0
2022,3,191475,100,2,0,1,0
2024,3,138900,0,2,0,1,0
2024,3,256500,0,2,0,1,0
2025,2,225000,0,2,0,1,0
2024,2,183500,0,2,0,1,0
2023,2,100000,100,2,0,1,0
2024,2,212800,0,3,0,1,0
2025,3,190000,100,2,0,1,0
2025,2,166000,0,2,0,1,0
2024,3,88300,0,2,0,1,0
2025,1,60000,0,2,0,1,0
2025,3,151100,0,2,0,1,0
2025,2,389500,0,2,0,1,0
2024,3,120000,0,2,0,1,0
2025,2,75000,0,2,0,1,0
2025,1,81400,0,2,0,1,0
2025,4,304000,0,2,0,1,0
2025,2,190137,100,2,0,1,0
2023,3,228000,0,2,0,1,0
2024,3,192700,0,2,0,1,0
2025,1,110000,0,2,0,1,0
2025,3,118000,0,2,0,1,0
2023,3,200000,0,2,0,1,0
2025,1,120000,0,2,0,1,0
2025,3,170000,0,2,0,1,0
2024,3,165000,0,2,0,1,0
2025,3,166080,0,2,0,1,0
2025,2,181896,0,2,0,1,0
2024,1,65300,0,2,0,1,0
2024,3,419750,0,2,0,1,0
2025,2,181600,100,2,0,1,0
2024,3,210000,100,2,0,1,0
2025,3,110000,100,2,0,1,0
2025,2,145500,0,2,0,1,0
2025,3,136000,0,2,0,1,0
2024,3,160000,0,2,0,1,0
2024,3,310000,0,2,0,1,0
2024,3,159800,0,2,0,1,0
2025,3,110000,100,2,0,1,0
2025,3,142500,0,2,0,1,0
2025,1,79648,0,2,0,1,0
2024,2,106050,0,2,0,1,0
2024,3,140000,100,2,0,1,0
2023,3,208000,100,2,0,1,0
2025,2,90000,0,2,0,1,0
2025,3,160000,100,2,0,1,0
2025,3,150000,0,2,0,1,0
2024,2,107600,0,2,0,1,0
2024,3,160000,100,2,0,1,0
2025,2,76800,0,2,0,1,0
2024,3,321000,0,2,0,1,0
2025,4,230000,0,2,0,1,0
2024,2,138000,0,2,0,1,0
2024,2,155000,0,2,0,1,0
2024,3,125760,0,2,0,1,0
2024,2,68000,0,2,0,1,0
2024,1,151500,0,2,0,1,0
2025,2,189000,0,2,0,1,0
2024,3,120000,0,2,0,1,0
2024,3,110000,100,2,0,1,0
2025,3,97400,0,3,0,1,0
2024,3,250000,100,2,0,1,0
2025,4,135700,0,2,0,1,0
2024,2,199600,0,2,0,1,0
2025,3,189000,0,2,0,1,0
2024,3,170700,0,2,0,1,0
2024,3,70000,0,2,0,1,0
2024,2,145000,0,2,0,1,0
2024,3,389500,0,2,0,1,0
2025,2,158000,0,2,0,1,0
2025,3,109800,0,2,0,1,0
2025,3,170000,0,2,0,1,0
2024,3,185000,0,3,0,1,0
2023,2,110000,0,2,0,1,0
2025,2,115000,100,2,0,1,0
2025,3,198000,0,2,0,1,0
2025,2,78800,0,2,0,1,0
2025,2,142800,0,2,0,1,0
2024,2,49880,0,2,0,1,0
2023,3,195000,100,2,0,1,0
2025,2,150000,0,2,0,1,0
2025,2,100000,0,2,0,1,0
2025,3,110000,100,2,0,1,0
2024,3,98400,0,2,0,1,0
2024,1,180000,0,2,0,1,0
2025,3,260100,100,2,0,1,0
2025,3,101265,0,2,0,1,0
2024,3,155600,0,2,0,1,0
2025,2,135000,100,2,0,1,0
2025,1,117180,0,2,0,1,0
2024,1,95680,0,3,0,1,0
2025,3,150000,0,2,0,1,0
2024,3,143000,0,2,0,1,0
2024,3,180000,100,2,0,1,0
2025,3,190800,100,2,0,1,0
2024,2,145000,0,2,0,1,0
2024,3,200200,0,2,0,1,0
2024,1,104000,0,2,0,1,0
2024,3,330000,0,2,0,1,0
2023,3,117000,0,2,0,1,0
2025,3,129400,0,3,0,1,0
2024,3,129620,0,2,0,1,0
2025,2,440000,0,2,0,1,0
2024,3,84600,0,2,0,1,0
2025,3,170000,0,2,0,1,0
2025,3,97600,0,2,0,1,0
2024,2,133000,0,2,0,1,0
2023,3,192000,100,2,0,1,0
2025,2,95000,100,2,0,1,0
2025,3,236500,0,2,0,1,0
2024,3,151700,0,2,0,1,0
2024,2,59570,0,2,0,1,0
2024,3,180000,0,2,0,1,0
2025,1,130000,0,2,0,1,0
2024,2,64300,0,2,0,1,0
2025,2,130000,0,2,0,1,0
2024,3,299375,0,2,0,1,0
2025,3,157000,0,2,0,1,0
2024,2,243300,0,2,0,1,0
2024,1,59842,0,2,0,1,0
2024,3,175000,0,2,0,1,0
2025,3,598185,0,2,0,1,0
2025,3,189000,0,2,0,1,0
2025,2,94800,100,2,0,1,0
2023,3,84700,0,2,0,1,0
2024,3,250000,100,2,0,1,0
2024,2,72000,0,2,0,1,0
2024,2,230000,0,2,0,1,0
2025,2,180000,0,2,0,1,0
2025,2,101333,0,2,0,1,0
2024,3,172000,100,2,0,1,0
2025,3,91740,0,2,0,1,0
2025,1,65000,0,2,0,1,0
2024,3,157000,0,2,0,1,0
2025,3,119000,0,2,0,1,0
2023,2,136000,0,3,0,1,0
2024,3,50000,0,2,0,1,0
2025,3,117200,0,2,0,1,0
2025,3,183000,0,2,0,1,0
2024,2,264200,0,2,0,1,0
2025,3,132000,0,2,0,1,0
2024,2,73008,100,2,0,1,0
2025,3,99000,0,2,0,1,0
2025,3,300000,0,2,0,1,0
2024,3,117200,0,2,0,1,0
2025,3,112000,100,2,0,1,0
2023,3,136000,0,3,0,1,0
2024,2,244700,100,2,0,1,0
2023,3,68400,0,2,0,1,0
2025,3,220000,0,2,0,1,0
2024,3,110004,0,2,0,1,0
2025,1,31578,0,2,0,1,0
2025,3,218500,100,2,0,1,0
2025,3,143300,0,3,0,1,0
2025,3,207000,100,2,0,1,0
2024,3,165000,100,2,0,1,0
2025,3,96600,0,2,0,1,0
2025,3,130000,0,2,0,1,0
2025,3,234000,0,2,0,1,0
2025,3,115000,100,2,0,1,0
2025,1,60000,50,2,0,1,0
2025,3,158100,100,2,0,1,0
2024,3,172000,0,2,0,1,0
2025,2,300000,0,2,0,1,0
2024,3,200000,0,2,0,1,0
2023,3,209450,100,2,0,1,0
2024,2,52000,0,2,0,1,0
2024,3,217300,0,2,0,1,0
2024,3,199000,0,2,0,1,0
2024,1,75000,0,2,0,1,0
2025,1,85000,0,2,0,0,0
2024,3,283500,0,2,0,1,0
2025,3,240000,100,2,0,1,0
2024,2,171000,0,2,0,1,0
2025,2,132195,0,2,0,1,0
2024,2,72800,100,2,0,1,0
2025,2,123300,0,2,0,1,0
2024,3,160000,100,2,0,1,0
2025,3,167200,0,2,0,1,0
2025,3,145500,0,2,0,1,0
2024,3,183764,100,2,0,1,0
2024,4,150000,0,2,0,1,0
2025,1,105000,100,2,0,1,0
2024,1,62186,0,2,0,1,0
2025,3,126000,0,2,0,1,0
2024,3,312200,0,2,0,1,0
2025,3,138900,0,2,0,1,0
2025,2,56842,0,2,0,1,0
2025,1,82780,0,2,0,1,0
2024,3,180000,0,2,0,1,0
2024,3,110000,100,2,0,1,0
2024,3,97100,0,2,0,1,0
2024,3,66800,100,2,0,1,0
2025,3,173000,0,2,0,1,0
2025,4,121571,0,2,0,1,0
2024,3,158500,0,2,0,1,0
2025,1,123000,0,2,0,1,0
2024,2,116500,0,2,0,1,0
2025,2,270000,0,2,0,1,0
2024,2,293000,100,2,0,1,0
2025,3,169499,0,2,0,1,0
2024,1,76100,100,2,0,1,0
2025,3,199452,100,2,0,1,0
2025,2,196900,0,2,0,1,0
2024,1,54000,0,2,0,1,0
2024,2,299792,0,2,0,1,0
2024,1,256500,0,2,0,1,0
2024,1,30000,0,2,0,1,0
2023,3,257000,0,2,0,1,0
2024,3,339250,0,2,0,1,0
2025,3,270250,0,2,0,1,0
2024,1,166363,0,2,0,1,0
2024,3,162000,0,2,0,1,0
2024,3,160000,100,2,0,1,0
2025,2,223600,0,3,0,1,0
2024,1,55200,100,2,0,1,0
2024,3,145000,0,2,0,1,0
2025,2,350000,0,2,0,1,0
2025,3,180000,0,2,0,1,0
2025,2,107000,100,2,0,1,0
2024,3,128250,0,2,0,1,0
2024,3,137972,0,2,0,1,0
2024,3,177000,0,2,0,1,0
2024,3,141375,100,2,0,1,0
2025,3,102000,0,2,0,1,0
2025,2,60759,0,2,0,1,0
2025,1,112700,0,2,0,1,0
2024,2,414000,0,2,0,1,0
2024,2,144500,0,2,0,1,0
2024,3,141000,0,2,0,1,0
2024,2,120000,0,2,0,1,0
2023,3,160000,0,2,0,1,0
2023,3,221484,0,2,0,1,0
2024,3,238900,0,2,0,1,0
2024,3,100000,0,2,0,1,0
2025,3,200000,0,2,0,1,0
2025,3,214032,0,2,0,1,0
2024,3,175000,100,2,0,1,0
2024,2,178360,0,2,0,1,0
2025,3,90000,0,2,0,1,0
2025,3,200000,0,2,0,1,0
2024,1,47778,0,2,0,1,0
2024,2,104000,0,2,0,1,0
2023,3,184000,0,2,0,1,0
2024,2,174000,0,2,0,1,0
2024,3,282000,0,2,0,1,0
2025,3,270000,0,2,0,1,0
2024,2,530000,0,2,0,1,0
2025,3,160000,0,2,0,1,0
2024,3,252000,0,2,0,1,0
2024,3,93750,0,2,0,1,0
2024,2,110900,0,2,0,1,0
2025,1,126840,100,2,0,1,0
2025,2,180000,0,2,0,1,0
2023,2,270000,100,2,0,1,0
2024,3,324000,0,2,0,1,0
2024,2,129402,0,2,0,1,0
2024,3,153900,0,2,0,1,0
2024,3,185150,0,2,0,1,0
2025,3,143000,0,2,0,1,0
2025,2,224500,0,2,0,1,0
2025,1,88400,0,3,0,1,0
2025,3,220000,0,2,0,1,0
2025,2,130300,0,2,0,1,0
2024,3,50000,0,2,0,1,0
2025,3,110000,0,2,0,1,0
2024,3,117200,0,2,0,1,0
2025,3,250000,0,2,0,1,0
2024,3,180000,0,2,0,1,0
2024,3,180000,0,2,0,1,0
2024,3,190220,0,2,0,1,0
2025,1,240000,0,2,0,1,0
2025,2,69000,0,2,0,1,0
2025,3,102500,100,2,0,1,0
2025,3,170775,0,2,0,1,0
2024,2,110500,0,2,0,1,0
2024,1,71800,0,2,0,1,0
2024,3,220600,0,2,0,1,0
2025,2,338000,0,2,0,1,0
2025,2,136800,0,2,0,1,0
2025,3,97400,100,2,0,1,0
2024,3,122800,0,2,0,1,0
2024,2,193000,0,2,0,1,0
2025,3,245000,0,2,0,1,0
2024,3,180000,0,2,0,1,0
2025,2,305000,0,2,0,1,0
2024,3,190000,0,2,0,1,0
2024,3,160000,0,2,0,1,0
2024,3,144000,0,2,0,1,0
2024,3,140000,0,2,0,1,0
2025,3,140000,0,2,0,1,0
2025,3,110000,0,2,0,1,0
2025,2,67857,0,2,0,1,0
2025,3,130000,0,2,0,1,0
2025,3,166000,100,2,0,1,0
2024,3,192000,100,2,0,1,0
2025,3,251666,0,2,0,1,0
2024,3,78500,0,2,0,1,0
2025,2,150000,100,2,0,1,0
2025,3,250000,0,2,0,1,0
2024,3,98000,0,2,0,1,0
2025,3,218000,100,2,0,1,0
2025,2,211536,0,2,0,1,0
2024,3,84500,100,2,0,1,0
2024,3,190800,100,2,0,1,0
2024,2,143100,0,2,0,1,0
2025,3,158600,0,2,0,1,0
2024,3,142700,0,2,0,1,0
2024,3,500000,0,2,0,1,0
2024,3,130000,100,2,0,1,0
2025,3,515000,0,2,0,1,0
2024,2,208800,0,2,0,1,0
2025,2,176200,0,2,0,1,0
2024,3,226500,100,2,0,1,0
2024,2,95000,0,2,0,1,0
2024,3,150000,0,2,0,1,0
2024,2,212800,0,2,0,1,0
2025,3,250000,0,2,0,1,0
2024,3,165000,100,2,0,1,0
2025,2,92100,0,2,0,1,0
2024,1,103173,0,2,0,1,0
2025,2,80000,100,2,0,1,0
2024,2,125500,0,2,0,1,0
2025,2,150000,100,2,0,1,0
2024,3,161600,0,2,0,1,0
2023,3,250000,0,2,0,1,0
2024,3,220000,0,2,0,1,0
2024,1,117000,0,2,0,1,0
2024,3,175000,0,2,0,1,0
2022,3,247500,0,2,0,1,0
2024,2,185000,0,2,0,1,0
2025,3,170000,0,2,0,1,0
2024,2,112200,0,2,0,1,0
2023,1,43500,100,2,0,1,0
2024,3,195500,0,2,0,1,0
2025,1,56962,0,2,0,1,0
2024,1,21600,100,2,0,1,0
2024,3,122200,0,2,0,1,0
2024,3,245000,0,2,0,1,0
2025,3,241700,0,2,0,1,0
2024,3,110000,100,2,0,1,0
2024,3,136000,0,2,0,1,0
2025,2,149183,100,2,0,1,0
2025,2,192000,0,2,0,1,0
2024,3,194000,0,2,0,1,0
2025,3,49997,0,2,0,1,0
2024,2,141100,0,2,0,1,0
2024,2,93000,0,2,0,1,0
2025,3,220000,0,2,0,1,0
2025,3,173000,0,2,0,1,0
2025,3,135000,100,2,0,1,0
2024,3,204600,0,2,0,1,0
2025,3,139900,0,2,0,1,0
2025,3,460000,0,2,0,1,0
2024,3,311900,0,2,0,1,0
2024,3,145000,100,2,0,1,0
2024,3,193000,0,2,0,1,0
2025,2,92242,0,2,0,1,0
2025,3,147000,100,2,0,1,0
2024,4,118680,0,2,0,1,0
2024,3,117200,0,2,0,1,0
2025,3,106500,0,2,0,1,0
2024,3,170000,0,2,0,1,0
2024,3,186000,0,2,0,1,0
2024,1,102000,100,2,0,1,0
2025,3,113840,0,2,0,1,0
2024,3,204000,0,2,0,1,0
2024,2,118300,0,2,0,1,0
2025,1,81000,100,2,0,1,0
2024,1,177000,0,2,0,1,0
2025,2,100000,100,2,0,1,0
2025,3,94936,0,2,0,1,0
2025,3,204600,0,2,0,1,0
2025,2,110000,0,2,0,1,0
2024,2,173000,0,2,0,1,0
2025,4,213480,0,2,0,1,0
2025,2,202000,100,2,0,1,0
2024,3,68000,100,2,0,1,0
2023,2,114000,0,2,0,1,0
2024,3,294000,0,2,0,1,0
2024,3,117200,0,2,0,1,0
2025,3,180000,100,2,0,1,0
2025,2,77000,0,2,0,1,0
2025,3,180000,0,2,0,1,0
2024,3,178290,0,2,0,1,0
2024,3,155000,100,2,0,1,0
2023,3,175000,100,2,0,1,0
2025,3,158695,100,2,0,1,0
2025,3,208000,0,2,0,1,0
2024,3,35000,0,2,0,1,0
2024,3,110000,100,2,0,1,0
2025,3,80000,0,2,0,1,0
2023,3,202000,100,2,0,1,0
2024,1,106590,0,2,0,1,0
2025,3,141300,0,2,0,1,0
2024,1,285000,0,2,0,1,0
2025,2,96142,0,2,0,1,0
2025,1,59786,0,2,0,1,0
2024,3,145000,0,2,0,1,0
2024,4,120000,0,2,0,1,0
2024,3,168520,0,2,0,1,0
2025,3,140000,100,2,0,1,0
2023,3,91000,0,2,0,1,0
2024,1,144000,0,2,0,1,0
2024,2,160000,0,2,0,1,0
2025,2,163280,0,2,0,1,0
2025,3,175000,100,2,0,1,0
2024,3,162000,0,2,0,1,0
2024,2,168000,0,2,0,1,0
2024,3,117000,0,2,0,1,0
2024,2,170000,100,2,0,1,0
2024,2,63453,0,2,0,1,0
2025,3,157083,0,2,0,1,0
2024,3,92000,0,2,0,1,0
2024,3,110000,0,2,0,1,0
2024,3,183300,100,2,0,1,0
2024,2,130000,0,2,0,1,0
2025,2,157275,100,2,0,1,0
2024,2,264200,0,2,0,1,0
2024,3,108000,0,2,0,1,0
2025,1,176000,0,2,0,1,0
2024,1,60000,0,2,0,1,0
2025,3,150000,0,2,0,1,0
2025,2,142000,0,2,0,1,0
2024,2,140000,100,2,0,1,0
2024,3,202800,0,2,0,1,0
2024,3,120000,100,2,0,1,0
2023,3,93918,0,2,0,1,0
2025,3,110000,0,2,0,1,0
2025,2,170500,100,2,0,1,0
2025,3,250200,0,2,0,1,0
2024,3,216000,0,2,0,1,0
2025,3,170000,0,2,0,1,0
2024,3,145400,0,2,0,1,0
2025,3,356500,0,2,0,1,0
2025,4,304200,0,2,0,1,0
2024,3,149600,0,2,0,1,0
2024,2,180000,100,2,0,1,0
2025,1,114004,0,2,0,1,0
2025,2,102500,0,2,0,1,0
2025,3,129000,100,2,0,1,0
2025,3,326800,0,2,0,1,0
2025,2,247000,0,2,0,1,0
2024,4,225000,0,2,0,1,0
2025,3,106900,0,2,0,1,0
2024,1,137000,0,2,0,1,0
2022,2,75000,0,2,0,1,0
2024,2,143100,0,2,0,1,0
2025,2,150000,100,2,0,1,0
2025,1,200000,100,2,0,1,0
2024,3,90000,0,2,0,1,0
2024,3,190000,0,2,0,1,0
2024,2,95000,0,2,0,1,0
2025,2,189600,100,2,0,1,0
2025,1,37000,0,2,0,1,0
2025,3,197500,0,2,0,1,0
2024,2,125000,0,2,0,1,0
2025,3,118113,0,2,0,1,0
2024,3,285000,0,2,0,1,0
2025,3,232026,100,2,0,1,0
2024,1,105600,100,2,0,1,0
2024,2,72100,0,2,0,1,0
2025,3,250000,100,2,0,1,0
2025,1,184300,0,2,0,1,0
2024,3,148000,0,2,0,1,0
2024,3,209720,0,2,0,1,0
2021,2,80000,100,3,0,1,0
2024,2,171000,0,2,0,1,0
2025,3,110000,100,2,0,1,0
2024,3,240240,0,2,0,1,0
2024,3,160000,0,2,0,1,0
2025,3,250200,0,2,0,1,0
2024,3,140000,0,2,0,1,0
2025,3,349885,0,2,0,1,0
2024,3,223000,100,2,0,1,0
2024,3,93300,0,2,0,1,0
2025,3,120000,0,2,0,1,0
2025,3,155542,0,2,0,1,0
2024,3,90200,100,2,0,1,0
2022,3,130500,0,2,0,1,0
2024,3,62000,100,2,0,1,0
2025,3,279000,100,2,0,1,0
2023,3,106800,0,2,0,1,0
2024,2,136000,0,2,0,1,0
2025,3,185000,0,3,0,1,0
2024,1,60000,0,2,0,1,0
2025,3,150000,100,2,0,1,0
2024,3,146000,0,2,0,1,0
2025,4,175000,0,2,0,1,0
2024,3,291900,0,2,0,1,0
2025,1,105100,0,2,0,1,0
2025,3,99759,0,2,0,1,0
2025,1,179000,0,2,0,1,0
2024,2,127000,0,2,0,1,0
2024,1,65407,0,2,0,1,0
2025,3,285000,0,2,0,1,0
2024,2,142896,0,2,0,1,0
2023,3,185900,0,2,0,1,0
2025,2,132765,0,2,0,1,0
2023,2,120000,0,2,0,1,0
2025,3,252500,100,2,0,1,0
2023,1,60000,100,3,0,1,0
2024,2,155000,0,2,0,1,0
2024,3,235000,100,2,0,1,0
2024,3,130000,0,2,0,1,0
2025,3,189000,0,2,0,1,0
2025,1,143000,0,2,0,1,0
2025,2,90000,100,2,0,1,0
2024,3,115000,100,2,0,1,0
2025,2,119500,100,2,0,1,0
2024,3,150000,0,2,0,1,0
2025,3,60714,0,2,0,1,0
2023,3,109400,0,2,0,1,0
2024,2,178360,0,2,0,1,0
2024,2,140300,0,2,0,1,0
2024,3,184000,100,2,0,1,0
2024,1,160000,0,2,0,1,0
2024,1,138000,100,2,0,1,0
2025,3,148000,0,2,0,1,0
2025,3,155000,100,2,0,1,0
2024,3,117000,0,2,0,1,0
2025,3,170000,100,2,0,1,0
2022,2,150000,0,2,0,1,0
2024,2,125000,0,2,0,1,0
2025,2,130000,0,2,0,1,0
2024,3,75000,100,2,0,1,0
2024,3,95000,0,2,0,1,0
2025,3,230800,100,2,0,1,0
2024,3,285000,0,2,0,1,0
2024,3,250200,0,2,0,1,0
2025,3,200200,100,2,0,1,0
2025,1,35443,0,2,0,1,0
2025,3,210000,0,2,0,1,0
2024,3,150000,100,2,0,1,0
2025,3,148000,0,2,0,1,0
2024,1,142500,0,2,0,1,0
2025,3,150000,0,2,0,1,0
2025,3,180000,0,2,0,1,0
2025,3,211536,0,2,0,1,0
2025,2,60948,0,2,0,1,0
2024,2,120000,0,2,0,1,0
2025,2,69620,0,2,0,1,0
2025,3,136000,0,2,0,1,0
2024,3,206000,0,2,0,1,0
2024,2,340000,0,2,0,1,0
2025,3,223400,0,3,0,1,0
2025,3,119600,0,2,0,1,0
2024,3,97300,0,2,0,1,0
2024,2,246000,0,2,0,1,0
2025,2,180800,0,2,0,1,0
2025,1,72000,0,2,0,1,0
2024,1,60000,0,3,0,1,0
2024,3,173000,0,2,0,1,0
2025,1,90000,0,2,0,1,0
2024,1,118600,0,2,0,1,0
2024,3,327200,0,3,0,1,0
2024,3,370300,0,2,0,1,0
2025,1,129851,0,2,0,1,0
2024,3,93724,100,2,0,1,0
2024,3,188698,0,2,0,1,0
2025,3,92857,0,2,0,1,0
2024,2,68000,0,2,0,1,0
2025,2,81000,0,2,0,1,0
2024,3,220000,100,2,0,1,0
2024,3,147700,100,2,0,1,0
2025,3,304750,0,2,0,1,0
2025,3,113840,0,2,0,1,0
2025,2,313000,0,2,0,1,0
2024,2,110000,0,2,0,1,0
2024,3,148000,0,2,0,1,0
2025,4,85000,0,2,0,1,0
2025,2,69938,100,2,0,1,0
2024,3,110000,100,2,0,1,0
2025,3,124300,0,2,0,1,0
2025,2,78602,0,2,0,1,0
2024,3,190000,0,2,0,1,0
2024,3,312866,0,2,0,1,0
2025,2,100000,100,2,0,1,0
2025,3,284280,0,2,0,1,0
2025,2,100320,100,2,0,1,0
2024,3,187000,0,2,0,1,0
2024,3,281000,0,2,0,1,0
2025,3,242000,0,2,0,1,0
2024,3,405000,0,2,0,1,0
2024,3,105000,0,2,0,1,0
2024,1,129600,0,2,0,1,0
2022,3,148700,100,3,0,1,0
2025,3,220000,0,2,0,1,0
2025,3,189640,100,2,0,1,0
2025,2,81696,0,2,0,1,0
2024,3,125000,0,2,0,1,0
2025,2,211111,0,2,0,1,0
2024,3,117200,0,2,0,1,0
2025,3,287500,0,2,0,1,0
2024,3,122000,100,2,0,1,0
2024,3,200000,0,2,0,1,0
2024,3,197900,0,2,0,1,0
2025,2,90000,0,2,0,1,0
2023,3,193800,0,2,0,1,0
2025,3,200000,0,2,0,1,0
2024,3,219000,0,2,0,1,0
2025,2,108000,0,2,0,1,0
2025,3,204000,100,2,0,1,0
2024,2,127000,0,2,0,1,0
2024,2,100000,0,2,0,1,0
2024,2,76128,100,2,0,1,0
2024,3,135000,0,2,0,1,0
2023,2,182500,0,2,0,1,0
2024,3,284000,0,2,0,1,0
2024,3,123800,100,2,0,1,0
2024,3,66000,100,2,0,1,0
2024,2,200000,100,2,0,1,0
2024,2,125500,0,3,0,1,0
2025,3,133120,0,2,0,1,0
2025,2,223400,0,3,0,1,0
2025,2,190000,0,2,0,1,0
2024,2,91318,0,2,0,1,0
2025,2,151360,100,2,0,1,0
2024,3,143100,0,2,0,1,0
2024,2,97525,100,2,0,1,0
2025,3,86000,0,2,0,1,0
2025,3,119800,0,2,0,1,0
2023,3,163800,0,2,0,1,0
2024,3,117200,0,2,0,1,0
2025,3,176000,0,2,0,1,0
2025,2,325000,0,2,0,1,0
2024,3,211000,0,2,0,1,0
2025,2,76400,0,3,0,1,0
2025,3,323000,0,2,0,1,0
2024,3,88750,0,2,0,1,0
2024,3,187266,0,2,0,1,0
2023,3,173000,0,2,0,1,0
2025,3,125693,0,2,0,1,0
2024,3,276000,0,2,0,1,0
2025,3,117600,100,2,0,1,0
2025,1,115828,0,2,0,1,0
2023,3,109283,0,2,0,1,0
2023,3,234000,100,2,0,1,0
2025,2,123130,0,2,0,1,0
2025,3,124400,0,2,0,1,0
2024,3,86700,0,2,0,1,0
2025,2,140800,0,2,0,1,0
2024,2,170000,0,2,0,1,0
2024,3,204600,0,2,0,1,0
2025,1,34810,0,2,0,1,0
2025,3,90000,0,2,0,1,0
2024,3,251600,0,2,0,1,0
2024,2,173040,0,2,0,1,0
2025,2,162000,0,2,0,1,0
2024,2,112500,0,2,0,1,0
2023,3,48585,0,2,0,1,0
2025,3,205000,100,2,0,1,0
2024,3,117300,0,2,0,1,0
2025,3,500000,0,2,0,1,0
2024,2,230000,0,2,0,1,0
2025,3,220000,0,2,0,1,0
2024,3,96000,0,2,0,1,0
2025,1,129300,0,2,0,1,0
2024,3,116000,0,2,0,1,0
2025,2,117000,100,2,0,1,0
2024,2,160000,0,2,0,1,0
2025,4,224000,0,2,0,1,0
2024,3,104000,0,2,0,1,0
2025,2,170200,0,2,0,1,0
2023,3,81666,100,2,0,1,0
2024,2,102400,100,2,0,1,0
2024,2,95000,0,2,0,1,0
2025,3,82263,0,2,0,1,0
2024,3,119317,0,2,0,1,0
2025,2,144000,0,2,0,1,0
2024,4,334800,0,2,0,1,0
2024,3,166500,0,2,0,1,0
2024,3,177000,0,2,0,1,0
2024,3,115440,0,2,0,1,0
2025,3,225000,0,2,0,1,0
2025,3,199500,0,2,0,1,0
2025,3,111400,0,2,0,1,0
2025,3,127000,0,2,0,1,0
2025,3,50000,0,2,0,1,0
2025,2,284000,100,2,0,1,0
2025,2,56000,0,2,0,1,0
2025,2,175500,0,2,0,1,0
2025,1,93770,0,2,0,1,0
2025,2,101000,100,2,0,1,0
2025,2,141950,0,2,0,1,0
2025,3,175900,0,2,0,1,0
2025,2,97760,0,2,0,1,0
2024,3,350000,0,2,0,1,0
2024,3,192000,0,2,0,1,0
2023,3,153600,0,2,0,1,0
2025,2,165000,100,2,0,1,0
2025,3,136000,100,3,0,1,0
2024,3,201400,0,2,0,1,0
2025,3,169500,0,2,0,1,0
2025,2,70354,0,2,0,1,0
2025,2,185000,0,2,0,1,0
2024,2,121000,0,2,0,1,0
2025,2,129300,0,3,0,1,0
2024,3,138100,100,2,0,1,0
2024,3,106500,0,2,0,1,0
2024,1,130000,0,2,0,1,0
2024,2,104000,100,2,0,1,0
2024,3,170000,0,2,0,1,0
2025,3,356500,0,2,0,1,0
2024,2,72000,0,2,0,1,0
2025,3,79800,0,2,0,1,0
2023,3,105320,0,2,0,1,0
2025,2,143300,100,2,0,1,0
2025,3,196000,0,2,0,1,0
2025,3,83800,0,2,0,1,0
2024,3,210000,0,2,0,1,0
2025,3,180000,100,2,0,1,0
2025,2,185000,100,2,0,1,0
2025,2,194792,0,2,0,1,0
2025,3,211000,100,2,0,1,0
2024,3,195000,0,2,0,1,0
2023,3,122000,0,2,0,1,0
2025,3,283600,0,2,0,1,0
2024,3,284400,0,2,0,1,0
2025,3,142000,0,2,0,1,0
2025,2,130000,100,2,0,1,0
2024,3,92900,0,2,0,1,0
2025,3,179000,100,2,0,1,0
2025,2,132073,0,2,0,1,0
2024,3,130000,0,2,0,1,0
2025,2,141000,0,2,0,1,0
2024,1,65000,100,2,0,1,0
2024,1,123419,0,2,0,1,0
2025,1,37974,0,2,0,1,0
2025,2,167468,100,2,0,1,0
2025,2,264200,0,2,0,1,0
2024,3,36014,100,1,1,0,0
2024,2,405000,0,2,0,1,0
2025,3,190000,0,2,0,1,0
2025,2,85150,100,2,0,1,0
2025,1,86520,0,2,0,1,0
2025,1,80000,100,2,0,1,0
2025,2,123400,0,2,0,1,0
2025,3,230000,0,2,0,1,0
2024,3,130100,0,2,0,1,0
2024,3,110000,100,2,0,1,0
2024,3,145000,100,2,0,1,0
2024,3,126650,0,2,0,1,0
2025,2,201300,0,2,0,1,0
2024,3,122000,0,2,0,1,0
2024,3,105000,100,2,0,1,0
2025,1,75000,0,2,0,1,0
2024,2,256900,100,2,0,1,0
2025,3,105100,0,2,0,1,0
2024,3,110000,0,2,0,1,0
2024,3,210000,0,2,0,1,0
2025,3,57306,0,2,0,1,0
2024,2,124300,0,2,0,1,0
2024,2,194000,0,2,0,1,0
2024,3,35386,0,2,0,1,0
2024,2,151800,0,2,0,1,0
2024,3,220000,0,2,0,1,0
2024,2,199700,0,2,0,1,0
2024,3,206700,0,2,0,1,0
2024,3,158000,100,2,0,1,0
2024,2,51900,0,2,0,1,0
2024,2,90000,0,2,0,1,0
2023,2,160000,100,2,0,1,0
2024,3,194750,0,2,0,1,0
2024,3,194688,0,2,0,1,0
2024,3,110000,0,2,0,1,0
2025,2,100000,100,2,0,1,0
2024,1,66447,100,2,0,1,0
2025,3,500000,0,2,0,1,0
2024,2,350000,0,2,0,1,0
2024,2,116600,0,2,0,1,0
2025,3,82000,0,2,0,1,0
2025,3,190300,0,2,0,1,0
2025,3,225000,0,2,0,1,0
2024,1,39300,0,3,0,1,0
2023,3,178000,100,2,0,1,0
2025,3,200000,0,2,0,1,0
2024,3,160000,100,2,0,1,0
2024,3,118900,0,2,0,1,0
2025,3,140000,0,2,0,1,0
2025,3,57612,0,2,0,1,0
2024,2,200000,100,2,0,1,0
2024,3,135000,100,2,0,1,0
2024,3,109600,0,2,0,1,0
2025,3,158600,0,2,0,1,0
2025,2,150000,100,2,0,1,0
2025,3,189000,0,2,0,1,0
2025,3,132800,0,2,0,1,0
2023,3,168000,100,2,0,1,0
2024,2,80400,0,2,0,1,0
2024,2,51810,0,2,0,1,0
2022,3,177000,0,2,0,1,0
2024,2,60000,0,2,0,1,0
2024,3,300200,0,2,0,1,0
2025,3,131185,0,2,0,1,0
2025,3,100100,0,2,0,1,0
2024,1,162240,100,2,0,1,0
2024,3,87552,0,2,0,1,0
2025,3,203900,0,2,0,1,0
2025,1,115000,0,2,0,1,0
2024,4,207000,0,2,0,1,0
2024,2,143300,100,2,0,1,0
2024,2,75000,0,2,0,1,0
2025,2,214000,0,2,0,1,0
2025,3,384000,0,2,0,1,0
2024,3,118136,0,2,0,1,0
2025,3,106428,100,2,0,1,0
2024,3,215000,0,2,0,1,0
2024,3,170000,0,2,0,1,0
2025,3,287500,0,2,0,1,0
2025,1,56500,0,2,0,1,0
2025,3,144000,0,2,0,1,0
2023,3,299500,0,2,0,1,0
2023,4,220000,100,2,0,1,0
2025,3,237100,0,2,0,1,0
2025,1,300000,0,2,0,1,0
2025,2,144650,100,2,0,1,0
2025,3,245900,0,2,0,1,0
2025,2,120000,0,2,0,1,0
2024,2,80000,100,2,0,1,0
2025,3,147000,100,2,0,1,0
2025,3,142700,0,2,0,1,0
2024,2,112500,0,3,0,1,0
2024,2,311600,0,2,0,1,0
2024,3,160000,100,2,0,1,0
2025,2,135960,0,2,0,1,0
2025,2,207485,100,2,0,1,0
2023,3,120500,100,2,0,1,0
2025,1,90000,0,2,0,1,0
2025,1,68354,0,2,0,1,0
2024,2,86000,0,2,0,1,0
2025,3,175000,100,2,0,1,0
2025,3,335000,0,2,0,1,0
2024,3,110000,100,2,0,1,0
2025,2,105600,0,2,0,1,0
2025,3,222400,0,2,0,1,0
2024,3,153000,0,2,0,1,0
2025,2,119000,100,2,0,1,0
2025,2,64000,0,2,0,1,0
2024,3,160000,0,2,0,1,0
2025,3,252000,0,2,0,1,0
2025,3,250000,0,2,0,1,0
2024,3,199500,0,2,0,1,0
2024,3,164000,0,2,0,1,0
2025,2,167500,0,2,0,1,0
2025,3,100000,100,2,0,1,0
2025,3,60000,0,2,0,1,0
2025,1,154300,0,2,0,1,0
2025,3,219300,0,2,0,1,0
2025,2,299300,0,2,0,1,0
2025,3,264500,0,2,0,1,0
2023,3,192000,100,2,0,1,0
2025,3,184000,100,2,0,1,0
2024,1,108700,100,2,0,1,0
2023,3,102434,100,2,0,1,0
2025,3,110000,100,2,0,1,0
2025,3,136300,0,2,0,1,0
2024,3,225000,0,2,0,1,0
2022,2,98000,0,2,0,1,0
2025,3,144074,100,2,0,1,0
2024,1,69400,100,2,0,1,0
2025,3,160000,0,2,0,1,0
2022,3,92000,100,3,0,1,0
2024,2,61000,100,2,0,1,0
2024,3,211920,100,2,0,1,0
2025,3,135000,0,2,0,1,0
2025,2,112860,0,2,0,1,0
2024,3,210000,0,2,0,1,0
2024,3,92560,100,2,0,1,0
2025,3,224000,0,2,0,1,0
2025,3,209500,0,2,0,1,0
2024,3,68750,0,2,0,1,0
2025,2,117000,0,2,0,1,0
2023,3,128280,0,2,0,1,0
2024,3,189000,100,2,0,1,0
2024,3,144000,0,2,0,1,0
2025,2,141700,0,2,0,1,0
2024,2,172000,0,2,0,1,0
2025,2,73684,0,2,0,1,0
2023,2,85000,0,2,0,1,0
2023,3,107000,0,2,0,1,0
2024,4,323000,0,2,0,1,0
2025,3,249000,0,2,0,1,0
2025,2,143010,0,2,0,1,0
2025,3,111240,0,2,0,1,0
2025,2,120000,0,2,0,1,0
2024,2,175000,0,2,0,1,0
2024,2,110500,0,2,0,1,0
2022,3,103432,0,2,0,1,0
2024,2,208800,0,2,0,1,0
2024,3,175000,0,2,0,1,0
2024,3,93300,0,2,0,1,0
2024,3,108200,100,2,0,1,0
2024,3,237500,0,2,0,1,0
2025,3,200000,0,2,0,1,0
2024,2,131500,0,2,0,1,0
2024,3,160000,0,2,0,1,0
2023,3,175000,0,2,0,1,0
2024,3,135200,0,2,0,1,0
2025,3,135000,100,2,0,1,0
2024,2,121909,0,2,0,1,0
2024,2,78146,0,2,0,1,0
2024,3,75600,0,2,0,1,0
2023,2,133000,0,2,0,1,0
2025,3,145000,100,2,0,1,0
2025,3,132000,0,2,0,1,0
2024,3,225000,100,2,0,1,0
2025,3,93300,0,2,0,1,0
2025,3,152000,100,2,0,1,0
2024,3,160000,100,2,0,1,0
2024,3,99200,0,2,0,1,0
2023,3,231000,0,2,0,1,0
2024,2,172300,0,2,0,1,0
2023,3,110000,0,2,0,1,0
2025,2,102147,0,2,0,1,0
2024,3,150000,100,2,0,1,0
2024,3,175000,0,2,0,1,0
2024,2,90100,0,2,0,1,0
2025,3,204900,0,2,0,1,0
2024,3,110000,100,2,0,1,0
2024,3,270000,0,2,0,1,0
2024,2,101000,100,2,0,1,0
2024,3,240240,100,2,0,1,0
2025,3,226550,0,2,0,1,0
2024,3,110000,0,2,0,1,0
2025,3,160000,100,2,0,1,0
2025,3,117200,0,2,0,1,0
2022,3,168000,100,2,0,1,0
2025,2,144500,100,2,0,1,0
2025,2,214500,0,2,0,1,0
2024,3,93846,0,2,0,1,0
2025,3,132000,0,2,0,1,0
2025,3,207000,100,2,0,1,0
2024,3,183552,100,2,0,1,0
2023,3,183000,0,2,0,1,0
2025,3,190000,100,2,0,1,0
2022,3,60000,100,2,0,1,0
2024,1,130900,0,2,0,1,0
2025,3,108000,0,2,0,1,0
2024,2,205000,0,2,0,1,0
2024,3,119628,0,2,0,1,0
2025,3,205000,100,2,0,1,0
2025,3,148000,0,2,0,1,0
2023,3,392000,0,2,0,1,0
2025,3,150000,100,2,0,1,0
2024,2,117000,0,2,0,1,0
2023,3,146400,0,2,0,1,0
2024,3,336000,100,2,0,1,0
2024,2,222200,0,3,0,1,0
2025,2,177000,0,2,0,1,0
2025,3,168000,100,2,0,1,0
2025,3,112000,0,2,0,1,0
2025,3,299375,0,2,0,1,0
2025,3,207453,0,2,0,1,0
2024,3,150000,0,2,0,1,0
2024,1,70000,0,2,0,1,0
2025,2,131450,0,2,0,1,0
2024,3,225000,0,2,0,1,0
2025,3,117000,0,2,0,1,0
2025,3,255000,0,2,0,1,0
2025,3,110000,0,2,0,1,0
2024,1,55000,0,2,0,1,0
2024,1,166000,100,2,0,1,0
2025,1,29473,0,2,0,1,0
2024,2,124800,100,2,0,1,0
2024,3,234700,0,2,0,1,0
2025,3,145000,0,2,0,1,0
2025,3,121052,100,2,0,1,0
2024,2,112000,0,2,0,1,0
2024,2,161000,0,2,0,1,0
2024,2,208000,0,2,0,1,0
2024,3,72700,100,2,0,1,0
2025,3,204000,0,2,0,1,0
2025,3,254000,100,2,0,1,0
2024,1,186000,0,2,0,1,0
2024,3,189000,0,2,0,1,0
2025,2,172000,0,2,0,1,0
2024,3,180000,0,2,0,1,0
2024,2,50000,100,2,0,1,0
2024,3,139360,0,2,0,1,0
2025,3,225000,0,2,0,1,0
2025,3,221700,0,2,0,1,0
2024,3,103200,100,2,0,1,0
2024,3,131185,0,2,0,1,0
2025,3,100000,0,2,0,1,0
2024,3,118976,0,2,0,1,0
2025,2,195000,100,2,0,1,0
2024,3,205000,0,2,0,1,0
2025,1,85000,0,2,0,1,0
2024,2,74270,0,2,0,1,0
2025,2,250000,0,2,0,1,0
2024,2,202800,0,2,0,1,0
2024,3,212200,100,2,0,1,0
2024,2,222200,0,3,0,1,0
2025,3,132600,100,2,0,1,0
2025,3,133100,0,2,0,1,0
2025,3,112000,0,2,0,1,0
2024,2,198400,0,2,0,1,0
2024,3,110000,100,2,0,1,0
2024,3,76700,0,2,0,1,0
2025,2,94000,0,2,0,0,0
2025,2,76128,0,2,0,1,0
2024,3,223000,100,2,0,1,0
2025,3,170000,100,2,0,1,0
2025,3,295680,0,2,0,1,0
2024,3,155000,0,2,0,1,0
2024,2,235000,0,2,0,1,0
2025,3,252000,0,2,0,1,0
2024,3,243300,0,2,0,1,0
2024,3,296400,0,2,0,1,0
2024,3,200000,0,2,0,1,0
2024,3,94400,0,2,0,1,0
2025,4,177215,0,2,0,1,0
2024,3,144200,0,2,0,1,0
2024,2,105900,0,2,0,1,0
2024,3,100000,0,2,0,1,0
2025,3,234000,0,2,0,1,0
2025,2,201193,0,2,0,1,0
2025,1,83000,0,2,0,1,0
2024,3,247400,0,2,0,1,0
2024,3,299000,0,2,0,1,0
2024,3,312200,0,2,0,1,0
2025,3,204900,0,2,0,1,0
2025,2,230000,0,2,0,1,0
2025,3,90000,0,2,0,1,0
2025,2,73800,0,2,0,0,1
2025,3,166000,0,2,0,1,0
2025,2,77000,0,2,0,1,0
2025,2,190000,100,2,0,1,0
2024,3,161000,0,2,0,1,0
2024,3,85000,100,2,0,1,0
2025,2,176000,0,2,0,1,0
2024,3,136000,100,2,0,1,0
2025,3,57306,0,2,0,1,0
2024,4,286500,0,2,0,1,0
2025,3,118000,100,2,0,1,0
2024,3,223500,0,2,0,1,0
2025,2,118700,0,2,0,1,0
2025,3,115000,0,2,0,1,0
2024,2,175800,0,2,0,1,0
2024,3,117200,0,2,0,1,0
2024,3,36014,0,2,0,1,0
2025,3,128000,0,2,0,1,0
2025,3,59113,100,2,0,1,0
2025,2,204600,0,2,0,1,0
2025,3,222700,0,2,0,1,0
2024,1,43750,0,2,0,1,0
2025,3,218000,0,2,0,1,0
2025,3,312200,0,2,0,1,0
2025,3,149760,0,2,0,1,0
2024,3,312200,0,2,0,1,0
2024,3,114080,0,2,0,1,0
2024,3,240500,0,2,0,1,0
2024,3,171903,0,2,0,1,0
2025,3,187500,100,2,0,1,0
2024,2,125000,100,2,0,1,0
2024,3,279400,100,2,0,1,0
2025,2,141600,100,2,0,1,0
2025,3,130000,100,2,0,1,0
2025,3,158600,0,2,0,1,0
2025,2,207000,0,2,0,1,0
2025,2,210000,100,2,0,1,0
2023,3,80000,0,2,0,1,0
2025,2,100000,0,2,0,1,0
2024,1,91000,0,2,0,1,0
2025,3,145569,100,2,0,1,0
2025,3,153925,0,2,0,1,0
2020,1,42000,50,3,0,1,0
2025,2,300000,0,2,0,1,0
2025,3,137972,0,2,0,1,0
2025,3,228000,100,2,0,1,0
2025,3,145569,0,2,0,1,0
2025,4,120000,0,2,0,1,0
2025,3,103596,0,2,0,1,0
2025,3,110000,0,2,0,1,0
2023,3,167500,0,2,0,1,0
2024,2,188400,0,2,0,1,0
2025,2,168946,0,2,0,1,0
2025,3,223700,0,2,0,1,0
2025,2,119000,0,2,0,1,0
2025,3,122850,0,2,0,1,0
2025,3,109000,100,2,0,1,0
2025,3,101000,0,2,0,1,0
2024,3,170000,100,2,0,1,0
2024,3,170200,100,2,0,1,0
2025,3,96000,0,2,0,1,0
2024,1,68000,0,2,0,1,0
2024,3,190800,100,2,0,1,0
2024,3,146900,0,2,0,1,0
2025,2,185000,0,3,0,1,0
2024,3,107440,100,2,0,1,0
2025,2,130000,0,2,0,1,0
2024,4,106500,0,2,0,1,0
2024,3,95264,0,2,0,1,0
2024,2,132400,0,2,0,1,0
2025,3,308000,0,2,0,1,0
2025,3,215000,0,2,0,1,0
2025,3,85000,100,2,0,1,0
2024,3,440000,0,2,0,1,0
2024,2,300000,0,2,0,1,0
2025,2,170000,0,2,0,1,0
2024,3,138000,0,2,0,1,0
2025,3,150000,100,2,0,1,0
2024,3,200000,0,2,0,1,0
2024,2,154000,0,2,0,1,0
2025,3,161300,0,2,0,1,0
2025,3,120000,0,2,0,1,0
2025,3,157850,0,2,0,1,0
2025,3,115000,0,2,0,1,0
2025,3,180000,0,2,0,1,0
2024,3,55200,0,2,0,1,0
2025,3,75880,0,2,0,1,0
2024,2,115000,100,2,0,1,0
2025,2,160000,0,2,0,1,0
2024,3,141440,0,2,0,1,0
2025,1,92142,0,2,0,1,0
2025,3,170400,100,2,0,1,0
2020,2,98000,0,2,0,1,0
2024,1,80000,0,2,0,1,0
2023,3,90700,0,2,0,1,0
2025,2,235000,0,2,0,1,0
2024,3,370300,0,2,0,1,0
2022,3,36773,0,2,0,1,0
2025,3,260000,0,2,0,1,0
2024,2,74984,0,2,0,1,0
2025,3,205700,0,2,0,1,0
2025,3,188000,0,2,0,1,0
2025,2,52000,100,2,0,1,0
2024,2,128300,0,2,0,1,0
2025,3,96800,0,2,0,1,0
2025,3,175800,0,2,0,1,0
2024,1,48000,0,2,0,1,0
2024,2,80000,0,2,0,1,0
2024,2,117120,0,2,0,1,0
2025,3,207480,0,2,0,1,0
2024,2,143000,0,2,0,1,0
2025,3,157000,0,2,0,1,0
2024,2,218500,100,2,0,1,0
2025,2,266000,0,2,0,1,0
2024,3,185000,100,2,0,1,0
2024,2,120890,0,2,0,1,0
2025,3,142000,0,2,0,1,0
2024,3,170000,0,2,0,1,0
2025,1,65000,0,2,0,1,0
2024,1,92000,0,2,0,1,0
2024,3,281000,0,2,0,1,0
2024,3,150000,100,2,0,1,0
2025,2,303797,0,2,0,1,0
2024,3,195500,0,2,0,1,0
2025,3,178000,0,2,0,1,0
2025,2,100000,100,2,0,1,0
2024,1,100000,0,2,0,1,0
2025,3,168000,0,2,0,1,0
2024,3,240240,0,2,0,1,0
2025,2,59493,0,2,0,1,0
2025,2,182000,100,2,0,1,0
2025,3,260000,0,2,0,1,0
2024,3,137500,0,2,0,1,0
2024,3,110000,0,2,0,1,0
2025,3,68715,0,2,0,1,0
2024,3,150400,0,3,0,1,0
2023,3,106500,0,2,0,1,0
2025,3,160000,100,2,0,1,0
2025,3,170000,0,2,0,1,0
2023,2,73500,0,2,0,1,0
2023,3,136000,100,2,0,1,0
2025,3,135000,0,2,0,1,0
2024,2,87500,0,2,0,1,0
2024,2,250000,0,2,0,1,0
2024,3,96000,0,2,0,1,0
2025,3,160776,0,2,0,1,0
2024,2,37500,0,2,0,1,0
2024,3,90000,0,2,0,1,0
2025,2,189000,0,2,0,1,0
2024,2,405000,0,2,0,1,0
2024,3,128250,0,2,0,1,0
2024,3,110000,100,2,0,1,0
2025,1,63157,0,2,0,1,0
2025,3,64974,0,2,0,1,0
2024,3,75900,0,2,0,1,0
2025,3,90000,0,2,0,1,0
2025,3,135800,0,2,0,1,0
2025,3,223900,0,2,0,1,0
2025,3,227200,0,2,0,1,0
2024,2,143000,0,2,0,1,0
2025,3,190000,0,2,0,1,0
2023,3,225000,0,2,0,1,0
2025,3,97200,100,2,0,1,0
2025,2,162000,0,2,0,1,0
2025,2,61327,100,2,0,1,0
2025,2,186500,100,2,0,1,0
2025,3,500000,0,2,0,1,0
2025,1,75000,100,2,0,1,0
2025,2,202000,0,2,0,1,0
2024,2,120750,0,2,0,1,0
2024,3,117400,0,2,0,1,0
2024,1,180000,0,2,0,1,0
2024,2,220000,0,2,0,1,0
2025,3,180000,0,2,0,1,0
2024,3,94000,100,2,0,1,0
2024,3,223000,0,2,0,1,0
2024,3,170000,0,2,0,1,0
2025,3,141400,0,2,0,1,0
2025,3,111613,0,2,0,1,0
2025,3,70000,100,2,0,1,0
2024,3,110000,0,2,0,1,0
2024,2,100917,0,2,0,1,0
2025,3,227620,100,2,0,1,0
2025,3,169400,0,2,0,1,0
2025,3,320000,0,2,0,1,0
2024,3,120000,0,2,0,1,0
2024,3,134597,0,2,0,1,0
2025,2,90000,0,2,0,1,0
2024,3,110000,100,2,0,1,0
2023,3,140000,0,2,0,1,0
2024,3,296300,0,2,0,1,0
2025,3,147500,0,2,0,1,0
2025,3,137400,0,2,0,1,0
2024,3,188000,0,2,0,1,0
2024,3,130920,0,2,0,1,0
2025,3,115100,0,2,0,1,0
2025,3,220700,0,2,0,1,0
2024,3,272000,0,2,0,1,0
2024,1,79000,0,2,0,1,0
2025,2,79140,100,2,0,1,0
2024,1,45000,100,2,0,1,0
2025,3,140000,0,2,0,1,0
2025,2,216700,0,2,0,1,0
2025,2,220700,0,2,0,1,0
2024,1,55000,0,2,0,1,0
2024,2,53272,0,2,0,1,0
2024,3,211650,100,2,0,1,0
2024,1,70500,0,2,0,1,0
2025,3,223300,100,2,0,1,0
2025,2,440000,0,2,0,1,0
2024,1,108000,0,2,0,1,0
2025,3,150000,0,2,0,1,0
2025,3,104650,0,2,0,1,0
2025,2,143500,100,2,0,1,0
2024,3,136800,0,2,0,1,0
2024,3,184920,0,2,0,1,0
2025,2,65000,0,2,0,1,0
2024,3,113000,0,2,0,1,0
2024,2,75000,0,2,0,1,0
2025,2,75000,0,2,0,1,0
2024,2,135000,100,2,0,1,0
2024,2,50308,0,2,0,1,0
2025,4,88607,0,2,0,1,0
2024,1,45000,0,2,0,1,0
2025,3,120000,0,2,0,1,0
2025,3,200000,0,2,0,1,0
2025,2,391590,0,2,0,1,0
2023,3,245000,100,2,0,1,0
2025,2,66799,0,2,0,1,0
2024,2,190000,0,2,0,1,0
2024,3,80500,0,2,0,1,0
2025,3,275000,0,2,0,1,0
2025,2,126000,0,2,0,1,0
2025,2,36631,0,2,0,1,0
2025,3,105941,0,2,0,1,0
2025,3,261500,0,3,0,1,0
2024,3,150500,0,2,0,1,0
2024,3,220000,0,2,0,1,0
2024,3,41820,0,2,0,1,0
2025,3,142700,0,2,0,1,0
2024,4,167000,0,2,0,1,0
2024,3,255800,0,2,0,1,0
2025,3,195700,0,2,0,1,0
2024,3,184000,0,2,0,1,0
2024,3,201066,0,2,0,1,0
2024,2,180000,100,2,0,1,0
2024,2,196900,0,2,0,1,0
2024,3,92118,0,2,0,1,0
2024,3,125000,100,2,0,1,0
2024,2,90000,0,2,0,1,0
2025,4,96960,0,2,0,1,0
2025,3,275000,0,2,0,1,0
2025,2,56500,0,2,0,1,0
2025,2,228700,0,2,0,1,0
2025,3,135000,0,2,0,1,0
2025,2,219100,100,2,0,1,0
2024,2,150000,0,2,0,1,0
2025,2,315000,0,2,0,1,0
2024,3,200000,0,2,0,1,0
2025,2,174300,0,2,0,1,0
2024,3,144000,0,2,0,1,0
2025,3,210000,0,2,0,1,0
2024,3,112500,0,2,0,1,0
2024,1,192300,0,3,0,1,0
2024,3,246000,0,2,0,1,0
2024,2,140000,0,2,0,1,0
2025,2,25000,100,2,0,1,0
2024,3,200000,0,2,0,1,0
2025,3,180000,0,2,0,1,0
2024,1,76000,0,2,0,1,0
2023,3,170000,100,2,0,1,0
2024,3,154560,0,2,0,1,0
2024,3,128000,100,2,0,1,0
2024,1,43900,0,2,0,1,0
2025,2,50632,0,2,0,1,0
2025,3,225000,0,2,0,1,0
2025,2,150700,100,2,0,1,0
2025,3,720000,100,2,0,1,0
2023,3,129000,0,2,0,1,0
2024,3,96600,0,2,0,1,0
2024,3,175800,0,2,0,1,0
2025,3,130162,100,2,0,1,0
2025,2,197200,100,2,0,1,0
2024,3,136420,0,2,0,1,0
2024,2,146900,0,2,0,1,0
2025,3,145678,0,2,0,1,0
2024,2,130000,0,2,0,1,0
2024,3,140000,0,2,0,1,0
2024,2,32222,0,2,0,1,0
2024,4,106500,0,2,0,1,0
2024,3,282200,0,2,0,1,0
2025,2,130000,0,2,0,1,0
2024,3,333300,0,2,0,1,0
2024,3,282200,0,2,0,1,0
2025,4,316000,0,2,0,1,0
2024,1,104000,0,2,0,1,0
2024,1,150000,0,2,0,1,0
2025,3,220000,100,2,0,1,0
2025,3,190000,100,2,0,0,0
2024,3,296300,0,2,0,1,0
2025,3,56962,0,2,0,1,0
2025,3,244000,0,2,0,1,0
2025,2,137510,0,2,0,1,0
2025,3,259900,100,2,0,1,0
2024,3,196000,100,2,0,1,0
2025,3,144400,0,2,0,1,0
2024,2,97000,0,2,0,1,0
2024,2,160000,0,2,0,1,0
2024,3,186200,0,2,0,1,0
2024,3,245000,0,2,0,1,0
2024,3,220600,100,2,0,1,0
2025,3,168000,0,2,0,1,0
2024,2,290180,0,2,0,1,0
2024,2,118600,0,2,0,1,0
2025,3,110000,100,2,0,1,0
2025,3,185000,0,2,0,1,0
2025,3,117200,0,2,0,1,0
2025,2,88000,0,2,0,0,1
2024,3,219200,0,2,0,1,0
2024,2,158200,0,2,0,1,0
2024,3,136000,0,2,0,1,0
2024,3,110000,100,2,0,1,0
2025,2,320000,0,2,0,1,0
2025,3,220680,100,2,0,1,0
2025,3,252000,0,2,0,1,0
2024,4,236800,0,2,0,1,0
2024,3,223000,0,2,0,1,0
2024,3,69400,0,2,0,1,0
2025,1,156000,0,2,0,1,0
2025,2,63157,0,2,0,1,0
2024,3,312200,0,2,0,1,0
2025,3,240500,0,3,0,1,0
2025,3,190000,100,2,0,1,0
2025,3,156000,0,2,0,1,0
2025,3,167000,0,2,0,1,0
2023,3,183284,100,2,0,1,0
2025,3,210000,0,2,0,1,0
2024,1,120000,0,2,0,1,0
2024,3,130900,0,2,0,1,0
2024,3,140000,0,2,0,1,0
2025,2,140920,0,2,0,1,0
2025,2,94000,100,2,0,1,0
2024,3,216000,0,2,0,1,0
2025,1,60000,0,2,0,1,0
2025,3,260000,0,2,0,1,0
2024,3,110000,0,2,0,1,0
2024,3,112000,0,2,0,1,0
2024,3,190000,0,2,0,1,0
2024,3,200070,0,2,0,1,0
2024,3,79600,0,3,0,1,0
2024,2,128000,0,2,0,1,0
2025,4,151100,0,2,0,1,0
2024,4,200000,0,2,0,1,0
2024,3,90000,0,2,0,1,0
2025,2,257000,0,2,0,1,0
2024,3,160000,0,2,0,1,0
2024,3,218900,100,2,0,1,0
2025,2,75399,100,2,0,1,0
2024,3,180000,100,2,0,1,0
2024,3,257600,0,2,0,1,0
2022,3,68400,100,2,0,1,0
2024,3,281000,100,2,0,1,0
2025,2,212750,0,2,0,1,0
2025,3,115000,0,2,0,1,0
2025,3,160000,100,2,0,1,0
2023,3,198200,100,2,0,1,0
2025,1,112700,0,2,0,1,0
2025,2,145000,0,2,0,1,0
2025,1,51824,100,2,0,1,0
2025,2,178100,0,2,0,1,0
2024,2,78320,0,2,0,1,0
2024,2,177600,0,2,0,1,0
2024,3,110000,0,2,0,1,0
2024,3,100000,0,2,0,1,0
2025,3,350000,0,2,0,1,0
2023,3,142000,0,1,0,1,0
2024,3,135200,0,2,0,1,0
2024,2,230000,0,2,0,1,0
2025,3,95100,0,2,0,1,0
2025,3,210100,0,2,0,1,0
2024,3,260000,0,2,0,1,0
2024,2,98300,0,2,0,1,0
2025,3,160000,0,2,0,1,0
2024,3,68750,0,2,0,1,0
2024,3,240000,0,2,0,1,0
2025,3,296300,0,2,0,1,0
2024,3,110000,100,2,0,1,0
2025,3,210000,100,2,0,1,0
2024,3,173000,0,2,0,1,0
2024,2,81500,0,2,0,1,0
2025,3,141340,0,2,0,1,0
2024,1,90000,100,2,0,1,0
2024,3,150000,100,2,0,1,0
2024,3,187040,0,2,0,1,0
2024,2,90000,0,2,0,1,0
2024,3,105353,100,2,0,1,0
2025,3,150400,0,3,0,1,0
2025,3,162000,0,2,0,1,0
2025,3,201250,0,2,0,1,0
2024,2,237500,0,2,0,1,0
2025,4,233750,100,2,0,1,0
2023,3,60000,100,2,0,1,0
2024,2,85000,0,2,0,1,0
2024,3,96600,0,2,0,1,0
2024,3,225000,0,2,0,1,0
2024,3,122600,100,2,0,1,0
2024,2,264200,0,2,0,1,0
2023,3,163000,100,2,0,1,0
2025,3,281000,0,2,0,1,0
2024,3,209800,100,2,0,1,0
2025,2,102100,0,2,0,1,0
2023,2,140000,0,2,0,1,0
2024,3,259400,0,2,0,1,0
2025,3,176000,0,2,0,1,0
2025,3,310000,0,2,0,1,0
2025,3,163700,0,2,0,1,0
2025,3,233450,0,2,0,1,0
2023,3,80000,0,2,0,1,0
2025,2,30000,100,2,0,1,0
2023,3,86466,100,2,0,1,0
2025,2,106100,0,2,0,1,0
2025,3,99000,0,2,0,1,0
2023,3,100000,100,2,0,1,0
2025,4,200000,0,2,0,1,0
2025,3,91000,0,2,0,1,0
2025,1,141000,0,2,0,1,0
2024,3,103800,0,2,0,1,0
2025,2,161000,0,2,0,1,0
2024,3,96200,100,2,0,1,0
2024,3,180000,0,2,0,1,0
2023,3,185000,100,2,0,1,0
2024,3,314400,0,2,0,1,0
2025,3,294000,0,2,0,1,0
2024,3,136000,0,2,0,1,0
2024,3,137500,0,2,0,1,0
2025,2,116300,100,2,0,1,0
2024,3,189000,0,2,0,1,0
2024,1,30000,0,2,0,1,0
2025,3,216000,0,2,0,1,0
2025,3,113684,0,2,0,1,0
2024,2,175000,0,2,0,1,0
2024,3,160000,100,2,0,1,0
2025,3,110000,100,2,0,1,0
2025,2,223400,0,3,0,1,0
2025,3,214500,0,2,0,1,0
2024,2,173000,0,2,0,1,0
2024,3,165100,0,2,0,1,0
2024,3,238000,100,2,0,1,0
2025,3,104000,100,2,0,1,0
2024,1,98975,100,2,0,1,0
2024,1,68300,0,2,0,1,0
2022,2,206000,0,2,0,1,0
2025,3,186000,0,2,0,1,0
2024,3,143300,0,3,0,1,0
2024,3,119850,0,2,0,1,0
2025,3,85500,0,2,0,1,0
2024,2,61000,0,2,0,1,0
2025,2,123494,0,2,0,1,0
2025,2,90000,0,2,0,1,0
2024,3,200000,0,2,0,1,0
2024,3,120500,0,2,0,1,0
2024,3,190000,0,2,0,1,0
2024,2,205700,0,2,0,1,0
2024,2,251000,0,2,0,1,0
2024,3,150000,0,2,0,1,0
2024,3,90000,100,2,0,1,0
2024,2,194500,0,2,0,1,0
2025,3,103800,0,2,0,1,0
2024,3,96600,0,2,0,1,0
2024,3,189750,100,2,0,1,0
2024,2,130000,0,2,0,1,0
2025,3,200000,0,2,0,1,0
2025,3,158600,0,2,0,1,0
2025,3,203600,100,2,0,1,0
2025,3,237000,100,2,0,1,0
2025,3,154400,0,2,0,1,0
2024,3,167200,0,2,0,1,0
2025,2,77400,0,2,0,1,0
2025,2,252000,0,2,0,1,0
2024,3,220000,100,2,0,1,0
2024,2,165760,0,2,0,1,0
2025,1,65342,100,2,0,1,0
2024,2,230000,0,2,0,1,0
2025,2,147000,0,2,0,1,0
2020,2,59303,100,1,0,1,0
2025,2,200000,0,2,0,1,0
2024,4,89840,0,2,0,1,0
2025,1,102147,0,2,0,1,0
2024,3,206000,100,2,0,1,0
2024,2,181280,0,2,0,1,0
2025,3,110000,100,2,0,1,0
2025,2,104000,0,2,0,1,0
2024,3,223500,0,2,0,1,0
2025,3,154700,100,2,0,1,0
2025,1,74803,0,2,0,1,0
2024,2,140000,100,2,0,1,0
2025,3,106900,100,2,0,1,0
2025,2,32000,100,2,0,0,0
2024,2,213000,0,2,0,1,0
2023,3,157550,0,2,0,1,0
2024,3,103500,0,2,0,1,0
2024,3,160000,0,2,0,1,0
2025,2,130000,100,2,0,1,0
2024,1,65000,100,2,0,1,0
2024,3,152000,0,2,0,1,0
2025,2,75000,100,2,0,1,0
2025,2,138000,0,2,0,1,0
2025,3,251600,0,2,0,1,0
2024,1,160000,100,2,0,1,0
2024,3,198000,0,2,0,1,0
2024,3,130000,100,2,0,1,0
2024,3,176490,100,2,0,1,0
2025,3,290000,0,2,0,1,0
2024,4,245000,0,2,0,1,0
2025,2,172000,0,2,0,1,0
2024,3,193000,0,2,0,1,0
2024,2,76230,0,2,0,1,0
2025,1,64000,0,2,0,1,0
2024,2,138900,0,2,0,1,0
2024,2,207575,0,2,0,1,0
2024,3,108100,0,2,0,1,0
2024,2,135000,0,2,0,1,0
2025,3,48000,0,2,0,1,0
2025,3,160000,100,2,0,1,0
2025,3,130000,0,2,0,1,0
2025,3,160000,100,2,0,1,0
2024,3,210000,100,2,0,1,0
2024,3,172000,0,2,0,1,0
2025,3,163200,0,2,0,1,0
2024,4,161500,0,2,0,1,0
2024,1,89000,100,2,0,1,0
2024,3,150000,0,2,0,1,0
2024,2,96350,0,2,0,1,0
2023,3,66825,0,2,0,1,0
2024,3,86700,0,2,0,1,0
2025,3,184000,0,2,0,1,0
2025,3,155000,0,2,0,1,0
2025,3,220680,100,2,0,1,0
2024,3,104000,0,2,0,1,0
2025,3,280600,0,2,0,1,0
2025,3,144000,0,2,0,1,0
2025,2,108000,100,2,0,1,0
2025,1,145150,0,2,0,1,0
2025,3,49400,100,2,0,1,0
2025,2,138590,0,2,0,1,0
2025,3,197700,100,2,0,1,0
2024,3,229300,0,2,0,1,0
2025,3,170000,100,2,0,1,0
2024,3,184000,100,2,0,1,0
2023,3,286000,0,2,0,1,0
2025,3,101265,100,2,0,1,0
2024,3,147000,0,2,0,1,0
2023,2,81500,0,2,0,1,0
2024,1,65750,0,2,0,1,0
2024,3,137600,0,2,0,1,0
2025,3,49997,0,2,0,1,0
2024,3,258100,0,2,0,1,0
2024,3,175800,0,2,0,1,0
2025,2,140000,0,2,0,1,0
2024,3,262000,0,2,0,1,0
2023,2,167500,0,2,0,1,0
2023,3,180000,100,2,0,1,0
2024,3,191100,100,2,0,1,0
2024,2,211000,0,2,0,1,0
2025,3,179000,0,2,0,1,0
2024,3,150000,0,2,0,1,0
2024,3,187040,0,2,0,1,0
2023,2,222200,0,3,0,1,0
2024,2,220000,0,2,0,1,0
2024,3,200000,0,2,0,1,0
2025,2,177406,100,2,0,1,0
2025,3,101000,0,2,0,1,0
2024,1,103800,0,2,0,1,0
2024,1,83333,0,2,0,1,0
2024,3,161250,0,2,0,1,0
2024,3,299000,100,2,0,1,0
2025,4,103920,0,2,0,1,0
2025,1,190000,0,2,0,1,0
2024,3,257500,100,2,0,1,0
2025,3,110000,100,2,0,1,0
2025,2,108000,0,2,0,1,0
2024,3,280000,0,2,0,1,0
2024,3,280000,0,2,0,1,0
2025,3,98600,0,2,0,1,0
2025,3,280600,0,2,0,1,0
2025,3,110000,0,2,0,1,0
2023,2,130000,0,2,0,1,0
2024,1,59000,0,2,0,1,0
2024,3,100000,0,2,0,1,0
2024,3,221760,0,2,0,1,0
2025,3,190000,0,2,0,1,0
2024,2,136000,0,3,0,1,0
2024,3,146000,100,2,0,1,0
2025,2,37894,0,2,0,1,0
2025,3,129000,0,2,0,1,0
2025,3,170000,100,2,0,1,0
2024,3,219000,0,2,0,1,0
2025,3,186622,0,2,0,1,0
2025,3,245300,0,2,0,1,0
2025,3,81591,100,2,0,1,0
2024,2,56227,0,2,0,1,0
2024,3,210000,0,2,0,1,0
2024,2,85000,100,2,0,1,0
2025,3,97000,0,2,0,1,0
2024,3,293000,0,2,0,1,0
2024,3,170000,100,2,0,1,0
2024,3,145200,0,2,0,1,0
2025,2,54600,0,2,0,1,0
2024,2,184000,100,2,0,1,0
2025,2,260000,0,2,0,1,0
2024,1,142897,0,2,0,1,0
2024,2,188100,0,2,0,1,0
2024,3,179400,0,2,0,1,0
2025,2,143000,0,2,0,1,0
2023,3,280000,100,2,0,1,0
2025,3,188875,0,2,0,1,0
2025,2,86986,0,2,0,1,0
2024,1,46080,0,2,0,1,0
2025,3,251600,0,2,0,1,0
2024,2,106000,0,2,0,1,0
2025,3,293800,0,2,0,1,0
2025,3,142000,100,2,0,1,0
2025,2,70000,0,2,0,1,0
2025,2,120000,100,2,0,1,0
2025,2,70000,100,2,0,1,0
2024,2,72700,100,2,0,1,0
2025,2,68000,0,2,0,1,0
2024,3,210500,0,2,0,1,0
2022,4,106000,0,3,0,1,0
2024,3,180000,0,2,0,1,0
2024,1,116000,100,2,0,1,0
2024,2,106400,0,2,0,1,0
2024,1,75000,0,2,0,1,0
2024,3,193000,0,2,0,1,0
2025,3,167200,0,2,0,1,0
2025,2,116900,0,2,0,1,0
2025,3,250200,0,2,0,1,0
2024,3,74800,0,2,0,1,0
2024,3,156000,100,2,0,1,0
2025,2,46711,0,2,0,1,0
2024,3,110000,100,2,0,1,0
2024,2,150000,100,2,0,1,0
2025,3,234000,0,2,0,1,0
2024,1,72600,0,2,0,0,1
2024,2,136000,0,3,0,1,0
2025,1,120900,0,2,0,1,0
2025,2,355000,0,2,0,1,0
2024,3,125700,0,2,0,1,0
2025,1,100000,0,2,0,1,0
2024,1,32000,0,2,0,1,0
2024,2,216429,0,2,0,1,0
2025,2,107502,0,2,0,1,0
2024,2,110000,0,2,0,1,0
2024,2,144000,0,2,0,1,0
2024,2,159500,0,2,0,1,0
2024,3,179000,0,2,0,1,0
2024,3,122200,0,2,0,1,0
2023,3,186600,100,2,0,1,0
2024,3,146153,100,2,0,1,0
2025,3,148000,0,2,0,1,0
2024,2,134000,0,2,0,1,0
2024,1,63700,100,2,0,1,0
2024,3,101970,0,2,0,1,0
2025,3,170000,0,2,0,1,0
2025,3,311525,100,2,0,1,0
2024,2,173000,0,2,0,1,0
2024,3,101000,0,2,0,1,0
2024,3,214000,100,2,0,1,0
2024,3,73500,0,2,0,1,0
2025,2,41197,0,2,0,1,0
2024,2,176000,0,2,0,1,0
2024,2,99000,0,2,0,1,0
2023,2,109238,0,2,0,1,0
2025,3,294000,0,2,0,1,0
2025,3,140000,100,2,0,1,0
2025,2,100000,0,2,0,1,0
2024,3,410000,0,2,0,1,0
2025,3,145000,100,2,0,1,0
2025,3,161600,100,2,0,1,0
2025,2,287600,0,2,0,1,0
2025,3,118976,0,2,0,1,0
2025,1,70000,0,2,0,1,0
2025,2,107770,0,2,0,1,0
2025,3,76800,0,2,0,1,0
2024,2,117200,0,2,0,1,0
2025,3,146000,0,2,0,1,0
2025,3,178000,0,2,0,1,0
2025,3,287500,0,2,0,1,0
2025,3,111100,0,2,0,1,0
2024,2,220000,0,2,0,1,0
2024,3,106605,0,2,0,1,0
2025,2,120000,0,2,0,1,0
2024,2,136800,0,2,0,1,0
2025,3,75000,0,2,0,1,0
2025,2,85250,0,2,0,1,0
2025,3,200700,100,2,0,1,0
2024,1,137000,0,2,0,0,1
2025,3,36842,0,2,0,1,0
2024,3,112000,0,2,0,1,0
2024,2,84600,0,2,0,1,0
2025,3,144400,0,2,0,1,0
2025,3,168154,0,2,0,1,0
2024,2,97097,0,2,0,1,0
2024,3,160000,100,2,0,1,0
2024,3,147767,0,2,0,1,0
2024,3,110000,0,2,0,1,0
2024,3,200000,0,2,0,1,0
2024,2,190486,0,2,0,1,0
2024,3,103000,0,2,0,1,0
2024,3,170000,100,2,0,1,0
2024,2,129960,0,2,0,1,0
2025,3,105520,0,2,0,1,0
2025,3,139700,0,2,0,1,0
2024,3,108000,0,2,0,1,0
2025,2,160000,100,2,0,1,0
2025,1,37974,0,2,0,1,0
2023,3,93000,0,2,0,1,0
2025,3,260000,0,3,0,1,0
2024,3,90000,0,2,0,1,0
2024,1,81500,0,2,0,1,0
2024,2,120000,0,2,0,1,0
2025,3,222700,100,2,0,1,0
2024,3,215625,0,2,0,1,0
2024,3,160400,100,2,0,1,0
2025,1,130000,0,2,0,1,0
2025,3,102000,0,2,0,1,0
2024,3,385000,0,2,0,1,0
2025,3,275000,0,2,0,1,0
2025,3,177000,100,2,0,1,0
2025,3,123000,100,2,0,1,0
2024,3,294000,0,2,0,1,0
2024,3,148000,0,2,0,1,0
2024,3,130000,0,2,0,1,0
2025,1,63789,0,2,0,1,0
2024,3,108500,100,2,0,1,0
2023,3,140000,100,2,0,1,0
2025,4,274473,0,2,0,1,0
2025,2,173800,100,2,0,1,0
2024,4,195000,0,2,0,1,0
2024,3,180000,0,2,0,1,0
2022,3,129300,0,2,0,1,0
2024,1,192500,0,2,0,1,0
2025,3,121550,0,2,0,1,0
2025,3,126100,0,2,0,1,0
2025,3,230000,0,2,0,1,0
2024,3,165580,0,2,0,1,0
2025,3,230000,0,2,0,1,0
2024,1,143100,0,2,0,1,0
2024,1,157000,0,2,0,1,0
2024,3,142300,0,2,0,1,0
2023,3,100000,0,2,0,1,0
2025,3,184000,0,2,0,1,0
2024,3,187200,0,2,0,1,0
2025,3,117600,100,2,0,1,0
2025,3,276000,0,2,0,1,0
2025,3,132911,0,2,0,1,0
2025,2,158400,0,2,0,1,0
2024,3,130100,0,2,0,1,0
2025,3,242360,0,2,0,1,0
2024,3,272700,0,2,0,1,0
2025,3,284500,0,2,0,1,0
2023,3,170000,0,2,0,1,0
2024,1,60200,0,2,0,1,0
2023,3,200000,0,2,0,1,0
2024,2,337250,0,2,0,1,0
2025,3,289460,0,2,0,1,0
2025,3,244000,0,2,0,1,0
2024,3,90000,100,2,0,1,0
2025,2,280000,0,2,0,1,0
2024,3,95000,0,2,0,1,0
2024,2,51100,0,2,0,1,0
2023,3,82900,0,2,0,1,0
2025,2,174000,0,2,0,1,0
2025,1,35368,0,2,0,1,0
2024,1,80000,100,2,0,1,0
2025,3,136800,0,2,0,1,0
2024,2,100000,0,2,0,1,0
2025,3,280500,0,2,0,1,0
2024,3,127600,0,2,0,1,0
2025,3,210000,0,2,0,1,0
2025,3,152000,100,2,0,1,0
2025,3,126650,0,2,0,1,0
2024,3,171000,0,2,0,1,0
2024,3,312200,0,2,0,1,0
2025,3,384200,100,2,0,1,0
2023,3,303050,0,2,0,1,0
2025,3,175800,0,2,0,1,0
2024,3,106800,0,2,0,1,0
2023,3,92280,0,2,0,1,0
2023,3,129300,0,2,0,1,0
2024,2,99800,0,2,0,1,0
2025,1,16371,100,2,0,1,0
2025,2,266300,0,2,0,1,0
2024,2,140000,100,2,0,1,0
2023,3,190400,0,2,0,1,0
2024,3,140000,0,2,0,1,0
2023,3,171000,0,2,0,1,0
2025,3,234000,0,2,0,1,0
2024,1,68964,0,2,0,1,0
2025,3,182549,0,2,0,1,0
2025,3,115000,100,2,0,1,0
2025,3,277000,0,2,0,1,0
2024,3,96040,100,2,0,1,0
2024,3,123000,0,2,0,1,0
2025,3,265600,0,2,0,1,0
2024,3,94200,100,2,0,1,0
2025,3,160000,100,2,0,1,0
2024,2,300000,0,2,0,1,0
2025,3,203000,0,2,0,1,0
2025,3,106250,0,2,0,1,0
2024,1,98400,0,2,0,1,0
2025,3,282200,0,2,0,1,0
2025,2,140000,0,2,0,1,0
2025,3,163200,0,2,0,1,0
2024,3,135000,0,2,0,1,0
2025,3,185000,100,2,0,1,0
2023,3,100500,0,2,0,1,0
2024,3,170000,0,2,0,1,0
2025,2,108212,0,2,0,1,0
2025,3,291000,0,2,0,1,0
2025,2,143000,100,2,0,1,0
2024,3,160000,100,2,0,1,0
2025,2,155000,0,2,0,1,0
2024,3,92190,0,2,0,1,0
2025,3,114000,0,2,0,1,0
2023,3,385000,0,2,0,1,0
2025,2,78200,0,2,0,1,0
2024,3,170700,0,2,0,1,0
2025,3,89873,0,2,0,1,0
2025,3,260000,0,2,0,1,0
2024,1,101527,0,2,0,1,0
2024,3,184300,0,2,0,1,0
2025,4,260000,0,2,0,1,0
2024,3,165500,0,2,0,1,0
2024,3,200000,100,2,0,1,0
2024,3,240240,0,2,0,1,0
2024,3,314400,0,2,0,1,0
2024,2,76000,100,2,0,1,0
2024,1,181610,0,2,0,1,0
2024,2,370000,0,2,0,1,0
2025,1,63291,0,2,0,1,0
2024,3,130000,100,2,0,1,0
2025,3,306200,0,2,0,1,0
2024,3,179000,0,2,0,1,0
2025,3,159000,0,2,0,1,0
2025,2,178100,100,2,0,1,0
2025,1,72200,0,2,0,1,0
2024,2,193000,0,2,0,1,0
2025,3,291000,0,2,0,1,0
2025,2,140000,0,2,0,1,0
2024,3,200200,0,2,0,1,0
2024,3,175000,0,2,0,1,0
2025,3,188000,0,2,0,1,0
2024,2,97000,0,2,0,1,0
2024,3,81250,0,2,0,1,0
2024,1,87000,0,2,0,1,0
2025,3,314400,0,2,0,1,0
2025,3,231000,0,2,0,1,0
2024,3,70800,0,2,0,1,0
2024,3,244000,0,2,0,1,0
2024,3,137972,0,2,0,1,0
2023,3,221000,0,2,0,1,0
2025,3,155800,0,2,0,1,0
2025,3,230000,100,2,0,1,0
2025,3,86700,0,2,0,1,0
2025,2,119076,100,2,0,1,0
2025,2,80000,0,2,0,1,0
2025,1,35554,0,2,0,1,0
2024,2,260000,0,2,0,1,0
2025,1,16000,100,2,0,0,0
2025,3,165000,0,2,0,1,0
2025,2,230000,0,2,0,1,0
2025,3,136000,0,2,0,1,0
2024,2,290000,0,2,0,1,0
2025,3,166000,0,2,0,1,0
2025,3,242000,0,2,0,1,0
2025,3,190800,100,2,0,1,0
2025,1,88400,0,3,0,1,0
2024,3,207800,0,2,0,1,0
2024,2,163000,100,2,0,1,0
2024,2,66000,0,2,0,1,0
2024,2,103500,100,2,0,1,0
2022,3,173000,100,2,0,1,0
2024,2,182000,0,2,0,1,0
2024,2,80000,0,2,0,1,0
2024,3,355000,0,2,0,1,0
2024,2,84398,0,2,0,1,0
2024,2,96038,0,2,0,1,0
2025,1,131906,0,2,0,1,0
2024,3,151000,0,2,0,1,0
2025,3,235400,0,2,0,1,0
2024,2,150000,0,2,0,1,0
2024,2,124000,0,2,0,1,0
2024,3,267900,0,2,0,1,0
2025,2,115000,0,2,0,1,0
2025,3,210000,0,2,0,1,0
2023,3,107968,50,3,0,1,0
2025,3,79700,0,2,0,1,0
2024,3,85280,100,2,0,1,0
2025,3,290004,0,2,0,1,0
2024,3,117200,0,2,0,1,0
2024,3,183300,0,2,0,1,0
2024,3,264200,0,2,0,1,0
2025,2,200000,0,2,0,1,0
2024,2,300000,0,2,0,1,0
2025,3,120900,0,2,0,1,0
2024,3,259700,100,2,0,1,0
2024,2,385000,0,2,0,1,0
2025,2,297000,0,2,0,1,0
2023,3,202800,0,3,0,1,0
2025,2,94500,100,2,0,1,0
2024,3,273675,0,2,0,1,0
2024,4,100000,100,2,0,1,0
2025,3,190000,0,2,0,1,0
2025,3,154000,0,2,0,1,0
2025,2,85000,0,2,0,1,0
2025,3,170000,0,2,0,1,0
2025,3,283600,0,2,0,1,0
2025,3,117000,0,2,0,1,0
2025,1,99285,0,2,0,1,0
2024,3,224000,0,2,0,1,0
2024,2,61933,0,2,0,1,0
2024,3,190000,100,2,0,1,0
2024,3,123626,0,2,0,1,0
2024,4,351000,0,2,0,1,0
2024,3,154000,0,2,0,1,0
2023,3,157000,0,2,0,1,0
2024,1,28000,0,2,0,1,0
2023,2,150000,0,2,0,1,0
2025,3,146751,0,2,0,1,0
2024,1,118800,0,2,0,1,0
2024,3,120000,0,2,0,1,0
2024,3,190700,0,2,0,1,0
2024,3,77500,0,2,0,1,0
2020,3,109024,50,2,0,1,0
2024,3,339250,100,2,0,1,0
2025,3,199000,0,2,0,1,0
2025,2,130000,100,2,0,1,0
2024,3,160000,0,2,0,1,0
2024,1,67000,0,2,0,1,0
2025,3,120000,0,2,0,1,0
2025,3,66000,0,2,0,1,0
2025,1,137100,0,2,0,1,0
2025,3,182000,0,2,0,1,0
2025,3,138500,100,2,0,1,0
2025,1,124000,0,2,0,1,0
2024,3,117000,0,2,0,1,0
2024,3,185625,0,2,0,1,0
2025,3,200000,100,2,0,1,0
2024,3,242000,0,2,0,1,0
2024,2,45775,0,2,0,1,0
2024,3,310000,0,2,0,1,0
2023,2,158000,0,2,0,1,0
2024,3,186949,0,2,0,1,0
2025,2,180000,0,2,0,1,0
2025,3,196700,0,2,0,1,0
2024,3,227950,0,2,0,1,0
2025,1,98000,0,2,0,1,0
2025,3,196000,0,2,0,1,0
2025,2,115000,100,2,0,1,0
2024,3,112000,0,2,0,1,0
2024,2,75000,0,2,0,1,0
2025,3,200000,100,2,0,1,0
2025,3,165600,0,2,0,1,0
2024,3,164000,0,2,0,1,0
2025,3,385000,0,2,0,1,0
2025,3,189200,100,2,0,1,0
2025,2,223600,0,3,0,1,0
2025,1,56000,0,2,0,1,0
2025,2,400000,100,2,0,0,1
2025,2,76164,0,2,0,1,0
2025,1,100791,0,2,0,1,0
2024,2,235000,0,2,0,1,0
2025,2,270000,0,2,0,1,0
2025,3,72285,100,2,0,1,0
2025,3,167000,100,2,0,1,0
2024,2,55426,0,2,0,1,0
2021,3,53192,50,3,0,1,0
2025,3,200000,0,2,0,1,0
2024,3,160520,100,2,0,1,0
2025,2,149600,0,2,0,1,0
2025,3,98200,0,2,0,1,0
2023,3,245000,0,2,0,1,0
2024,3,250000,0,2,0,1,0
2025,2,151400,100,2,0,1,0
2025,3,180000,0,2,0,1,0
2024,3,96643,0,2,0,1,0
2025,3,100500,0,2,0,1,0
2025,3,148800,100,2,0,1,0
2025,2,110000,0,2,0,1,0
2025,3,222000,0,2,0,1,0
2025,3,167000,100,2,0,1,0
2024,1,54300,0,2,0,1,0
2025,3,221900,100,2,0,1,0
2024,1,47500,0,2,0,1,0
2024,2,100000,0,2,0,1,0
2025,3,151000,0,2,0,1,0
2024,3,269100,0,2,0,1,0
2025,3,163966,0,2,0,1,0
2024,1,190000,0,2,0,1,0
2024,3,180393,0,2,0,1,0
2022,2,60000,100,2,0,1,0
2025,3,230000,0,2,0,1,0
2024,3,166600,0,2,0,1,0
2024,1,96000,0,2,0,1,0
2024,3,117200,0,2,0,1,0
2024,3,180000,0,2,0,1,0
2022,3,61300,100,2,0,1,0
2024,2,137000,0,2,0,1,0
2025,2,300000,0,2,0,1,0
2025,2,118200,0,3,0,1,0
2025,3,356500,0,2,0,1,0
2025,3,110000,0,2,0,1,0
2025,3,280600,0,2,0,1,0
2024,2,126300,100,2,0,1,0
2025,3,150000,0,2,0,1,0
2025,3,184000,0,2,0,1,0
2025,3,190000,100,2,0,1,0
2024,2,135000,0,2,0,1,0
2024,3,148045,0,2,0,1,0
2024,2,130900,0,2,0,1,0
2025,3,144400,0,2,0,1,0
2024,2,90000,100,2,0,1,0
2025,3,220000,0,2,0,1,0
2025,2,141000,0,2,0,1,0
2025,3,145000,0,2,0,1,0
2022,3,135000,100,2,0,1,0
2024,3,188100,0,2,0,1,0
2024,3,145000,0,2,0,1,0
2024,2,95000,100,2,0,1,0
2025,3,180000,0,2,0,1,0
2023,3,319000,0,2,0,1,0
2024,2,185000,0,2,0,1,0
2024,2,264200,0,2,0,1,0
2023,3,72000,0,2,0,1,0
2025,3,116500,0,2,0,1,0
2025,2,103000,0,2,0,1,0
2025,3,204000,100,2,0,1,0
2024,4,274800,0,2,0,1,0
2025,2,220000,0,2,0,1,0
2025,2,85600,100,2,0,1,0
2024,3,139700,100,2,0,1,0
2025,3,114000,0,2,0,1,0
2024,2,106000,0,2,0,1,0
2025,3,149000,100,2,0,1,0
2025,3,243400,0,2,0,1,0
2024,3,106250,0,2,0,1,0
2022,3,156600,100,2,0,1,0
2024,2,130000,0,2,0,1,0
2025,3,218000,0,2,0,1,0
2024,3,175800,0,2,0,1,0
2025,3,184000,0,2,0,1,0
2024,3,172000,0,2,0,1,0
2025,3,145000,0,2,0,1,0
2024,3,146000,0,2,0,1,0
2024,3,135000,0,2,0,1,0
2024,3,160000,100,2,0,1,0
2024,3,160000,0,2,0,1,0
2024,3,319000,0,2,0,1,0
2024,3,149700,0,2,0,1,0
2024,2,115800,0,2,0,1,0
2025,1,56962,0,2,0,1,0
2025,3,237400,0,2,0,1,0
2025,1,157300,0,2,0,1,0
2024,2,132975,0,2,0,1,0
2025,2,84000,0,2,0,1,0
2025,3,54000,0,2,0,1,0
2025,2,150200,0,2,0,1,0
2025,3,203000,0,2,0,1,0
2024,2,148000,0,2,0,1,0
2025,3,81865,100,2,0,1,0
2025,2,219107,0,2,0,1,0
2023,3,185900,0,2,0,1,0
2025,2,232919,100,2,0,1,0
2025,2,90000,0,2,0,1,0
2025,3,175500,0,2,0,1,0
2023,3,168000,0,2,0,1,0
2024,3,296300,0,2,0,1,0
2024,1,174600,0,2,0,1,0
2024,2,186000,0,2,0,1,0
2023,3,203500,0,2,0,1,0
2024,2,85000,0,2,0,1,0
2022,3,133000,0,3,0,1,0
2023,3,300000,0,2,0,1,0
2025,3,135700,0,2,0,1,0
2024,2,287500,0,2,0,1,0
2025,1,73000,0,2,0,1,0
2025,3,184140,0,2,0,1,0
2025,4,205000,0,2,0,1,0
2024,3,180000,0,2,0,1,0
2025,2,127500,0,2,0,1,0
2025,3,100000,0,2,0,1,0
2022,3,81666,100,2,0,1,0
2024,3,75000,0,2,0,1,0
2024,2,212800,0,3,0,1,0
2025,3,158100,100,2,0,1,0
2024,2,134500,0,2,0,1,0
2024,3,163654,0,2,0,1,0
2024,3,202350,0,2,0,1,0
2025,3,245000,100,2,0,1,0
2024,3,212800,0,3,0,1,0
2024,3,110000,0,2,0,1,0
2024,3,128250,0,2,0,1,0
2024,1,145000,0,2,0,1,0
2023,3,253200,0,2,0,1,0
2024,3,249800,0,2,0,1,0
2023,3,38290,50,3,0,1,0
2025,3,175000,0,2,0,1,0
2025,1,25263,0,2,0,1,0
2025,3,235400,0,2,0,1,0
2025,3,62100,100,2,0,1,0
2025,2,75789,0,2,0,1,0
2025,3,63157,0,2,0,1,0
2024,3,210000,100,2,0,1,0
2024,3,270000,0,2,0,1,0
2025,3,287500,0,2,0,1,0
2025,3,150000,0,2,0,1,0
2024,3,200200,0,2,0,1,0
2025,3,250800,0,2,0,1,0
2025,2,123000,100,2,0,1,0
2023,3,283200,0,2,0,1,0
2024,2,223600,100,3,0,1,0
2025,2,70000,100,3,0,1,0
2025,1,70000,0,2,0,1,0
2025,3,97500,0,2,0,1,0
2025,3,154000,100,2,0,1,0
2025,4,192400,100,2,0,1,0
2024,3,153900,0,2,0,1,0
2023,3,125000,100,2,0,1,0
2024,2,183300,0,2,0,1,0
2025,1,137000,0,2,0,1,0
2023,3,151000,100,2,0,1,0
2025,3,150000,0,2,0,1,0
2025,2,136000,0,3,0,1,0
2025,1,80000,0,2,0,0,1
2025,3,154800,100,2,0,1,0
2024,2,151800,0,2,0,1,0
2025,3,131900,100,2,0,1,0
2024,2,80000,100,2,0,1,0
2025,2,150000,0,2,0,1,0
2025,2,147420,0,2,0,1,0
2025,2,130000,0,2,0,1,0
2025,3,108000,0,2,0,1,0
2024,3,220900,0,2,0,1,0
2025,3,141000,0,2,0,1,0
2025,2,200000,0,2,0,1,0
2024,3,202800,0,3,0,1,0
2024,3,225000,0,2,0,1,0
2024,3,199700,0,2,0,1,0
2025,2,109000,100,2,0,1,0
2024,3,175000,100,2,0,1,0
2025,2,180000,0,2,0,1,0
2024,3,260000,0,2,0,1,0
2025,3,75789,0,2,0,1,0
2024,3,108500,100,2,0,1,0
2024,2,86800,0,2,0,1,0
2025,3,227500,100,2,0,1,0
2025,3,150400,0,2,0,1,0
2025,2,145000,0,2,0,1,0
2024,4,143297,0,2,0,1,0
2024,3,68750,0,2,0,1,0
2024,3,263000,0,2,0,1,0
2025,3,164600,0,2,0,1,0
2024,3,118976,0,2,0,1,0
2022,3,117000,100,2,0,1,0
2024,2,60000,0,2,0,1,0
2025,1,50000,0,2,0,0,1
2024,2,200000,0,2,0,1,0
2025,3,123191,0,2,0,1,0
2025,2,246300,0,2,0,1,0
2025,3,236400,100,2,0,1,0
2024,3,82000,0,2,0,1,0
2024,1,131000,100,2,0,1,0
2024,2,143750,0,2,0,1,0
2025,2,176800,0,2,0,1,0
2025,3,220090,0,2,0,1,0
2024,3,136100,0,2,0,1,0
2025,3,170000,0,2,0,1,0
2024,3,306000,0,2,0,1,0
2024,2,135400,0,2,0,1,0
2024,3,138800,0,2,0,1,0
2025,3,225000,0,2,0,1,0
2024,2,70400,0,2,0,1,0
2023,1,92280,0,2,0,1,0
2025,2,170000,100,2,0,1,0
2025,3,187300,0,2,0,1,0
2025,1,96000,0,2,0,1,0
2025,3,167981,100,2,0,1,0
2025,3,86000,100,2,0,1,0
2024,3,129200,0,2,0,1,0
2023,3,93300,0,2,0,1,0
2024,1,165000,0,2,0,1,0
2025,3,198440,100,2,0,1,0
2025,3,179858,0,2,0,1,0
2025,3,126582,0,2,0,1,0
2024,2,50000,0,2,0,1,0
2024,3,260000,0,3,0,1,0
2024,2,120000,100,2,0,1,0
2024,3,220000,0,2,0,1,0
2025,2,85000,0,2,0,1,0
2023,3,79600,0,3,0,1,0
2024,3,165500,0,2,0,1,0
2025,1,82900,100,2,0,1,0
2024,3,378700,0,2,0,1,0
2024,3,142000,0,2,0,1,0
2024,3,25000,0,2,0,1,0
2025,2,146400,0,2,0,1,0
2024,2,121000,0,2,0,1,0
2024,3,190000,0,2,0,1,0
2024,3,297000,0,2,0,1,0
2025,3,181854,0,2,0,1,0
2025,1,172000,0,2,0,1,0
2024,2,100000,100,2,0,1,0
2024,2,235000,0,2,0,1,0
2024,2,88000,0,2,0,1,0
2024,2,191000,100,2,0,1,0
2025,2,145400,0,2,0,1,0
2025,3,36000,100,2,0,1,0
2025,3,170000,0,2,0,1,0
2025,3,90000,0,2,0,1,0
2024,3,243000,100,2,0,1,0
2025,3,138900,0,2,0,1,0
2025,2,266400,0,2,0,1,0
2024,2,124600,0,2,0,1,0
2024,3,113840,0,2,0,1,0
2024,3,180000,0,2,0,1,0
2024,2,95000,100,2,0,1,0
2024,3,57777,0,2,0,1,0
2023,3,212000,0,2,0,1,0
2024,3,87550,0,2,0,1,0
2025,3,200000,0,2,0,1,0
2024,3,278300,0,2,0,1,0
2025,3,137600,0,2,0,1,0
2024,2,85000,0,2,0,1,0
2025,3,184000,0,2,0,1,0
2024,3,190000,100,2,0,1,0
2025,2,252000,0,2,0,1,0
2024,3,253000,0,2,0,1,0
2023,3,128000,0,2,0,1,0
2024,1,84000,0,2,0,1,0
2024,2,188100,0,2,0,1,0
2025,3,81012,0,2,0,1,0
2024,3,225000,0,2,0,1,0
2025,3,350000,0,2,0,1,0
2025,2,67500,0,2,0,1,0
2025,3,225000,0,2,0,1,0
2025,2,70000,0,2,0,1,0
2025,2,108000,0,2,0,1,0
2024,2,210960,0,2,0,1,0
2025,2,203000,100,2,0,1,0
2024,3,127600,0,2,0,1,0
2025,2,180000,0,2,0,1,0
2025,1,28649,0,2,0,1,0
2024,3,200000,100,2,0,1,0
2024,2,210000,100,3,0,1,0
2025,3,190800,100,2,0,1,0
2025,2,163600,0,2,0,1,0
2024,2,84900,0,2,0,1,0
2025,2,90000,0,2,0,1,0
2024,2,106500,0,2,0,1,0
2024,3,100000,0,2,0,1,0
2025,3,137510,0,2,0,1,0
2025,3,140000,0,2,0,1,0
2024,3,121500,100,2,0,1,0
2025,3,176300,0,2,0,1,0
2024,2,87500,0,2,0,1,0
2024,3,200000,100,2,0,1,0
2025,3,108000,0,2,0,1,0
2024,2,148100,0,2,0,1,0
2024,2,128000,0,2,0,1,0
2025,3,250000,100,2,0,1,0
2025,4,96400,0,2,0,1,0
2025,3,151800,0,2,0,1,0
2024,2,259000,0,2,0,1,0
2024,2,163696,0,2,0,1,0
2025,2,180800,0,2,0,1,0
2025,1,86986,0,2,0,1,0
2024,3,200000,0,2,0,1,0
2024,2,149000,100,2,0,1,0
2023,3,177700,0,2,0,1,0
2022,3,99100,0,2,0,1,0
2024,3,253000,0,2,0,1,0
2024,3,100000,0,2,0,1,0
2024,3,113600,0,2,0,1,0
2025,3,200700,0,2,0,1,0
2025,2,120000,100,2,0,1,0
2024,2,125000,0,2,0,1,0
2024,3,196000,0,2,0,1,0
2025,2,66455,0,2,0,1,0
2025,3,356500,0,2,0,1,0
2025,3,126100,0,2,0,1,0
2024,2,136000,0,3,0,1,0
2025,2,86600,0,2,0,1,0
2024,3,217100,100,2,0,1,0
2024,3,133650,100,2,0,1,0
2023,3,184000,0,2,0,1,0
2024,2,229900,100,2,0,1,0
2024,2,165100,0,2,0,1,0
2023,3,131310,0,2,0,1,0
2022,3,127000,0,2,0,1,0
2024,3,220000,0,2,0,1,0
2025,3,149000,0,2,0,1,0
2024,3,293000,0,2,0,1,0
2024,2,131200,0,2,0,1,0
2025,3,250000,0,2,0,1,0
2024,3,370000,0,2,0,1,0
2025,3,144400,0,2,0,1,0
2023,3,197400,0,2,0,1,0
2025,3,225000,0,2,0,1,0
2025,1,42122,0,2,0,1,0
2024,2,81500,0,2,0,1,0
2024,3,156800,0,2,0,1,0
2025,3,85150,0,2,0,1,0
2024,3,132000,0,2,0,1,0
2025,1,425000,0,2,0,1,0
2024,1,105000,0,2,0,1,0
2025,2,82100,100,2,0,1,0
2024,3,469000,0,2,0,1,0
2025,3,233500,0,2,0,1,0
2024,3,189750,0,2,0,1,0
2025,3,115000,0,2,0,1,0
2024,3,119100,0,2,0,1,0
2024,3,138000,0,2,0,1,0
2024,2,241500,0,2,0,1,0
2024,1,129960,0,2,0,1,0
2025,3,183700,0,2,0,1,0
2024,1,250000,0,2,0,1,0
2025,3,220000,0,2,0,1,0
2024,1,89500,100,2,0,1,0
2025,3,116500,0,2,0,1,0
2024,2,172000,0,2,0,1,0
2025,3,110000,0,2,0,1,0
2023,3,252000,0,2,0,1,0
2023,3,64781,0,2,0,1,0
2025,3,255000,0,2,0,1,0
2024,2,135000,100,2,0,1,0
2024,2,75600,0,2,0,1,0
2025,2,80000,100,2,0,1,0
2024,2,76300,0,2,0,1,0
2025,3,213325,0,2,0,1,0
2024,3,109500,100,2,0,1,0
2025,3,100000,100,2,0,1,0
2023,3,142200,0,2,0,1,0
2025,3,145000,0,2,0,1,0
2025,3,215000,0,2,0,1,0
2024,3,110000,100,2,0,1,0
2025,2,324000,0,2,0,1,0
2024,2,70500,0,2,0,1,0
2025,2,129700,0,2,0,1,0
2024,3,378700,0,2,0,1,0
2025,2,78481,0,2,0,1,0
2024,3,240000,0,2,0,1,0
2024,3,198000,0,2,0,1,0
2024,3,120000,100,2,0,1,0
2025,2,114510,100,2,0,1,0
2024,3,150000,0,2,0,1,0
2024,2,289700,0,2,0,1,0
2025,3,153000,0,2,0,1,0
2025,3,203200,100,2,0,1,0
2025,2,211920,0,2,0,1,0
2021,3,165000,0,2,0,1,0
2024,2,63700,0,2,0,1,0
2024,1,145000,0,2,0,1,0
2025,2,119000,100,2,0,1,0
2025,3,140000,0,2,0,1,0
2025,1,86100,0,2,0,1,0
2025,3,160000,0,2,0,1,0
2023,1,120000,50,1,0,1,0
2025,3,120000,100,2,0,1,0
2025,2,400000,0,2,0,1,0
2025,2,60631,0,2,0,1,0
2024,3,220000,0,2,0,1,0
2024,3,201450,100,2,0,1,0
2024,1,70000,0,2,0,1,0
2024,2,229900,0,2,0,1,0
2024,3,139776,100,2,0,1,0
2025,2,180800,0,2,0,1,0
2023,3,142200,0,2,0,1,0
2024,3,220000,0,2,0,1,0
2025,3,109000,0,2,0,1,0
2024,2,120000,0,2,0,1,0
2025,3,215000,0,2,0,1,0
2024,1,157400,100,2,0,1,0
2025,3,180000,0,2,0,1,0
2024,2,65000,0,2,0,1,0
2025,3,153700,100,2,0,1,0
2024,3,280000,0,2,0,1,0
2024,3,157000,100,2,0,1,0
2025,2,145000,0,2,0,1,0
2025,3,425000,0,2,0,1,0
2025,3,300000,0,2,0,1,0
2024,1,137000,0,2,0,1,0
2024,3,250000,100,2,0,1,0
2024,1,99500,0,3,0,1,0
2025,2,110000,0,2,0,1,0
2024,3,126000,0,2,0,1,0
2025,3,112000,0,2,0,1,0
2024,3,191250,0,2,0,1,0
2024,3,210000,0,2,0,1,0
2024,3,200000,0,2,0,1,0
2024,2,86840,100,2,0,1,0
2025,2,205600,0,3,0,1,0
2025,2,149000,100,2,0,1,0
2023,2,100000,0,2,0,1,0
2025,2,140550,100,2,0,1,0
2025,2,109350,0,2,0,1,0
2025,3,234000,0,2,0,1,0
2024,3,118450,0,2,0,1,0
2025,3,122970,0,2,0,1,0
2024,1,140000,0,2,0,1,0
2025,3,83230,0,2,0,1,0
2025,2,140000,100,2,0,1,0
2022,3,140000,100,2,0,1,0
2025,3,146200,100,2,0,1,0
2025,3,153000,0,2,0,1,0
2024,3,114500,0,2,0,1,0
2025,4,330000,0,2,0,1,0
2025,3,225000,0,2,0,1,0
2025,3,200000,0,2,0,1,0
2025,2,128000,0,2,0,1,0
2025,3,90000,0,2,0,1,0
2025,2,45569,0,2,0,1,0
2024,2,160000,0,2,0,1,0
2024,3,168480,0,2,0,1,0
2025,1,102000,0,2,0,1,0
2024,3,101400,0,2,0,1,0
2024,3,128147,0,2,0,1,0
2023,3,121200,0,2,0,1,0
2025,3,251600,0,2,0,1,0
2025,3,139400,0,2,0,1,0
2025,3,296610,0,2,0,1,0
2024,3,356500,0,2,0,1,0
2024,3,284000,0,2,0,1,0
2025,3,200700,0,2,0,1,0
2024,4,253950,0,2,0,1,0
2023,2,61520,100,2,0,1,0
2024,3,183300,100,2,0,1,0
2024,3,138900,0,2,0,1,0
2025,2,190000,0,2,0,1,0
2024,1,136800,0,2,0,1,0
2025,3,161700,100,2,0,1,0
2025,2,108000,0,2,0,1,0
2025,2,175800,0,2,0,1,0
2024,1,172000,0,2,0,1,0
2025,3,197800,0,2,0,1,0
2024,3,137972,0,2,0,1,0
2024,2,68637,0,2,0,1,0
2023,2,181500,0,2,0,1,0
2024,3,299000,0,2,0,1,0
2025,3,193000,0,2,0,1,0
2024,2,178250,100,2,0,1,0
2025,1,175000,0,2,0,1,0
2024,3,98800,0,2,0,1,0
2025,3,216000,0,2,0,1,0
2025,3,465000,0,2,0,1,0
2024,2,102000,100,2,0,1,0
2025,4,333925,0,2,0,1,0
2024,1,250000,0,2,0,1,0
2025,1,98125,0,2,0,1,0
2024,2,78000,0,2,0,1,0
2024,2,122000,0,2,0,1,0
2024,2,83028,100,2,0,1,0
2024,1,64000,0,2,0,1,0
2024,2,85000,0,2,0,1,0
2024,3,85612,0,2,0,1,0
2025,3,340000,0,2,0,1,0
2025,2,147000,0,2,0,1,0
2024,1,90000,0,2,0,1,0
2024,3,150000,0,2,0,1,0
2025,3,178090,100,2,0,1,0
2024,3,155000,0,2,0,1,0
2025,3,102000,0,2,0,1,0
2025,3,141000,0,2,0,1,0
2025,2,48860,100,2,0,1,0
2025,1,80000,0,2,0,1,0
2024,3,94860,0,2,0,1,0
2025,2,133000,0,2,0,1,0
2025,2,75000,100,2,0,1,0
2024,2,120000,0,2,0,1,0
2025,3,247300,100,2,0,1,0
2024,3,146000,0,2,0,1,0
2025,3,136961,0,2,0,1,0
2024,3,130000,100,2,0,1,0
2023,2,85445,0,2,0,1,0
2024,3,120750,0,2,0,1,0
2025,3,86694,0,2,0,1,0
2024,2,156864,0,2,0,1,0
2024,3,110000,100,2,0,1,0
2023,2,123040,0,2,0,1,0
2024,2,100000,0,2,0,1,0
2024,3,280000,0,2,0,1,0
2025,3,122500,100,2,0,1,0
2022,3,129300,0,2,0,1,0
2025,3,72000,0,2,0,1,0
2025,3,137600,0,2,0,1,0
2024,3,120000,0,2,0,1,0
2022,3,90320,100,2,0,1,0
2025,2,171700,0,2,0,1,0
2025,2,180000,100,2,0,1,0
2024,2,92500,0,2,0,1,0
2024,2,99000,0,2,0,0,0
2024,3,221000,0,2,0,1,0
2025,2,94700,0,2,0,1,0
2024,3,88500,0,2,0,1,0
2025,3,166000,0,2,0,1,0
2025,3,167760,0,2,0,1,0
2024,1,105000,0,2,0,1,0
2025,3,204900,0,2,0,1,0
2025,3,136000,100,2,0,1,0
2025,3,84806,0,2,0,1,0
2025,3,413000,0,2,0,1,0
2023,3,130000,0,2,0,1,0
2024,3,165000,0,2,0,1,0
2025,2,166400,0,3,0,1,0
2023,3,289800,0,2,0,1,0
2025,3,121790,100,2,0,1,0
2024,2,145000,100,2,0,1,0
2023,3,151000,100,2,0,1,0
2025,3,155700,0,2,0,1,0
2025,3,249900,0,2,0,1,0
2025,3,90000,0,2,0,1,0
2023,3,115000,100,2,0,1,0
2023,3,98000,0,2,0,1,0
2024,2,208000,0,2,0,1,0
2024,2,300200,0,2,0,1,0
2024,1,85000,0,2,0,1,0
2024,3,188645,0,2,0,1,0
2025,2,130000,100,2,0,1,0
2024,2,112900,0,2,0,1,0
2024,3,125800,0,2,0,1,0
2025,3,234000,0,2,0,1,0
2025,2,36000,0,2,0,1,0
2024,3,98500,0,2,0,1,0
2025,3,138000,0,2,0,1,0
2024,3,294000,0,2,0,1,0
2025,2,55162,0,2,0,1,0
2020,3,91237,0,1,0,1,0
2025,3,171600,0,2,0,1,0
2024,3,128400,0,2,0,1,0
2025,3,305600,100,2,0,1,0
2025,2,186230,100,2,0,1,0
2024,2,229900,0,2,0,1,0
2024,3,164000,0,2,0,1,0
2025,2,94968,100,2,0,1,0
2024,3,267100,100,2,0,1,0
2024,3,201650,0,2,0,1,0
2024,2,126500,100,2,0,1,0
2024,2,128000,0,2,0,1,0
2025,1,225000,0,2,0,1,0
2024,3,118094,100,2,0,1,0
2024,3,170000,100,2,0,1,0
2025,3,168000,0,2,0,1,0
2024,1,145000,0,2,0,1,0
2024,3,250900,0,2,0,1,0
2025,3,140000,0,2,0,1,0
2024,3,250600,0,2,0,1,0
2024,2,73100,0,2,0,1,0
2025,2,100000,0,2,0,1,0
2025,3,530000,0,2,0,1,0
2024,3,125000,0,2,0,1,0
2025,3,316500,100,2,0,1,0
2024,3,293800,0,2,0,1,0
2024,3,117700,0,2,0,1,0
2024,3,261500,0,3,0,1,0
2025,3,180000,0,2,0,1,0
2025,3,115500,0,2,0,1,0
2024,4,200000,100,2,0,1,0
2024,2,129000,0,2,0,1,0
2025,3,143200,0,2,0,1,0
2025,3,79800,0,2,0,1,0
2024,3,197438,0,2,0,1,0
2025,1,60000,0,2,0,1,0
2024,2,186642,100,2,0,1,0
2024,2,137000,0,2,0,1,0
2025,2,90000,0,2,0,1,0
2024,1,103000,100,2,0,1,0
2023,2,67672,100,2,0,1,0
2022,3,207000,100,2,0,1,0
2023,3,283050,0,2,0,1,0
2024,3,186000,0,2,0,1,0
2025,3,181000,0,2,0,1,0
2024,2,251600,0,2,0,1,0
2025,3,364254,100,2,0,1,0
2024,3,50000,100,2,0,1,0
2024,2,204000,0,2,0,1,0
2024,3,300000,0,2,0,1,0
2024,4,247000,0,2,0,1,0
2023,3,185000,0,2,0,1,0
2025,2,112500,100,2,0,1,0
2024,2,122000,0,2,0,1,0
2024,3,144500,0,2,0,1,0
2023,4,225000,100,2,0,1,0
2024,3,247300,100,2,0,1,0
2024,2,125000,100,2,0,1,0
2024,1,129792,0,2,0,1,0
2024,3,136000,0,2,0,1,0
2025,1,105000,100,2,0,1,0
2024,3,184300,0,2,0,1,0
2024,3,94500,0,2,0,1,0
2024,3,123280,0,2,0,1,0
2025,2,173000,0,2,0,1,0
2024,2,140000,100,2,0,1,0
2025,2,53916,0,2,0,1,0
2024,3,278000,0,2,0,1,0
2024,3,75600,0,2,0,1,0
2024,3,307100,100,2,0,1,0
2024,3,202500,0,2,0,1,0
2025,1,100000,0,2,0,1,0
2024,2,155000,0,2,0,1,0
2024,2,106300,0,2,0,1,0
2024,3,230000,100,2,0,1,0
2024,3,158200,0,2,0,1,0
2025,1,58000,0,2,0,1,0
2025,3,112200,0,2,0,1,0
2024,3,126800,100,2,0,1,0
2025,3,145000,100,2,0,1,0
2024,3,137300,0,2,0,1,0
2024,3,165000,0,2,0,1,0
2024,2,140000,0,2,0,1,0
2024,2,160000,0,2,0,1,0
2025,3,135443,100,2,0,1,0
2025,1,146000,0,2,0,1,0
2025,3,179000,100,2,0,1,0
2024,2,190000,0,2,0,1,0
2025,3,120000,0,2,0,1,0
2025,2,113909,0,2,0,1,0
2024,3,182400,0,2,0,1,0
2024,3,80000,100,2,0,1,0
2024,2,117500,0,2,0,1,0
2022,3,250000,0,2,0,1,0
2024,3,213000,0,2,0,1,0
2025,3,403800,0,2,0,1,0
2025,1,110000,0,2,0,1,0
2024,2,199500,0,2,0,1,0
2025,1,135600,0,2,0,0,1
2023,2,300000,0,2,0,1,0
2025,2,55388,100,2,0,1,0
2024,3,355000,0,2,0,1,0
2023,3,108308,100,2,0,1,0
2025,2,90000,0,2,0,1,0
2025,2,125000,0,2,0,1,0
2024,2,180000,0,2,0,1,0
2025,2,81000,100,2,0,1,0
2024,2,251500,0,2,0,1,0
2024,2,104550,0,2,0,1,0
2025,3,82000,0,2,0,1,0
2025,3,115000,0,2,0,1,0
2025,3,94000,0,2,0,1,0
2025,3,128300,0,2,0,1,0
2024,3,75000,100,2,0,1,0
2024,2,208800,0,2,0,1,0
2024,2,134600,0,2,0,1,0
2024,3,212800,0,3,0,1,0
2025,2,220000,0,2,0,1,0
2024,2,126400,0,2,0,1,0
2025,3,240000,0,2,0,1,0
2024,3,302000,0,2,0,1,0
2025,2,155000,0,2,0,1,0
2025,3,250377,0,2,0,1,0
2025,2,122000,100,2,0,1,0
2025,3,356500,100,2,0,1,0
2024,3,137600,0,2,0,1,0
2025,3,196800,0,2,0,1,0
2024,2,100700,0,2,0,1,0
2025,3,109200,0,2,0,1,0
2025,2,192000,0,2,0,1,0
2022,3,63000,0,2,0,1,0
2025,1,58655,100,2,0,1,0
2024,3,105070,0,2,0,1,0
2024,3,116500,0,2,0,1,0
2024,3,160000,100,2,0,1,0
2025,2,25263,0,2,0,1,0
2024,3,84500,0,2,0,1,0
2023,3,120000,0,2,0,1,0
2024,3,419750,0,2,0,1,0
2024,2,163000,0,2,0,1,0
2024,1,76960,0,2,0,1,0
2025,2,207600,0,2,0,1,0
2025,2,180000,0,2,0,1,0
2024,3,95500,0,2,0,1,0
2025,3,83000,0,2,0,1,0
2025,2,60000,0,2,0,1,0
2024,3,166000,0,2,0,1,0
2024,2,101382,100,2,0,1,0
2025,3,200000,100,2,0,1,0
2024,3,156800,0,2,0,1,0
2024,3,196700,0,2,0,1,0
2024,3,132000,0,2,0,1,0
2024,3,115000,0,2,0,1,0
2024,3,190000,0,2,0,1,0
2024,2,65000,0,2,0,1,0
2022,3,175000,100,2,0,1,0
2025,3,188300,0,2,0,1,0
2024,3,275000,0,2,0,1,0
2024,3,197292,0,2,0,1,0
2024,1,89000,0,2,0,1,0
2025,3,70000,0,2,0,1,0
2025,3,255800,0,2,0,1,0
2024,1,66560,0,2,0,1,0
2024,3,204600,0,2,0,1,0
2024,3,161900,0,2,0,1,0
2025,2,155375,0,2,0,1,0
2025,3,120253,100,2,0,1,0
2025,3,142800,0,2,0,1,0
2024,3,206000,100,2,0,1,0
2025,2,70200,0,2,0,1,0
2025,2,165000,0,2,0,1,0
2025,3,168000,0,2,0,1,0
2025,2,164450,0,2,0,1,0
2024,3,90000,0,2,0,1,0
2025,2,140000,0,2,0,1,0
2024,2,92000,100,2,0,1,0
2022,3,120000,0,2,0,1,0
2025,2,180000,0,2,0,1,0
2025,2,65400,0,2,0,1,0
2023,3,295490,0,2,0,1,0
2024,2,120000,0,2,0,1,0
2024,3,162050,100,2,0,1,0
2024,3,252900,0,2,0,1,0
2024,3,310000,100,2,0,1,0
2024,1,81400,0,2,0,1,0
2024,2,205000,0,2,0,1,0
2024,2,172000,0,2,0,1,0
2024,3,189000,0,2,0,1,0
2025,2,195000,0,2,0,1,0
2024,3,256150,100,2,0,1,0
2025,2,223000,0,2,0,1,0
2025,3,161500,0,2,0,1,0
2024,3,261500,0,3,0,1,0
2025,2,96000,0,2,0,1,0
2024,3,195800,100,2,0,1,0
2024,3,172000,100,2,0,1,0
2025,3,185000,100,2,0,1,0
2025,3,325000,0,2,0,1,0
2025,2,99000,0,2,0,1,0
2023,2,30760,0,2,0,1,0
2024,1,159870,0,2,0,1,0
2024,3,158000,0,2,0,1,0
2025,2,405000,0,2,0,1,0
2025,3,250000,0,2,0,1,0
2024,3,86700,100,2,0,1,0
2025,3,72380,100,2,0,1,0
2024,1,123000,0,2,0,1,0
2025,2,48000,0,2,0,1,0
2025,3,164050,0,2,0,1,0
2024,3,368230,0,2,0,1,0
2024,3,100000,0,2,0,1,0
2024,1,38750,0,2,0,1,0
2024,2,315000,0,2,0,1,0
2025,3,250000,100,2,0,1,0
2023,2,108000,0,2,0,1,0
2025,1,44419,0,2,0,1,0
2024,3,85000,0,2,0,1,0
2025,3,66000,0,2,0,1,0
2024,3,195000,0,2,0,1,0
2025,2,171000,0,2,0,1,0
2024,3,167000,0,2,0,1,0
2025,2,199500,0,2,0,1,0
2024,3,110000,100,2,0,1,0
2025,3,115440,0,2,0,1,0
2024,3,143100,0,2,0,1,0
2025,3,83100,0,2,0,1,0
2023,1,65000,0,2,0,1,0
2024,2,168000,0,2,0,1,0
2025,3,140700,0,2,0,1,0
2024,2,135000,100,2,0,1,0
2024,2,100000,0,2,0,1,0
2025,2,105000,0,2,0,1,0
2025,2,84550,0,2,0,1,0
2025,2,98400,0,2,0,1,0
2025,3,180000,0,2,0,1,0
2024,2,125500,0,2,0,1,0
2024,2,60000,0,2,0,1,0
2024,3,260000,0,3,0,1,0
2025,2,69000,0,2,0,1,0
2024,3,199700,0,2,0,1,0
2023,3,95000,0,2,0,1,0
2024,3,120700,0,2,0,1,0
2025,3,116800,0,2,0,1,0
2024,3,243000,0,2,0,1,0
2025,2,170000,0,2,0,1,0
2025,2,200000,0,2,0,1,0
2024,2,46155,0,2,0,1,0
2025,3,340000,0,2,0,1,0
2024,3,180000,0,2,0,1,0
2025,2,128000,0,2,0,1,0
2024,2,100000,0,2,0,1,0
2023,3,180180,0,2,0,1,0
2025,3,139240,100,2,0,1,0
2025,2,137750,0,2,0,1,0
2025,2,155000,0,2,0,1,0
2025,2,88100,0,2,0,1,0
2025,1,70000,0,2,0,1,0
2025,3,116417,0,2,0,1,0
2024,1,106590,0,2,0,1,0
2025,2,31578,0,2,0,1,0
2025,3,110000,0,2,0,1,0
2025,1,164000,100,2,0,1,0
2024,1,132000,0,2,0,0,0
2023,3,114300,0,2,0,1,0
2024,4,80000,0,2,0,1,0
2024,3,143100,0,2,0,1,0
2024,2,337250,0,2,0,1,0
2025,3,140000,100,2,0,1,0
2024,2,160000,100,2,0,1,0
2025,2,170700,100,2,0,1,0
2024,2,79350,0,2,0,1,0
2024,3,237400,0,2,0,1,0
2025,3,150000,0,2,0,1,0
2023,2,430640,0,2,0,1,0
2024,3,75000,100,2,0,1,0
2024,1,162240,100,2,0,1,0
2025,2,130000,0,2,0,1,0
2025,3,153600,100,2,0,1,0
2025,1,150000,0,2,0,1,0
2024,3,65900,0,2,0,1,0
2025,3,240000,100,2,0,1,0
2022,2,85000,100,2,0,1,0
2025,3,160000,100,2,0,1,0
2025,3,720000,100,2,0,1,0
2024,3,199400,0,2,0,1,0
2023,2,175000,0,2,0,1,0
2025,1,31316,0,2,0,1,0
2025,3,220700,0,2,0,1,0
2023,3,185000,0,2,0,1,0
2025,3,108700,0,2,0,1,0
2024,3,188427,0,2,0,1,0
2024,2,111600,0,3,0,1,0
2024,2,209296,100,2,0,1,0
2020,4,300000,100,3,0,1,0
2025,3,90000,0,2,0,1,0
2025,3,76500,0,2,0,1,0
2024,1,79643,0,2,0,0,1
2024,2,70800,0,2,0,1,0
2025,2,227000,0,2,0,1,0
2025,3,170000,0,2,0,1,0
2024,1,87040,0,2,0,1,0
2025,2,64200,0,2,0,1,0
2024,4,172000,0,2,0,1,0
2024,3,117200,0,2,0,1,0
2024,3,276000,0,2,0,1,0
2024,3,220000,0,2,0,1,0
2025,3,100000,100,2,0,1,0
2025,3,158000,0,2,0,1,0
2025,3,118000,0,2,0,1,0
2025,3,280600,0,2,0,1,0
2024,3,145000,0,2,0,1,0
2024,3,117000,0,2,0,1,0
2024,3,213500,0,2,0,1,0
2025,3,200700,0,2,0,1,0
2024,2,117000,0,2,0,1,0
2023,3,142600,0,2,0,1,0
2024,2,60000,0,2,0,1,0
2025,3,152000,0,2,0,1,0
2025,2,150000,100,2,0,1,0
2024,3,292000,0,2,0,1,0
2025,3,89700,0,2,0,1,0
2025,3,124940,0,2,0,1,0
2025,2,150000,0,2,0,1,0
2024,2,222200,0,2,0,1,0
2025,3,198000,0,2,0,1,0
2025,1,140000,0,2,0,1,0
2024,2,235100,100,2,0,1,0
2025,3,203000,0,2,0,1,0
2025,3,99000,0,2,0,1,0
2025,3,101287,0,2,0,1,0
2025,3,514000,0,2,0,1,0
2024,3,194750,0,2,0,1,0
2025,2,196900,0,2,0,1,0
2023,3,110000,100,2,0,1,0
2024,2,149000,0,2,0,1,0
2025,3,200000,100,2,0,1,0
2025,1,75065,0,2,0,1,0
2025,3,57000,0,2,0,1,0
2024,1,82000,0,2,0,1,0
2023,3,85500,0,2,0,1,0
2024,2,162225,0,2,0,1,0
2024,3,184800,100,2,0,1,0
2024,3,90000,0,2,0,1,0
2025,3,158200,0,2,0,1,0
2025,3,144400,0,2,0,1,0
2025,2,142000,0,2,0,1,0
2025,3,109600,100,2,0,1,0
2024,3,136600,100,2,0,1,0
2024,3,105000,0,2,0,1,0
2025,4,250000,0,2,0,1,0
2025,3,142800,100,2,0,1,0
2023,2,142000,0,2,0,1,0
2025,3,74250,0,2,0,1,0
2025,3,287500,0,2,0,1,0
2025,3,220000,0,2,0,1,0
2024,3,187000,100,2,0,1,0
2024,3,143424,0,2,0,1,0
2024,3,145000,100,2,0,1,0
2025,3,147000,100,2,0,1,0
2024,3,160000,100,2,0,1,0
2025,2,204820,100,2,0,1,0
2024,3,177000,0,2,0,1,0
2025,4,260000,0,2,0,1,0
2024,3,180000,0,2,0,1,0
2025,3,180000,100,2,0,1,0
2025,2,120000,0,2,0,1,0
2025,1,130000,0,2,0,1,0
2024,3,248400,0,2,0,1,0
2024,2,237500,0,2,0,1,0
2025,2,157000,100,2,0,1,0
2025,3,110000,0,2,0,1,0
2025,2,32700,100,3,0,1,0
2024,2,215000,0,2,0,1,0
2024,2,198600,0,2,0,1,0
2025,3,170900,100,2,0,1,0
2024,2,110400,0,2,0,1,0
2025,3,66000,0,2,0,1,0
2024,3,175300,0,2,0,1,0
2025,3,323000,0,2,0,1,0
2025,3,205500,0,2,0,1,0
2025,3,110000,100,2,0,1,0
2024,2,293000,0,2,0,1,0
2024,2,100650,0,2,0,1,0
2024,3,204000,0,2,0,1,0
2024,3,179000,0,2,0,1,0
2024,3,156000,100,2,0,1,0
2025,1,75600,0,2,0,1,0
2024,3,112000,0,2,0,1,0
2025,3,180650,0,2,0,1,0
2025,2,120000,0,2,0,1,0
2025,3,43000,0,2,0,1,0
2025,3,213265,0,2,0,1,0
2025,2,157195,100,2,0,1,0
2025,3,191600,0,2,0,1,0
2024,2,96200,100,2,0,1,0
2024,1,102000,0,2,0,1,0
2024,2,281000,0,2,0,1,0
2025,2,165000,0,2,0,1,0
2025,3,200000,0,2,0,1,0
2024,3,88888,100,2,0,1,0
2025,2,142000,0,2,0,1,0
2024,2,120200,0,2,0,1,0
2025,3,196000,0,2,0,1,0
2025,3,190000,0,2,0,1,0
2025,2,56264,0,2,0,1,0
2024,1,91000,0,2,0,1,0
2024,3,157000,0,2,0,1,0
2025,3,89000,100,2,0,1,0
2025,2,81900,0,2,0,1,0
2025,2,78800,0,2,0,1,0
2025,2,100000,100,2,0,1,0
2025,3,115000,0,2,0,1,0
2024,3,172700,0,2,0,1,0
2024,3,130000,100,2,0,1,0
2025,3,294000,0,2,0,1,0
2024,3,177000,0,3,0,1,0
2024,2,104000,0,2,0,1,0
2024,4,300000,0,2,0,1,0
2025,3,193000,0,2,0,1,0
2024,3,200000,100,2,0,1,0
2024,1,170000,0,2,0,1,0
2024,3,250600,0,2,0,1,0
2025,3,186200,0,2,0,1,0
2025,2,149468,0,2,0,1,0
2025,2,92000,0,2,0,1,0
2024,2,140000,0,2,0,1,0
2025,2,98440,0,2,0,1,0
2025,1,80000,0,2,0,1,0
2024,3,145900,0,2,0,1,0
2025,3,250000,100,2,0,1,0
2024,3,140000,0,2,0,1,0
2025,2,41197,0,2,0,1,0
2024,2,60400,0,2,0,1,0
2024,3,100000,100,2,0,1,0
2024,3,337250,0,2,0,1,0
2025,1,299300,0,2,0,1,0
2024,3,136500,100,2,0,1,0
2025,3,204600,0,2,0,1,0
2024,2,147000,0,2,0,1,0
2024,2,175800,0,2,0,1,0
2025,2,120000,100,2,0,1,0
2024,3,219700,0,2,0,1,0
2024,1,117000,100,2,0,1,0
2024,1,139650,0,2,0,1,0
2025,3,101265,100,2,0,1,0
2024,3,220000,0,2,0,1,0
2025,1,38000,0,2,0,0,1
2023,3,284310,0,2,0,1,0
2024,3,165000,0,2,0,1,0
2024,2,42000,0,2,0,1,0
2024,2,385000,0,2,0,1,0
2023,3,160000,0,2,0,1,0
2024,3,471500,0,2,0,1,0
2024,2,130000,100,2,0,1,0
2025,2,208000,0,2,0,1,0
2024,3,189000,0,2,0,1,0
2025,2,62400,100,2,0,1,0
2024,3,192500,0,2,0,1,0
2024,3,178600,0,2,0,1,0
2025,3,315000,0,2,0,1,0
2024,3,90000,0,2,0,1,0
2024,2,115000,0,2,0,1,0
2024,2,146000,0,2,0,1,0
2025,3,106300,0,2,0,1,0
2023,2,175000,100,2,0,1,0
2025,3,90000,100,2,0,1,0
2024,3,199000,100,2,0,1,0
2024,3,266000,0,2,0,1,0
2025,3,154100,0,2,0,1,0
2024,3,258750,0,2,0,1,0
2024,3,110000,100,2,0,1,0
2024,2,65000,0,2,0,1,0
2022,3,204500,0,2,0,1,0
2024,2,116259,0,2,0,1,0
2024,3,185000,0,2,0,1,0
2024,1,112717,0,2,0,1,0
2025,1,124600,0,2,0,1,0
2025,3,153000,0,2,0,1,0
2025,3,230000,0,2,0,1,0
2025,3,185000,0,2,0,1,0
2025,3,222000,0,2,0,1,0
2024,3,200000,100,2,0,1,0
2024,3,204500,0,2,0,1,0
2024,2,296300,0,2,0,1,0
2025,3,81000,0,2,0,1,0
2024,3,163200,0,2,0,1,0
2024,3,194000,0,2,0,1,0
2025,3,140000,0,2,0,1,0
2025,2,150000,0,2,0,1,0
2022,3,134000,100,2,0,1,0
2025,2,70000,0,2,0,1,0
2023,3,170000,100,2,0,1,0
2024,1,60000,0,2,0,1,0
2024,2,26666,0,3,0,1,0
2025,3,185000,0,2,0,1,0
2025,3,206100,0,2,0,1,0
2023,4,146000,0,2,0,1,0
2025,2,310000,0,2,0,1,0
2025,2,69000,100,2,0,1,0
2024,3,90000,0,2,0,1,0
2025,2,70000,0,2,0,1,0
2024,3,185900,0,2,0,1,0
2024,3,105000,0,2,0,1,0
2024,4,314000,0,2,0,1,0
2025,3,120000,0,2,0,0,0
2025,3,269000,0,2,0,1,0
2025,1,68640,0,2,0,1,0
2024,3,75000,0,2,0,1,0
2025,3,179000,0,2,0,1,0
2025,3,160000,0,2,0,1,0
2025,3,111000,100,2,0,1,0
2025,3,171400,0,2,0,1,0
2024,2,100000,0,2,0,1,0
2025,2,168000,0,2,0,1,0
2024,3,68800,0,2,0,1,0
2024,3,114400,0,2,0,1,0
2024,3,100000,0,2,0,1,0
2024,3,150700,0,2,0,1,0
2025,2,124000,0,2,0,1,0
2025,3,125760,0,2,0,1,0
2025,2,75880,0,2,0,1,0
2025,3,29975,0,2,0,1,0
2025,3,175698,0,2,0,1,0
2025,4,245000,0,2,0,1,0
2024,3,145000,100,2,0,1,0
2024,2,73100,0,2,0,1,0
2025,3,91520,0,2,0,1,0
2025,3,210000,0,2,0,1,0
2025,4,183335,100,2,0,1,0
2025,3,145000,0,2,0,1,0
2025,3,108100,0,2,0,1,0
2025,3,203000,0,2,0,1,0
2024,3,161600,0,2,0,1,0
2025,3,165000,0,2,0,1,0
2025,2,107957,0,2,0,1,0
2024,2,248700,0,2,0,1,0
2025,2,139955,0,2,0,1,0
2024,3,166600,0,2,0,1,0
2025,3,82000,0,2,0,1,0
2025,3,100900,100,2,0,1,0
2025,3,195400,100,2,0,1,0
2024,3,257600,0,2,0,1,0
2025,2,36935,0,2,0,1,0
2024,3,160000,0,2,0,1,0
2024,3,130000,100,2,0,1,0
2025,2,124200,0,2,0,1,0
2025,3,230000,100,2,0,1,0
2024,3,264200,0,2,0,1,0
2024,3,130000,0,2,0,1,0
2025,3,142300,100,2,0,1,0
2025,2,108497,100,2,0,1,0
2025,2,27789,0,2,0,1,0
2024,3,210000,0,2,0,1,0
2024,3,190400,0,2,0,1,0
2024,1,30000,0,2,0,1,0
2025,1,152300,0,2,0,1,0
2025,3,280000,0,2,0,1,0
2025,3,111000,0,2,0,1,0
2025,2,124300,100,2,0,1,0
2024,3,260000,0,2,0,1,0
2023,2,83500,0,2,0,1,0
2025,3,285000,0,2,0,1,0
2023,3,145000,0,2,0,1,0
2025,2,175000,0,2,0,1,0
2024,2,135000,0,2,0,1,0
2024,3,248700,0,2,0,1,0
2024,2,290180,0,2,0,1,0
2024,3,117200,0,2,0,1,0
2025,1,89700,100,2,0,1,0
2024,3,168480,0,2,0,1,0
2025,3,110000,100,2,0,1,0
2025,2,66380,100,2,0,1,0
2024,3,85000,100,2,0,1,0
2024,1,98000,0,2,0,1,0
2025,3,104996,0,2,0,1,0
2025,3,252400,0,2,0,1,0
2024,3,129000,0,2,0,1,0
2025,1,70000,0,2,0,1,0
2024,1,465972,0,2,0,1,0
2024,2,108000,0,2,0,1,0
2024,1,40000,0,2,0,1,0
2025,2,95000,0,2,0,1,0
2024,3,103200,100,2,0,1,0
2024,3,250200,0,2,0,1,0
2025,2,140000,100,2,0,1,0
2024,3,220000,0,2,0,1,0
2024,2,69099,100,2,0,1,0
2024,3,175750,0,2,0,1,0
2023,3,150000,0,2,0,1,0
2025,3,190000,0,2,0,1,0
2025,3,530000,0,2,0,1,0
2020,1,21669,50,1,0,0,1
2025,3,160000,100,2,0,1,0
2025,3,58200,100,2,0,1,0
2025,2,130500,0,2,0,1,0
2025,1,45700,0,2,0,1,0
2024,2,130000,0,2,0,1,0
2025,3,187000,100,2,0,1,0
2024,2,240000,0,2,0,1,0
2023,3,230000,100,2,0,1,0
2024,3,235400,0,2,0,1,0
2025,3,192000,100,2,0,1,0
2025,1,45000,0,2,0,1,0
2024,2,173000,100,2,0,1,0
2025,1,149000,0,2,0,1,0
2024,3,135400,0,2,0,1,0
2025,3,206000,0,2,0,1,0
2024,3,137600,0,2,0,1,0
2024,3,150000,0,2,0,1,0
2025,3,75000,0,2,0,1,0
2025,3,261000,0,2,0,1,0
2025,3,160000,0,2,0,1,0
2025,3,119800,0,2,0,1,0
2025,2,123500,0,2,0,1,0
2024,2,87350,0,2,0,1,0
2025,3,116000,0,2,0,1,0
2025,3,157083,0,2,0,1,0
2024,1,140000,0,2,0,1,0
2025,2,85803,0,2,0,1,0
2025,3,112000,0,2,0,1,0
2024,3,132100,0,2,0,1,0
2024,3,110000,0,2,0,1,0
2024,2,106000,0,2,0,1,0
2023,3,53984,100,1,0,1,0
2023,3,212750,100,2,0,1,0
2025,3,75504,100,2,0,1,0
2024,2,154660,0,2,0,1,0
2024,1,172000,0,2,0,1,0
2024,2,120000,0,2,0,1,0
2024,3,112000,0,2,0,1,0
2024,2,145000,0,2,0,1,0
2024,2,88888,0,2,0,1,0
2025,3,235000,0,2,0,1,0
2025,3,130000,0,2,0,1,0
2024,2,125200,0,2,0,1,0
2025,3,110000,0,2,0,1,0
2024,2,190000,0,2,0,1,0
2024,3,230000,100,2,0,1,0
2024,2,70000,0,2,0,1,0
2024,2,125680,0,2,0,1,0
2024,3,355000,0,2,0,1,0
2024,2,210000,100,2,0,1,0
2025,3,249000,0,2,0,1,0
2024,2,140000,0,2,0,1,0
2024,3,106400,100,2,0,1,0
2025,2,120000,0,2,0,1,0
2025,2,213000,0,2,0,1,0
2024,1,62400,0,2,0,1,0
2025,3,204900,0,2,0,1,0
2025,3,190300,100,2,0,1,0
2024,3,393300,0,2,0,1,0
2024,3,233100,0,2,0,1,0
2022,3,110600,0,2,0,1,0
2025,2,85000,100,2,0,1,0
2023,3,146900,0,2,0,1,0
2025,3,207000,100,2,0,1,0
2025,3,294000,0,2,0,1,0
2024,3,283800,0,2,0,1,0
2024,3,120000,100,2,0,1,0
2024,1,104235,100,2,0,1,0
2025,3,57894,0,2,0,1,0
2024,2,297500,0,2,0,1,0
2024,2,109300,0,2,0,1,0
2024,2,143100,0,2,0,1,0
2023,3,125000,0,2,0,1,0
2025,3,139900,100,2,0,1,0
2025,2,41505,100,2,0,1,0
2023,3,142200,0,2,0,1,0
2025,3,160000,100,2,0,1,0
2024,3,109200,0,2,0,1,0
2024,3,127000,0,2,0,1,0
2025,3,243100,100,2,0,1,0
2025,3,137600,0,2,0,1,0
2024,3,122500,100,2,0,1,0
2024,2,69300,0,2,0,1,0
2025,3,125000,0,2,0,1,0
2025,3,281000,0,2,0,1,0
2024,3,110000,100,2,0,1,0
2024,3,234000,0,2,0,1,0
2025,3,250000,0,2,0,1,0
2023,3,170000,100,2,0,1,0
2024,3,220000,100,2,0,1,0
2025,4,225000,0,2,0,1,0
2024,3,250200,0,2,0,1,0
2024,3,140000,0,2,0,1,0
2025,3,160000,0,2,0,1,0
2025,3,252000,100,2,0,1,0
2025,3,143000,0,2,0,1,0
2024,2,95000,0,2,0,1,0
2024,2,312200,0,2,0,1,0
2025,1,60000,0,2,0,1,0
2025,2,252000,0,2,0,1,0
2024,3,212000,0,2,0,1,0
2024,2,117000,0,2,0,1,0
2024,3,227000,0,2,0,1,0
2024,2,76128,100,2,0,1,0
2025,1,86700,100,2,0,1,0
2025,1,85000,0,2,0,1,0
2024,3,185000,0,3,0,1,0
2025,3,177600,0,2,0,1,0
2025,1,45263,0,2,0,1,0
2024,3,180000,0,2,0,1,0
2025,2,198000,0,2,0,1,0
2024,3,211200,0,2,0,1,0
2024,3,312230,100,2,0,1,0
2023,3,285800,100,2,0,1,0
2025,2,182000,0,2,0,1,0
2025,3,210000,0,2,0,1,0
2025,3,154000,0,2,0,1,0
2024,3,184300,0,2,0,1,0
2025,3,99759,0,2,0,1,0
2022,2,99100,0,2,0,1,0
2024,3,122000,0,2,0,1,0
2025,2,171000,0,2,0,1,0
2024,3,118750,0,2,0,1,0
2025,4,149515,0,2,0,1,0
2024,3,90000,0,2,0,1,0
2024,3,225600,0,2,0,1,0
2024,3,280000,100,2,0,1,0
2025,3,120000,0,2,0,1,0
2024,2,133000,100,2,0,1,0
2024,3,267720,0,2,0,1,0
2025,3,111000,0,2,0,1,0
2025,3,189873,0,2,0,1,0
2024,3,100000,100,2,0,1,0
2024,3,154000,0,2,0,1,0
2024,1,172000,0,2,0,1,0
2025,2,143000,0,2,0,1,0
2024,3,225000,0,2,0,1,0
2024,2,204000,0,2,0,1,0
2025,3,203000,0,2,0,1,0
2024,3,207980,0,2,0,1,0
2025,2,25263,100,2,0,1,0
2024,3,210000,0,2,0,1,0
2024,2,85500,0,2,0,1,0
2025,3,110000,100,2,0,1,0
2024,3,136125,0,2,0,1,0
2024,2,168000,0,2,0,1,0
2025,3,106100,100,2,0,1,0
2025,3,149000,0,2,0,1,0
2023,1,90000,50,3,0,1,0
2023,3,145000,0,2,0,1,0
2024,1,41750,0,2,0,1,0
2025,3,250000,0,2,0,1,0
2024,3,146000,0,2,0,1,0
2025,3,269640,100,2,0,1,0
2025,3,160000,100,2,0,1,0
2024,1,56437,0,2,0,1,0
2024,3,123400,100,2,0,1,0
2024,3,113840,0,2,0,1,0
2025,2,105000,0,2,0,1,0
2025,3,125700,0,2,0,1,0
2024,3,270000,0,2,0,1,0
2024,2,140000,0,2,0,1,0
2023,3,172040,100,2,0,1,0
2024,2,108000,0,2,0,1,0
2025,3,136500,100,2,0,1,0
2024,3,200000,0,3,0,1,0
2025,2,160000,0,2,0,1,0
2024,3,210000,0,2,0,1,0
2024,3,114700,0,2,0,1,0
2024,3,290180,0,2,0,1,0
2025,3,209000,0,2,0,1,0
2024,3,249700,100,2,0,1,0
2025,2,92920,0,2,0,1,0
2025,2,120000,100,2,0,1,0
2025,1,84600,0,2,0,1,0
2023,2,128600,0,2,0,1,0
2025,3,85300,100,2,0,1,0
2024,3,100000,0,2,0,1,0
2025,2,85000,0,2,0,1,0
2025,2,172000,0,2,0,1,0
2025,3,138720,0,2,0,1,0
2024,2,123000,0,2,0,1,0
2024,2,118400,0,2,0,1,0
2023,3,210000,0,2,0,1,0
2024,3,235000,100,2,0,1,0
2025,3,235000,100,2,0,1,0
2025,3,147700,0,2,0,1,0
2022,1,34320,100,1,0,0,1
2025,2,145750,100,2,0,1,0
2025,3,128250,0,2,0,1,0
2025,3,137280,0,2,0,1,0
2025,3,49958,0,2,0,1,0
2023,3,145300,100,2,0,1,0
2025,3,148000,0,2,0,1,0
2025,2,142000,0,2,0,1,0
2025,3,164600,0,2,0,1,0
2025,2,252000,0,2,0,1,0
2024,3,198000,0,2,0,1,0
2024,1,150000,0,2,0,1,0
2025,3,125000,0,2,0,1,0
2024,3,283800,0,2,0,1,0
2025,2,132700,100,2,0,1,0
2024,3,106051,100,2,0,1,0
2025,3,115000,100,2,0,1,0
2025,2,130000,100,2,0,1,0
2024,3,138240,100,2,0,1,0
2024,1,26666,0,2,0,1,0
2024,2,125700,0,2,0,1,0
2022,3,204500,0,2,0,1,0
2024,3,125000,0,2,0,1,0
2025,3,115000,0,2,0,1,0
2025,3,175100,100,2,0,1,0
2024,3,149800,100,2,0,1,0
2024,3,86220,0,2,0,1,0
2024,2,119100,0,2,0,1,0
2025,3,110000,100,2,0,1,0
2024,3,144000,0,2,0,1,0
2025,1,115240,0,2,0,1,0
2023,2,120000,0,2,0,1,0
2024,3,130000,100,2,0,1,0
2024,2,102000,0,2,0,0,1
2024,1,62500,0,2,0,1,0
2024,4,200000,0,2,0,1,0
2024,2,136000,0,3,0,1,0
2024,3,137600,0,2,0,1,0
2023,3,252000,0,2,0,1,0
2025,1,135000,0,2,0,1,0
2025,3,171000,0,2,0,1,0
2023,2,105400,0,2,0,1,0
2024,2,137800,0,2,0,1,0
2025,3,159066,0,2,0,1,0
2024,2,72328,0,2,0,1,0
2025,2,261000,0,2,0,1,0
2025,3,210000,0,2,0,1,0
2024,3,282200,0,2,0,1,0
2024,2,150000,0,2,0,1,0
2025,3,303140,0,2,0,1,0
2025,2,144000,100,2,0,1,0
2024,2,108200,0,2,0,1,0
2024,3,350000,0,2,0,1,0
2025,1,208800,0,2,0,1,0
2024,3,105000,0,2,0,1,0
2025,3,165000,0,2,0,1,0
2024,3,146000,0,2,0,1,0
2025,3,303000,0,2,0,1,0
2024,3,236900,0,2,0,1,0
2024,2,216000,0,2,0,1,0
2025,2,200000,0,2,0,1,0
2024,3,140000,0,2,0,1,0
2024,3,139400,0,2,0,1,0
2024,3,150000,100,2,0,1,0
2025,2,216000,0,2,0,1,0
2024,3,74800,0,2,0,1,0
2025,3,150000,0,2,0,1,0
2024,3,225750,0,2,0,1,0
2025,2,224000,100,2,0,1,0
2025,3,310000,100,2,0,1,0
2024,2,93333,0,2,0,1,0
2024,2,164000,0,2,0,1,0
2024,3,208000,0,2,0,1,0
2024,3,84500,0,2,0,1,0
2025,3,234000,0,2,0,1,0
2024,2,240000,0,2,0,1,0
2024,3,115000,0,2,0,1,0
2024,3,171000,0,2,0,1,0
2022,2,90000,100,2,0,1,0
2023,3,185000,100,2,0,1,0
2024,3,175000,0,2,0,1,0
2025,2,175000,100,2,0,1,0
2025,3,326600,0,2,0,1,0
2024,3,74263,100,2,0,1,0
2025,1,208800,0,2,0,1,0
2022,2,98506,100,2,0,1,0
2025,3,64900,0,2,0,1,0
2025,3,180000,0,2,0,1,0
2025,1,120000,0,2,0,1,0
2025,3,220850,0,2,0,1,0
2025,3,280300,100,2,0,1,0
2024,3,194000,0,2,0,1,0
2025,3,126582,0,2,0,1,0
2024,3,166400,0,2,0,1,0
2023,1,17025,100,3,0,1,0
2025,3,130000,0,2,0,1,0
2025,1,150000,100,2,0,1,0
2025,2,61008,0,2,0,1,0
2024,3,94000,100,2,0,1,0
2024,3,131040,100,2,0,1,0
2024,3,168000,0,2,0,1,0
2024,3,140000,100,2,0,1,0
2024,3,180500,0,2,0,1,0
2025,3,239900,0,2,0,1,0
2024,3,265000,0,2,0,1,0
2025,2,136000,0,3,0,1,0
2025,3,209500,0,2,0,1,0
2024,3,75000,0,2,0,1,0
2025,3,202000,0,2,0,1,0
2025,2,170760,0,2,0,1,0
2025,2,31578,0,2,0,1,0
2024,3,257600,0,2,0,1,0
2024,3,158000,0,2,0,1,0
2024,3,119803,0,2,0,1,0
2025,3,163000,0,2,0,1,0
2024,3,142000,0,2,0,1,0
2024,3,128000,100,2,0,1,0
2024,1,106025,0,2,0,1,0
2024,3,135000,0,2,0,1,0
2025,2,99000,100,2,0,1,0
2024,2,65000,100,2,0,1,0
2025,3,189000,0,2,0,1,0
2024,3,110000,100,2,0,1,0
2024,2,120000,0,2,0,1,0
2025,2,89000,100,2,0,1,0
2024,2,66100,0,2,0,1,0
2023,3,135000,100,2,0,1,0
2025,2,123500,100,2,0,1,0
2024,3,247000,0,2,0,1,0
2025,3,98400,0,2,0,1,0
2025,3,240000,100,2,0,1,0
2025,2,196000,100,2,0,1,0
2025,3,193400,0,2,0,1,0
2024,2,170000,100,2,0,1,0
2025,3,267771,0,2,0,1,0
2024,2,250000,0,2,0,1,0
2025,3,720000,100,2,0,1,0
2024,3,122219,0,2,0,1,0
2024,3,339250,0,2,0,1,0
2024,3,140000,100,2,0,1,0
2025,2,95500,0,2,0,1,0
2023,3,166000,100,2,0,1,0
2024,3,162540,0,2,0,1,0
2024,1,208800,0,2,0,1,0
2025,1,97700,0,2,0,1,0
2023,3,62433,100,2,0,1,0
2024,2,188400,0,2,0,1,0
2024,3,180000,0,2,0,1,0
2024,3,177000,0,2,0,1,0
2025,4,252200,0,2,0,1,0
2024,4,100000,0,2,0,1,0
2024,3,157450,100,2,0,1,0
2025,3,530000,100,2,0,1,0
2025,3,120400,0,2,0,1,0
2024,2,65000,0,2,0,1,0
2024,2,112000,0,2,0,1,0
2024,3,243000,0,2,0,1,0
2025,3,222480,0,2,0,1,0
2024,1,137000,0,2,0,1,0
2025,2,181000,0,2,0,1,0
2025,3,90000,0,2,0,1,0
2025,1,63500,100,2,0,1,0
2025,3,195000,0,2,0,1,0
2025,3,75000,0,2,0,1,0
2024,2,139000,0,2,0,1,0
2024,3,175000,0,2,0,1,0
2025,2,440000,0,2,0,1,0
2025,3,212800,0,2,0,1,0
2024,3,100000,0,2,0,1,0
2024,3,240500,0,2,0,1,0
2025,2,131974,0,2,0,1,0
2024,2,111740,0,2,0,1,0
2025,2,175900,0,2,0,1,0
2025,3,167600,0,2,0,1,0
2025,3,208000,0,2,0,1,0
2024,3,172300,0,2,0,1,0
2023,3,214000,0,2,0,1,0
2025,3,230879,0,2,0,1,0
2024,2,318090,0,2,0,1,0
2025,3,127310,0,2,0,1,0
2024,3,296300,0,2,0,1,0
2024,2,109920,0,2,0,1,0
2024,3,212800,100,2,0,1,0
2025,2,200200,0,2,0,1,0
2024,2,200000,0,2,0,1,0
2025,3,104000,0,2,0,1,0
2025,3,320000,0,2,0,1,0
2024,3,160000,0,2,0,1,0
2025,3,254700,0,2,0,1,0
2024,3,272000,0,2,0,1,0
2024,3,154400,0,2,0,1,0
2022,3,80000,0,3,0,1,0
2024,3,130000,0,2,0,1,0
2024,3,157200,100,2,0,1,0
2025,2,260400,0,2,0,1,0
2024,3,291400,0,2,0,1,0
2025,4,175000,0,2,0,1,0
2025,3,62500,100,2,0,1,0
2025,3,83000,0,2,0,1,0
2025,3,469000,0,2,0,1,0
2024,3,110000,100,2,0,1,0
2024,2,283780,0,2,0,1,0
2025,1,60000,0,2,0,1,0
2025,4,176720,0,2,0,1,0
2024,1,137000,0,2,0,1,0
2024,3,155000,0,2,0,1,0
2024,3,126600,0,2,0,1,0
2025,2,113357,0,2,0,1,0
2025,3,187860,0,2,0,1,0
2025,2,130600,0,2,0,1,0
2024,2,142000,0,2,0,1,0
2025,3,285200,0,2,0,1,0
2025,4,190000,0,2,0,1,0
2024,3,360000,0,2,0,1,0
2024,1,85000,100,2,0,1,0
2024,3,294000,0,2,0,1,0
2024,3,160000,0,2,0,1,0
2025,3,180000,0,2,0,1,0
2025,3,170000,100,2,0,1,0
2025,3,355000,0,2,0,1,0
2025,3,89755,0,2,0,1,0
2024,2,152375,100,2,0,1,0
2025,2,252000,0,2,0,1,0
2025,2,150000,100,2,0,1,0
2024,2,187400,0,2,0,1,0
2024,2,118750,0,2,0,1,0
2025,3,133100,0,2,0,1,0
2025,2,264200,0,2,0,1,0
2024,3,195000,100,2,0,1,0
2025,2,77120,0,2,0,1,0
2024,3,165000,0,2,0,1,0
2025,2,74935,0,2,0,1,0
2024,1,67253,0,2,0,1,0
2025,3,230000,100,2,0,1,0
2025,3,281000,0,2,0,1,0
2024,1,55000,0,2,0,1,0
2024,2,192300,0,2,0,1,0
2023,2,207500,0,2,0,1,0
2022,3,182000,100,2,0,1,0
2024,2,249600,0,2,0,1,0
2025,3,42751,0,2,0,1,0
2024,2,135400,0,2,0,1,0
2025,2,91800,100,2,0,1,0
2025,2,108900,0,2,0,1,0
2024,3,140000,100,2,0,1,0
2025,1,76000,0,2,0,1,0
2024,2,83600,0,2,0,1,0
2024,3,148000,0,2,0,1,0
2024,2,136000,0,2,0,1,0
2024,2,80000,0,2,0,1,0
2022,3,225000,0,2,0,1,0
2025,3,160000,100,2,0,1,0
2023,3,167200,100,2,0,1,0
2024,2,127000,0,2,0,1,0
2025,3,164000,0,2,0,1,0
2023,3,135000,0,2,0,1,0
2025,3,283975,100,2,0,1,0
2024,3,225000,0,2,0,1,0
2025,3,140000,0,2,0,1,0
2024,3,109100,0,2,0,1,0
2024,3,183600,0,2,0,1,0
2024,3,155000,0,2,0,1,0
2024,3,190000,0,2,0,1,0
2025,3,202560,0,2,0,1,0
2025,2,113000,0,2,0,1,0
2025,2,95200,0,2,0,1,0
2025,2,168000,0,2,0,1,0
2024,3,213200,100,2,0,1,0
2024,3,128900,0,2,0,1,0
2024,3,138000,0,2,0,1,0
2023,2,155000,0,2,0,1,0
2024,3,411650,100,2,0,1,0
2025,2,155000,100,2,0,1,0
2022,1,35093,100,3,0,1,0
2025,3,67000,0,2,0,1,0
2025,3,220500,0,2,0,1,0
2023,2,136500,0,2,0,1,0
2023,2,119000,0,2,0,1,0
2024,1,84375,0,2,0,1,0
2024,3,117200,0,2,0,1,0
2025,2,160000,100,2,0,1,0
2024,1,112000,0,2,0,1,0
2024,2,105000,0,2,0,1,0
2025,3,117200,0,2,0,1,0
2025,3,119700,0,2,0,1,0
2024,3,138200,100,2,0,1,0
2025,1,81600,0,2,0,1,0
2025,2,110000,0,2,0,1,0
2023,3,130000,0,2,0,1,0
2024,2,86940,0,2,0,1,0
2024,3,253000,0,2,0,1,0
2025,3,154000,0,2,0,1,0
2025,3,97600,0,2,0,1,0
2025,2,93770,0,2,0,1,0
2024,1,144000,0,2,0,1,0
2024,3,175800,0,2,0,1,0
2025,2,250000,0,2,0,1,0
2024,3,163000,100,2,0,1,0
2025,2,250000,0,2,0,1,0
2024,2,65000,0,2,0,1,0
2025,3,75600,0,2,0,1,0
2025,2,212000,0,2,0,1,0
2023,3,210000,0,2,0,1,0
2024,3,160000,100,2,0,1,0
2025,2,92352,100,2,0,1,0
2024,2,116000,0,2,0,1,0
2025,2,203000,0,2,0,1,0
2024,3,86955,0,2,0,1,0
2025,1,122058,0,2,0,1,0
2025,3,106900,0,2,0,1,0
2024,2,50000,0,2,0,1,0
2024,1,78000,100,2,0,1,0
2024,3,31250,0,2,0,1,0
2025,2,168000,100,2,0,1,0
2024,3,295000,0,2,0,1,0
2025,2,258000,0,2,0,1,0
2024,2,105000,0,2,0,1,0
2025,3,64200,0,2,0,1,0
2024,3,120000,0,2,0,1,0
2025,3,294000,0,2,0,1,0
2024,2,131000,100,2,0,1,0
2024,3,145360,100,2,0,1,0
2025,2,119800,0,2,0,1,0
2024,1,47778,0,2,0,1,0
2025,3,148000,0,2,0,1,0
2024,3,70000,0,2,0,1,0
2024,3,100000,0,2,0,1,0
2024,3,235400,0,2,0,1,0
2024,2,36000,0,2,0,1,0
2025,3,170000,0,2,0,1,0
2025,3,138000,0,2,0,1,0
2025,3,202000,0,2,0,1,0
2025,3,82400,0,2,0,1,0
2025,3,293000,0,2,0,1,0
2024,3,151323,0,2,0,1,0
2024,3,205000,0,2,0,1,0
2023,3,225000,0,2,0,1,0
2025,3,93600,0,2,0,1,0
2024,3,113600,0,2,0,1,0
2024,2,120000,100,2,0,1,0
2024,3,120000,100,2,0,1,0
2024,3,135000,100,2,0,1,0
2024,3,95000,0,2,0,1,0
2025,2,172000,0,2,0,1,0
2024,2,100000,0,2,0,1,0
2025,3,74500,100,2,0,1,0
2025,3,129000,0,2,0,1,0
2023,2,125000,100,2,0,1,0
2025,2,200000,0,2,0,1,0
2025,1,57500,0,2,0,1,0
2025,2,96000,100,2,0,1,0
2024,3,199500,0,2,0,1,0
2024,3,337300,0,2,0,1,0
2024,3,260000,0,2,0,1,0
2025,1,193000,100,2,0,1,0
2025,3,43452,0,2,0,1,0
2024,2,147000,100,2,0,1,0
2024,2,97600,0,2,0,1,0
2025,3,168600,100,2,0,1,0
2024,3,170900,0,2,0,1,0
2025,2,36000,0,2,0,0,1
2024,3,160000,100,2,0,1,0
2025,1,80000,100,2,0,1,0
2023,3,185000,0,2,0,1,0
2024,2,75000,100,2,0,1,0
2024,3,170000,0,2,0,1,0
2025,1,60800,0,2,0,1,0
2025,3,143625,0,2,0,1,0
2024,3,149750,100,2,0,1,0
2024,3,97870,0,2,0,1,0
2025,2,103800,0,2,0,1,0
2025,2,88000,0,2,0,1,0
2023,3,272290,100,2,0,1,0
2023,2,110736,0,2,0,1,0
2025,2,177570,0,2,0,1,0
2025,2,116300,0,3,0,1,0
2025,2,250000,0,2,0,1,0
2024,3,289400,0,2,0,1,0
2024,2,105600,0,2,0,1,0
2023,3,61520,0,2,0,1,0
2025,3,106800,100,2,0,1,0
2024,4,238500,0,2,0,1,0
2024,1,86000,0,2,0,1,0
2025,2,105000,100,2,0,1,0
2024,3,137750,0,2,0,1,0
2025,3,111100,0,2,0,1,0
2025,3,135000,0,2,0,1,0
2025,2,40105,0,2,0,1,0
2025,2,111000,0,2,0,1,0
2025,2,135000,0,2,0,1,0
2025,3,140791,0,2,0,1,0
2025,2,170000,100,2,0,1,0
2024,3,247300,0,2,0,1,0
2025,2,113000,0,2,0,1,0
2024,3,195000,100,2,0,1,0
2024,3,123470,100,2,0,1,0
2025,2,63000,0,2,0,1,0
2024,2,250600,0,2,0,1,0
2024,3,109000,0,2,0,1,0
2024,2,103977,0,2,0,1,0
2024,3,120000,100,2,0,1,0
2025,2,211000,100,2,0,1,0
2024,3,160200,0,2,0,1,0
2024,3,164000,0,2,0,1,0
2023,3,92000,100,2,0,1,0
2025,3,158200,0,2,0,1,0
2024,3,144200,0,2,0,1,0
2025,1,84000,0,2,0,1,0
2024,3,37500,0,2,0,1,0
2025,3,132700,100,2,0,1,0
2024,3,136000,0,2,0,1,0
2024,2,183800,100,2,0,1,0
2025,3,75600,0,2,0,1,0
2025,3,280600,0,2,0,1,0
2024,3,212800,0,2,0,1,0
2024,3,77400,0,2,0,1,0
2025,3,136800,0,2,0,1,0
2024,3,84700,0,2,0,1,0
2025,2,252900,0,2,0,1,0
2025,2,56000,0,2,0,1,0
2024,3,110000,0,2,0,1,0
2025,3,162000,100,2,0,1,0
2024,2,60400,0,2,0,1,0
2025,1,111150,0,2,0,1,0
2024,3,59833,0,2,0,1,0
2024,3,213000,0,2,0,1,0
2025,2,135000,0,2,0,1,0
2025,3,137000,0,2,0,1,0
2025,2,228000,100,2,0,1,0
2024,3,162900,100,2,0,1,0
2025,3,150000,0,2,0,1,0
2025,2,115900,0,2,0,1,0
2024,2,49000,0,2,0,1,0
2024,3,158000,0,2,0,1,0
2024,2,123000,0,2,0,1,0
2024,3,136600,0,2,0,1,0
2025,3,340000,0,2,0,1,0
2025,3,190000,0,2,0,1,0
2025,3,150000,0,2,0,1,0
2025,3,171200,100,2,0,1,0
2025,3,110000,100,2,0,1,0
2025,3,230000,0,2,0,1,0
2025,2,236500,0,2,0,1,0
2024,1,91550,0,2,0,1,0
2024,2,69100,0,2,0,1,0
2024,3,131000,100,2,0,1,0
2025,2,170000,100,2,0,1,0
2024,3,175800,0,2,0,1,0
2024,2,145000,0,2,0,1,0
2025,4,180000,0,2,0,1,0
2025,3,134000,100,2,0,1,0
2024,1,142000,0,2,0,1,0
2024,3,216000,0,2,0,1,0
2025,3,67518,100,2,0,1,0
2025,2,141000,0,2,0,1,0
2025,1,150000,0,2,0,1,0
2025,2,167200,0,2,0,1,0
2025,2,193500,0,2,0,1,0
2024,2,120000,100,2,0,1,0
2024,1,140000,100,2,0,1,0
2024,3,144600,0,2,0,1,0
2024,3,80000,100,2,0,1,0
2025,3,300000,0,2,0,1,0
2024,2,98000,0,2,0,1,0
2023,3,172500,100,2,0,1,0
2025,3,150000,0,2,0,1,0
2024,3,94200,0,2,0,1,0
2023,3,75000,100,2,0,1,0
2023,3,166500,0,2,0,1,0
2024,3,273000,0,2,0,1,0
2024,3,110000,0,2,0,1,0
2025,3,190000,100,2,0,1,0
2025,3,154000,0,2,0,1,0
2024,3,175800,0,2,0,1,0
2025,2,269075,0,2,0,1,0
2023,3,190000,100,2,0,1,0
2024,2,87120,100,2,0,1,0
2023,3,165000,0,2,0,1,0
2025,2,83400,0,2,0,1,0
2024,2,75600,0,2,0,1,0
2024,2,140000,0,2,0,1,0
2024,3,265200,0,2,0,1,0
2024,2,212000,0,2,0,1,0
2024,3,161000,0,2,0,1,0
2024,3,350000,0,2,0,1,0
2025,2,111662,0,2,0,1,0
2025,3,189000,0,2,0,1,0
2023,3,147100,0,2,0,1,0
2024,1,70000,0,2,0,1,0
2025,3,136000,0,2,0,1,0
2022,3,141525,100,2,0,1,0
2024,4,180000,100,2,0,1,0
2024,3,216000,0,2,0,1,0
2023,3,50000,50,2,1,0,0
2025,1,120000,0,2,0,1,0
2024,3,110409,0,2,0,1,0
2025,3,100000,0,2,0,1,0
2024,3,112200,0,2,0,1,0
2024,2,238280,0,2,0,1,0
2025,2,168355,0,2,0,1,0
2024,3,190300,0,2,0,1,0
2024,2,70000,100,2,0,1,0
2025,2,173830,0,2,0,1,0
2025,3,237400,0,2,0,1,0
2025,2,136000,100,2,0,1,0
2025,3,81012,0,2,0,1,0
2025,2,250600,0,2,0,1,0
2025,2,124800,0,2,0,1,0
2024,3,188500,0,2,0,1,0
2024,3,285000,0,2,0,1,0
2024,3,239000,0,2,0,1,0
2024,3,215000,0,2,0,1,0
2025,3,291000,0,2,0,1,0
2025,4,113571,0,2,0,1,0
2025,3,260000,0,3,0,1,0
2024,3,130000,0,2,0,1,0
2024,3,260600,100,2,0,1,0
2024,3,147000,100,2,0,1,0
2024,3,177000,0,2,0,1,0
2025,3,264801,100,2,0,1,0
2025,3,284280,0,2,0,1,0
2023,3,200000,0,2,0,1,0
2025,3,176166,0,2,0,1,0
2024,3,316900,0,2,0,1,0
2024,3,160000,100,2,0,1,0
2025,2,207600,0,2,0,1,0
2024,2,256000,0,2,0,1,0
2024,3,154000,100,2,0,1,0
2024,3,160000,100,2,0,1,0
2024,3,130000,100,2,0,1,0
2024,2,303000,0,2,0,1,0
2025,3,142200,100,2,0,1,0
2025,3,48000,0,2,0,1,0
2025,2,220700,0,2,0,1,0
2025,3,297000,100,2,0,1,0
2025,2,92820,0,2,0,1,0
2025,2,51789,0,2,0,1,0
2025,3,143000,0,2,0,1,0
2024,2,209000,100,2,0,1,0
2024,3,195000,0,2,0,1,0
2024,3,138000,0,2,0,1,0
2024,1,250000,0,2,0,1,0
2022,3,170000,100,2,0,1,0
2025,3,110000,100,2,0,1,0
2025,3,80000,100,2,0,1,0
2024,2,235950,100,2,0,1,0
2024,2,111000,0,2,0,1,0
2025,2,121315,0,2,0,0,0
2025,3,180500,0,2,0,1,0
2025,3,99000,0,2,0,1,0
2025,3,138320,0,2,0,1,0
2024,3,242974,100,2,0,1,0
2025,3,160000,100,2,0,1,0
2024,2,128400,0,2,0,1,0
2024,3,168000,0,2,0,1,0
2024,3,190000,100,2,0,1,0
2025,2,146200,0,2,0,1,0
2024,2,160000,0,2,0,1,0
2024,2,98300,0,2,0,1,0
2023,3,152375,0,2,0,1,0
2025,3,195000,0,2,0,1,0
2024,2,95500,0,2,0,1,0
2024,1,87999,0,2,0,1,0
2024,2,80000,0,2,0,1,0
2025,2,117120,100,2,0,1,0
2025,3,270806,100,2,0,1,0
2024,3,53800,0,2,0,1,0
2025,2,88500,0,2,0,1,0
2025,3,149000,0,2,0,1,0
2024,3,170000,100,2,0,1,0
2025,3,262600,0,2,0,1,0
2024,2,116550,0,2,0,1,0
2023,3,197500,0,2,0,1,0
2025,3,284000,0,2,0,1,0
2025,4,145000,0,2,0,1,0
2024,3,419750,0,2,0,1,0
2024,3,117000,0,2,0,1,0
2024,3,133600,0,2,0,1,0
2025,3,135000,100,2,0,1,0
2025,3,207000,0,2,0,1,0
2024,3,214000,0,2,0,1,0
2024,3,207000,0,2,0,1,0
2025,3,84600,0,2,0,1,0
2025,3,297000,0,2,0,1,0
2023,1,85000,100,2,0,1,0
2024,3,139200,100,2,0,1,0
2024,1,70000,0,2,0,1,0
2024,3,151800,0,2,0,1,0
2024,3,122000,0,2,0,1,0
2025,2,180000,0,2,0,1,0
2025,2,225000,0,2,0,1,0
2024,2,98300,0,2,0,1,0
2025,3,175800,100,2,0,1,0
2025,2,153965,0,2,0,1,0
2025,3,110000,0,2,0,1,0
2024,2,65000,0,2,0,1,0
2025,3,157000,0,2,0,1,0
2025,3,217900,100,2,0,1,0
2024,2,212800,0,2,0,1,0
2024,3,196000,0,2,0,1,0
2025,2,197200,0,2,0,1,0
2025,3,162000,0,2,0,1,0
2024,3,148000,0,2,0,1,0
2024,3,176356,0,2,0,1,0
2024,3,146000,0,2,0,1,0
2024,3,100000,0,2,0,1,0
2024,2,124683,0,2,0,1,0
2025,3,155000,0,2,0,1,0
2024,3,204000,0,2,0,1,0
2024,3,94200,0,2,0,1,0
2024,2,251000,0,2,0,1,0
2025,3,113100,0,2,0,1,0
2025,3,150000,0,2,0,1,0
2023,3,188800,100,2,0,1,0
2025,1,68000,0,2,0,1,0
2024,3,66000,0,2,0,1,0
2024,2,127000,0,2,0,1,0
2025,3,90000,0,2,0,1,0
2024,3,139800,0,2,0,1,0
2025,1,92250,0,2,0,1,0
2025,2,95000,0,2,0,1,0
2024,2,100000,100,2,0,1,0
2025,3,500000,0,2,0,1,0
2024,2,281700,0,2,0,1,0
2025,1,130000,0,2,0,1,0
2025,3,168500,0,2,0,1,0
2024,3,99200,0,2,0,1,0
2024,1,171000,0,2,0,1,0
2025,3,113156,100,2,0,1,0
2025,3,282200,0,2,0,1,0
2025,3,178000,0,2,0,1,0
2024,2,370000,0,2,0,1,0
2025,3,208700,0,2,0,1,0
2025,3,280000,0,2,0,1,0
2025,2,51600,0,2,0,1,0
2025,3,220700,0,2,0,1,0
2024,1,117900,0,2,0,1,0
2024,3,270000,0,2,0,1,0
2024,3,178200,0,2,0,1,0
2024,2,115000,100,2,0,1,0
2025,3,160000,0,2,0,1,0
2024,3,117200,0,2,0,1,0
2025,3,270200,0,2,0,1,0
2024,2,96600,0,2,0,1,0
2024,2,128600,0,2,0,1,0
2025,3,125000,0,2,0,1,0
2024,2,56062,0,2,0,1,0
2023,3,149500,100,2,0,1,0
2023,3,158400,0,2,0,1,0
2024,1,60191,0,2,0,0,0
2024,3,360000,0,2,0,1,0
2023,3,122000,0,2,0,1,0
2023,3,180000,100,2,0,1,0
2024,3,135000,0,2,0,1,0
2025,3,123280,0,2,0,1,0
2024,3,77802,0,2,0,1,0
2024,2,44000,0,2,0,1,0
2025,3,205000,0,2,0,1,0
2025,3,145000,0,2,0,1,0
2024,3,112000,0,2,0,1,0
2025,3,151000,0,2,0,1,0
2025,3,160000,0,2,0,1,0
2024,3,317690,0,2,0,1,0
2024,3,134000,0,2,0,1,0
2024,3,43733,0,2,0,1,0
2025,2,51262,0,2,0,1,0
2024,2,61800,0,2,0,1,0
2024,3,217600,0,2,0,1,0
2024,3,117000,0,2,0,1,0
2024,3,210000,100,2,0,1,0
2025,3,235100,0,2,0,1,0
2022,3,179775,100,2,0,1,0
2025,3,61611,100,2,0,1,0
2024,3,159000,0,2,0,1,0
2025,2,560000,0,2,0,1,0
2024,3,125500,0,2,0,1,0
2024,3,195000,100,2,0,1,0
2025,3,160000,100,2,0,1,0
2025,1,36000,0,2,0,1,0
2025,2,89085,0,2,0,1,0
2025,3,268300,0,2,0,1,0
2025,3,255200,100,2,0,1,0
2024,3,115000,100,2,0,1,0
2025,3,150000,0,2,0,1,0
2024,2,70000,100,2,0,1,0
2025,3,173000,100,2,0,1,0
2024,3,161500,0,2,0,1,0
2024,2,200200,0,2,0,1,0
2025,2,60000,0,2,0,1,0
2024,3,105100,0,3,0,1,0
2024,3,142826,100,2,0,1,0
2025,3,164000,0,2,0,1,0
2025,2,168000,0,2,0,1,0
2023,3,152022,0,2,0,1,0
2025,3,147000,0,2,0,1,0
2025,3,250000,0,2,0,1,0
2024,2,222200,0,3,0,1,0
2025,3,356500,100,2,0,1,0
2024,2,178090,100,2,0,1,0
2025,1,106400,0,2,0,1,0
2025,3,173100,0,2,0,1,0
2023,3,113000,100,2,0,1,0
2025,1,67600,0,2,0,1,0
2025,3,174700,0,2,0,1,0
2025,3,230000,100,2,0,1,0
2024,3,350000,0,2,0,1,0
2024,2,120000,0,2,0,1,0
2025,3,68421,0,2,0,1,0
2025,3,189530,0,2,0,1,0
2024,3,139300,0,2,0,1,0
2025,2,63600,0,2,0,1,0
2025,2,106108,0,2,0,1,0
2025,3,100800,0,2,0,1,0
2025,3,83100,0,2,0,1,0
2022,3,184100,0,2,0,1,0
2023,3,190000,0,2,0,1,0
2024,3,180000,0,2,0,1,0
2024,1,65000,0,2,0,1,0
2025,3,202560,0,2,0,1,0
2024,3,223500,0,2,0,1,0
2023,3,71259,100,2,0,1,0
2025,4,263900,0,2,0,1,0
2025,3,99000,0,2,0,1,0
2024,3,80000,0,2,0,1,0
2025,3,150400,0,3,0,1,0
2024,3,186840,100,2,0,1,0
2025,2,108826,0,2,0,1,0
2025,2,160000,0,2,0,1,0
2025,3,153500,0,2,0,1,0
2025,3,164500,0,3,0,1,0
2024,3,167100,100,2,0,1,0
2022,3,117000,0,2,0,1,0
2024,2,131200,100,2,0,1,0
2024,2,110000,0,2,0,1,0
2025,1,60000,0,2,0,1,0
2025,3,178360,0,2,0,1,0
2025,3,100000,50,3,0,1,0
2025,1,134865,0,2,0,1,0
2024,3,247000,0,2,0,1,0
2025,3,166600,0,2,0,1,0
2025,3,148000,0,2,0,1,0
2025,3,75000,0,2,0,1,0
2024,3,170000,0,2,0,1,0
2024,3,180000,0,2,0,1,0
2024,2,146050,100,2,0,1,0
2025,2,193000,0,2,0,1,0
2024,3,227000,0,2,0,1,0
2024,3,112500,100,2,0,1,0
2025,2,247505,100,2,0,1,0
2023,3,212780,0,2,0,1,0
2024,3,160000,100,2,0,1,0
2024,2,144400,0,2,0,1,0
2025,1,48000,0,2,0,1,0
2024,3,172000,0,2,0,1,0
2024,3,200200,0,2,0,1,0
2024,3,135800,0,2,0,1,0
2024,1,115920,100,2,0,1,0
2025,3,117000,0,2,0,1,0
2024,2,67200,0,2,0,1,0
2025,2,240000,0,2,0,1,0
2024,3,112000,0,2,0,1,0
2024,4,216000,0,2,0,1,0
2024,3,132000,0,2,0,1,0
2025,3,148719,100,2,0,1,0
2024,3,70000,100,2,0,1,0
2024,3,113600,0,2,0,1,0
2025,3,220000,0,2,0,1,0
2023,3,245000,100,2,0,1,0
2024,3,122500,100,2,0,1,0
2025,3,109000,0,2,0,1,0
2025,3,250000,100,2,0,1,0
2024,1,87000,0,2,0,1,0
2025,3,114900,0,2,0,1,0
2024,3,150000,0,2,0,1,0
2024,1,78240,0,2,0,1,0
2024,3,198900,100,2,0,1,0
2024,3,500000,0,2,0,1,0
2025,2,189000,0,2,0,1,0
2024,2,136000,0,3,0,1,0
2025,3,276100,0,2,0,1,0
2024,2,195000,0,2,0,1,0
2025,2,150000,100,2,0,1,0
2025,1,96000,0,2,0,1,0
2025,2,200000,0,2,0,1,0
2025,3,190000,100,2,0,1,0
2023,2,48000,0,2,0,1,0
2025,3,76500,0,2,0,1,0
2022,3,50000,100,2,0,1,0
2025,3,74880,0,2,0,1,0
2025,3,220300,0,2,0,1,0
2025,4,142500,0,2,0,1,0
2024,3,294000,0,2,0,1,0
2024,3,150000,100,2,0,1,0
2024,3,117000,0,2,0,1,0
2025,2,90000,0,2,0,1,0
2024,2,208800,0,2,0,1,0
2024,4,220000,100,2,0,1,0
2025,1,69700,0,2,0,1,0
2025,2,106400,0,2,0,1,0
2023,3,55044,0,2,0,1,0
2025,3,252000,0,2,0,1,0
2024,3,120000,100,2,0,1,0
2024,4,205100,0,2,0,1,0
2024,3,140000,0,2,0,1,0
2024,2,98300,0,2,0,1,0
2025,1,100000,0,2,0,1,0
2024,2,172000,0,2,0,1,0
2024,3,155000,0,2,0,1,0
2025,4,150000,0,2,0,1,0
2024,3,254000,0,2,0,1,0
2024,3,144000,0,2,0,1,0
2025,3,185000,0,3,0,1,0
2024,2,266400,0,2,0,1,0
2024,3,180000,100,2,0,1,0
2025,2,109250,0,2,0,1,0
2025,3,122900,0,2,0,1,0
2023,3,136000,0,2,0,1,0
2024,3,185000,100,2,0,1,0
2024,3,158000,0,2,0,1,0
2024,3,194000,0,2,0,1,0
2025,3,192000,100,2,0,1,0
2023,3,222200,0,3,0,1,0
2024,2,192300,0,2,0,1,0
2023,3,128000,0,2,0,1,0
2024,3,86000,0,2,0,1,0
2025,2,83300,0,2,0,1,0
2024,3,176800,100,2,0,1,0
2025,3,178500,100,2,0,1,0
2025,3,263000,0,2,0,1,0
2024,3,81978,100,2,0,1,0
2024,2,175100,0,2,0,1,0
2025,3,202800,0,3,0,1,0
2024,2,419750,0,2,0,1,0
2025,3,41684,0,2,0,1,0
2024,3,199500,0,2,0,1,0
2025,3,98358,0,2,0,1,0
2024,1,70000,0,2,0,1,0
2024,3,294000,0,2,0,1,0
2025,2,89672,0,2,0,1,0
2024,2,110200,100,2,0,1,0
2025,3,230000,0,2,0,1,0
2025,2,150000,0,2,0,1,0
2025,1,88000,0,2,0,1,0
2024,3,79000,0,2,0,1,0
2024,3,162866,0,2,0,1,0
2023,3,163200,0,2,0,1,0
2025,3,138900,0,2,0,1,0
2025,3,250800,0,2,0,1,0
2025,3,175100,100,2,0,1,0
2023,3,190000,100,2,0,1,0
2024,4,300000,100,2,0,1,0
2024,3,137600,0,2,0,1,0
2025,2,164530,100,2,0,1,0
2025,3,144200,0,2,0,1,0
2025,2,110000,0,2,0,1,0
2025,3,171700,0,2,0,1,0
2024,3,218500,0,2,0,1,0
2024,2,121900,0,2,0,1,0
2025,1,130000,0,2,0,1,0
2025,1,92000,0,2,0,1,0
2024,3,196650,0,2,0,1,0
2024,3,153300,0,2,0,1,0
2024,3,212606,100,2,0,1,0
2024,2,250000,0,2,0,1,0
2025,2,71428,0,2,0,1,0
2025,1,100600,0,2,0,1,0
2024,2,171000,0,2,0,1,0
2023,3,44051,0,2,0,1,0
2024,1,86520,0,2,0,1,0
2024,3,123318,0,2,0,1,0
2022,4,310000,100,2,0,1,0
2025,3,72000,0,2,0,1,0
2025,2,138000,0,2,0,1,0
2024,1,54000,0,2,0,1,0
2024,3,204000,0,2,0,1,0
2023,3,113900,0,2,0,1,0
2025,1,160000,0,2,0,1,0
2024,2,160000,100,2,0,1,0
2024,2,256500,0,2,0,1,0
2025,3,275264,0,2,0,1,0
2022,3,110000,0,2,0,1,0
2023,3,204500,0,2,0,1,0
2024,2,185000,100,2,0,1,0
2024,2,209748,0,2,0,1,0
2025,3,133650,100,2,0,1,0
2024,2,248920,0,2,0,1,0
2024,2,100000,0,2,0,1,0
2025,3,166000,0,2,0,1,0
2024,2,165000,0,2,0,1,0
2025,2,91100,100,2,0,1,0
2024,2,212800,0,3,0,1,0
2025,2,94700,0,2,0,1,0
2022,1,30469,100,2,0,0,0
2024,3,117000,0,2,0,1,0
2024,3,101000,100,2,0,1,0
2023,3,199200,0,2,0,1,0
2025,2,92290,0,2,0,1,0
2023,2,212000,0,2,0,1,0
2025,3,164000,0,2,0,1,0
2025,2,95500,0,2,0,1,0
2025,3,305000,0,2,0,1,0
2025,2,180800,0,2,0,1,0
2024,2,139400,0,2,0,1,0
2024,1,160000,0,2,0,1,0
2025,2,78000,0,2,0,1,0
2024,2,227240,0,2,0,1,0
2025,3,162600,0,2,0,1,0
2024,3,276000,0,2,0,1,0
2024,1,43888,0,2,0,1,0
2024,3,95000,0,2,0,1,0
2024,3,220900,0,2,0,1,0
2024,1,76560,0,2,0,1,0
2024,2,55000,100,2,0,1,0
2025,3,211500,100,2,0,1,0
2025,3,254000,0,2,0,1,0
2024,1,220984,0,2,0,1,0
2024,3,120000,0,2,0,1,0
2024,3,198739,0,2,0,1,0
2024,3,142600,0,2,0,1,0
2025,3,110000,100,2,0,1,0
2024,2,215000,0,2,0,1,0
2025,2,105000,0,2,0,1,0
2025,3,148300,0,2,0,1,0
2025,3,78400,100,2,0,1,0
2024,2,175000,0,2,0,1,0
2024,1,64000,0,2,0,1,0
2024,2,97097,0,2,0,1,0
2025,3,259600,0,2,0,1,0
2024,2,180000,0,2,0,1,0
2024,3,199500,0,2,0,1,0
2024,3,88848,100,2,0,1,0
2025,2,153000,100,2,0,1,0
2024,2,150000,0,2,0,1,0
2024,1,154700,0,2,0,1,0
2025,3,100000,0,2,0,1,0
2025,3,91000,0,2,0,1,0
2024,3,139800,0,2,0,1,0
2024,2,160000,0,2,0,1,0
2024,3,189110,0,2,0,1,0
2025,3,103450,0,2,0,1,0
2024,3,175000,0,2,0,1,0
2025,2,42000,0,2,0,1,0
2024,2,160000,0,2,0,1,0
2025,2,60700,0,2,0,1,0
2025,3,53936,0,2,0,1,0
2025,3,55162,0,2,0,1,0
2024,3,115800,0,2,0,1,0
2024,3,166000,0,2,0,1,0
2025,3,220000,0,2,0,1,0
2025,1,52531,0,2,0,0,0
2025,2,122500,0,2,0,1,0
2023,3,105000,0,2,0,1,0
2024,2,120000,100,2,0,1,0
2024,3,101100,100,2,0,1,0
2024,2,112114,0,2,0,1,0
2023,3,205600,100,2,0,1,0
2024,2,140000,0,2,0,1,0
2024,3,221000,0,2,0,1,0
2025,3,126650,0,2,0,1,0
2024,3,285000,0,2,0,1,0
2024,3,155000,0,2,0,1,0
2024,1,62900,0,2,0,1,0
2025,3,166000,0,2,0,1,0
2025,2,150000,0,2,0,1,0
2025,2,103000,0,2,0,1,0
2024,2,110000,0,2,0,1,0
2024,3,96000,0,2,0,1,0
2023,3,93300,0,2,0,1,0
2024,1,63000,0,2,0,1,0
2023,3,170000,100,2,0,1,0
2024,3,102200,100,2,0,1,0
2024,3,148000,0,2,0,1,0
2025,3,315775,0,2,0,1,0
2024,2,295000,0,2,0,1,0
2025,2,179374,0,2,0,1,0
2024,3,227600,0,2,0,1,0
2025,3,155000,0,2,0,1,0
2025,3,175392,0,2,0,1,0
2022,2,120000,0,2,0,1,0
2024,2,105000,0,2,0,1,0
2024,2,150000,0,2,0,1,0
2025,1,86650,0,2,0,1,0
2025,1,52631,0,2,0,1,0
2025,1,70000,0,2,0,1,0
2024,2,208800,0,2,0,1,0
2025,3,200000,100,2,0,1,0
2024,2,120000,0,2,0,1,0
2024,2,223000,0,2,0,1,0
2025,3,226000,0,2,0,1,0
2025,2,215000,0,2,0,1,0
2023,3,160000,0,2,0,1,0
2025,3,135000,0,2,0,1,0
2025,3,116600,0,2,0,1,0
2024,3,250200,0,2,0,1,0
2024,2,110000,0,2,0,1,0
2023,3,225000,0,2,0,1,0
2025,3,238520,0,2,0,1,0
2025,3,181000,0,2,0,1,0
2025,3,200000,100,2,0,1,0
2024,1,145440,0,2,0,1,0
2023,3,220000,0,2,0,1,0
2024,2,108463,0,2,0,1,0
2024,3,111000,0,2,0,1,0
2025,2,125000,0,2,0,1,0
2025,3,166000,0,2,0,1,0
2024,2,71500,0,2,0,1,0
2025,2,108362,0,2,0,0,1
2023,4,145000,0,2,0,1,0
2024,3,151770,0,2,0,1,0
2024,2,106890,0,2,0,1,0
2024,1,137000,0,2,0,1,0
2025,1,50400,100,2,0,1,0
2025,2,150000,0,2,0,1,0
2022,3,165000,100,2,0,1,0
2023,2,61699,100,3,0,1,0
2025,2,78500,0,2,0,1,0
2025,2,66300,100,2,0,1,0
2024,2,110900,100,2,0,1,0
2025,3,200000,0,2,0,0,1
2025,2,81100,100,2,0,1,0
2025,2,67600,100,2,0,1,0
2025,3,160000,100,2,0,1,0
2025,3,300000,0,2,0,1,0
2024,3,100000,0,2,0,1,0
2023,3,162000,100,2,0,1,0
2024,1,99000,0,2,0,1,0
2025,2,170000,100,2,0,1,0
2024,3,230000,0,2,0,1,0
2025,2,84000,0,2,0,1,0
2024,1,53000,0,2,0,1,0
2024,2,196075,0,2,0,1,0
2024,3,155100,100,2,0,1,0
2025,3,97000,0,2,0,1,0
2024,1,88800,0,2,0,1,0
2025,2,220000,0,2,0,1,0
2024,2,80000,0,2,0,1,0
2024,4,336001,100,2,0,1,0
2025,3,300000,100,2,0,1,0
2024,3,270000,0,2,0,1,0
2025,3,161600,100,2,0,1,0
2024,2,220000,100,2,0,1,0
2025,3,215900,100,2,0,1,0
2025,3,195903,100,2,0,1,0
2025,1,37549,0,2,0,1,0
2024,2,110000,0,2,0,1,0
2025,3,124486,0,2,0,1,0
2024,3,160000,0,2,0,1,0
2024,2,77760,0,2,0,1,0
2025,3,250200,0,2,0,1,0
2025,2,138000,0,2,0,1,0
2025,2,170000,100,2,0,1,0
2025,2,72360,0,2,0,1,0
2024,3,140000,100,2,0,1,0
2025,3,220000,0,2,0,1,0
2024,2,112500,0,2,0,1,0
2024,2,321000,100,2,0,1,0
2025,3,114700,0,2,0,1,0
2025,2,108000,0,2,0,1,0
2025,2,95000,0,2,0,1,0
2024,3,142900,0,2,0,1,0
2025,2,240000,0,2,0,1,0
2024,2,160000,0,2,0,1,0
2025,3,207000,0,2,0,1,0
2025,2,130000,0,2,0,1,0
2024,2,210000,100,2,0,1,0
2024,2,110718,100,2,0,1,0
2025,3,152000,0,2,0,1,0
2024,2,150500,0,2,0,1,0
2025,3,92500,0,2,0,1,0
2025,3,245000,0,2,0,1,0
2024,2,172000,0,2,0,1,0
2022,3,198800,0,2,0,1,0
2024,2,234300,0,2,0,1,0
2025,3,125714,0,2,0,1,0
2024,3,233000,0,2,0,1,0
2025,3,146000,0,2,0,1,0
2024,2,117000,0,2,0,1,0
2023,3,275000,0,2,0,1,0
2024,1,88888,0,2,0,1,0
2024,3,105700,0,2,0,1,0
2024,1,103000,0,2,0,1,0
2025,3,225000,0,2,0,1,0
2025,3,165000,0,2,0,1,0
2024,3,280400,0,2,0,1,0
2022,3,191200,0,2,0,1,0
2023,3,216100,0,2,0,1,0
2024,3,245900,100,2,0,1,0
2025,2,92000,0,2,0,1,0
2025,3,150000,0,2,0,1,0
2024,3,176700,0,2,0,1,0
2025,3,22800,0,2,0,1,0
2025,1,69120,0,2,0,1,0
2023,4,260000,100,2,0,1,0
2024,3,223000,100,2,0,1,0
2024,2,105000,0,2,0,1,0
2024,2,26666,0,3,0,1,0
2024,2,96750,0,2,0,1,0
2024,3,134000,0,2,0,1,0
2024,3,163000,0,2,0,1,0
2024,3,120000,0,2,0,1,0
2024,1,70000,0,2,0,1,0
2024,2,142800,100,2,0,1,0
2023,1,67672,0,2,0,1,0
2024,3,250800,0,2,0,1,0
2024,3,164000,100,2,0,1,0
2025,3,247300,100,2,0,1,0
2023,3,164000,0,2,0,1,0
2025,1,250000,0,2,0,1,0
2024,3,128000,100,2,0,0,1
2024,2,172400,0,2,0,1,0
2025,3,144200,0,2,0,1,0
2025,3,144200,0,2,0,1,0
2025,3,240240,100,2,0,1,0
2025,3,78947,0,2,0,1,0
2025,2,107120,0,2,0,1,0
2024,2,130000,0,2,0,1,0
2025,3,145000,0,2,0,1,0
2024,3,190000,0,2,0,1,0
2025,3,204900,0,2,0,1,0
2024,2,150000,0,2,0,1,0
2025,2,172600,0,3,0,1,0
2024,1,337250,0,2,0,1,0
2024,3,112320,0,2,0,1,0
2025,2,92000,0,2,0,1,0
2025,2,300000,100,2,0,1,0
2024,4,90000,100,2,0,1,0
2023,3,150600,100,2,0,1,0
2024,3,108500,100,2,0,1,0
2024,1,91062,0,2,0,1,0
2024,2,90000,0,2,0,1,0
2024,3,168000,0,2,0,1,0
2025,1,147400,0,2,0,1,0
2024,3,75600,0,2,0,1,0
2025,1,63000,0,2,0,1,0
2025,4,142250,0,2,0,1,0
2024,3,216000,0,2,0,1,0
2024,3,419750,0,2,0,1,0
2024,3,137000,0,2,0,1,0
2025,1,152760,0,2,0,1,0
2024,3,276000,0,2,0,1,0
2024,3,115000,100,2,0,1,0
2023,3,115000,100,2,0,1,0
2024,3,174700,0,2,0,1,0
2025,3,169237,0,2,0,1,0
2024,3,110000,100,2,0,1,0
2024,2,100000,100,2,0,1,0
2025,2,121000,0,2,0,1,0
2025,1,111632,0,2,0,1,0
2025,2,110000,0,2,0,1,0
2024,2,75000,0,2,0,1,0
2024,1,33500,0,2,0,1,0
2024,2,180200,0,2,0,1,0
2024,3,150800,0,2,0,1,0
2023,3,160000,0,2,0,1,0
2025,2,75000,0,2,0,1,0
2025,2,92000,0,2,0,1,0
2025,2,120000,0,2,0,1,0
2024,2,65600,0,2,0,1,0
2025,3,180000,0,2,0,1,0
2025,3,250000,0,2,0,1,0
2024,3,117000,0,2,0,1,0
2025,2,277100,0,2,0,1,0
2025,3,225000,0,2,0,1,0
2022,3,205300,0,3,0,1,0
2025,3,170038,100,2,0,1,0
2024,3,232000,100,2,0,1,0
2025,3,94736,100,2,0,1,0
2025,3,285000,0,2,0,1,0
2025,3,90000,0,2,0,1,0
2024,3,117200,0,2,0,1,0
2024,2,130000,0,2,0,1,0
2025,3,108000,0,2,0,1,0
2024,2,75600,0,2,0,1,0
2025,3,154000,0,2,0,1,0
2024,2,85800,0,2,0,1,0
2025,2,148000,0,2,0,1,0
2022,3,164996,0,2,0,1,0
2024,2,280000,0,2,0,1,0
2024,2,170000,0,2,0,1,0
2025,3,322784,0,2,0,1,0
2024,3,185000,0,2,0,1,0
2024,3,157550,100,2,0,1,0
2025,2,75949,0,2,0,1,0
2024,2,170000,0,2,0,1,0
2025,3,170000,0,2,0,1,0
2025,3,83600,0,2,0,1,0
2025,2,70000,0,2,0,1,0
2025,3,108000,0,2,0,1,0
2023,1,70000,0,2,0,1,0
2024,3,74240,100,2,0,1,0
2024,1,75000,0,2,0,1,0
2025,1,78735,0,2,0,1,0
2024,3,242000,0,2,0,1,0
2025,3,215000,100,2,0,1,0
2025,3,150000,0,2,0,1,0
2025,3,138000,0,2,0,1,0
2025,3,140000,0,2,0,1,0
2025,3,140000,0,2,0,1,0
2024,1,52500,0,2,0,1,0
2025,2,63291,0,2,0,1,0
2024,1,107600,0,2,0,1,0
2025,3,175800,0,2,0,1,0
2025,3,220000,0,2,0,1,0
2024,3,194000,100,2,0,1,0
2025,2,218010,100,2,0,1,0
2024,1,93800,0,2,0,1,0
2025,1,133260,100,2,0,1,0
2024,3,138000,0,2,0,1,0
2024,3,165100,0,2,0,1,0
2025,3,140000,0,2,0,1,0
2025,2,150280,0,2,0,1,0
2024,3,39375,0,2,0,1,0
2024,2,200000,0,2,0,1,0
2024,3,115000,0,2,0,1,0
2025,3,200000,0,2,0,1,0
2024,4,227500,100,2,0,1,0
2024,3,119200,100,2,0,1,0
2025,1,87614,0,2,0,1,0
2024,2,163600,100,2,0,1,0
2024,2,120000,0,2,0,1,0
2024,2,160520,100,2,0,1,0
2024,3,175000,100,2,0,1,0
2025,3,224000,0,2,0,1,0
2025,3,337250,0,2,0,1,0
2024,3,303400,100,2,0,1,0
2025,2,113000,0,2,0,1,0
2025,3,150000,0,2,0,1,0
2025,3,116696,0,2,0,1,0
2025,3,177000,100,2,0,1,0
2025,2,440000,0,2,0,1,0
2023,3,280000,0,2,0,1,0
2025,2,90000,0,2,0,1,0
2024,3,123400,0,2,0,1,0
2025,2,106000,0,2,0,1,0
2024,2,159066,100,2,0,1,0
2024,2,183600,0,2,0,1,0
2024,3,155000,100,2,0,1,0
2025,2,125000,0,2,0,1,0
2025,2,100000,100,2,0,1,0
2024,3,178000,0,2,0,1,0
2024,3,125800,0,2,0,1,0
2024,3,240000,0,2,0,1,0
2025,2,158200,100,2,0,1,0
2024,2,86555,0,2,0,1,0
2025,3,183000,0,2,0,1,0
2024,2,170112,0,2,0,1,0
2025,4,205000,0,2,0,1,0
2024,1,144400,100,2,0,1,0
2024,2,360000,0,2,0,1,0
2024,3,215000,0,2,0,1,0
2024,2,170300,0,2,0,1,0
2024,2,141450,0,2,0,1,0
2025,3,110000,100,2,0,1,0
2024,3,155000,0,2,0,1,0
2025,3,196000,0,2,0,1,0
2024,3,138000,0,2,0,1,0
2025,3,236000,0,2,0,1,0
2025,2,85000,0,2,0,1,0
2025,3,99759,0,2,0,1,0
2025,3,94490,0,2,0,1,0
2025,3,110000,100,2,0,1,0
2024,3,196000,0,2,0,1,0
2024,2,124800,0,2,0,1,0
2024,1,76500,0,2,0,1,0
2025,2,156130,0,2,0,1,0
2023,3,140000,0,2,0,1,0
2024,3,180000,0,2,0,1,0
2025,3,139900,0,2,0,1,0
2024,3,125000,100,2,0,1,0
2024,3,228800,0,2,0,1,0
2025,3,255000,100,2,0,1,0
2025,3,185000,100,2,0,1,0
2025,2,168700,100,2,0,1,0
2024,2,68000,0,2,0,1,0
2023,3,130000,100,2,0,1,0
2025,3,364320,0,2,0,1,0
2024,3,139000,0,2,0,1,0
2024,3,257600,0,2,0,1,0
2022,3,205000,100,2,0,1,0
2024,2,96600,0,2,0,1,0
2025,2,165000,0,2,0,1,0
2025,3,100000,0,2,0,1,0
2024,2,90000,0,2,0,0,1
2025,3,167500,100,2,0,1,0
2025,2,130700,0,2,0,1,0
2024,2,121500,0,2,0,1,0
2025,3,168700,100,2,0,1,0
2025,3,309000,0,2,0,1,0
2025,3,170000,0,2,0,1,0
2025,3,120000,0,2,0,1,0
2024,2,172000,0,2,0,1,0
2024,3,201250,0,2,0,1,0
2024,3,213480,0,2,0,1,0
2023,2,136000,0,2,0,1,0
2025,3,185000,0,2,0,1,0
2023,2,113000,100,2,0,1,0
2023,3,82673,100,2,0,1,0
2025,3,346500,0,2,0,1,0
2024,2,290180,100,2,0,1,0
2024,1,126100,0,2,0,1,0
2025,3,173700,100,2,0,1,0
2025,3,165600,0,2,0,1,0
2023,3,146600,0,2,0,1,0
2025,3,246800,0,2,0,1,0
2025,3,40287,0,2,0,1,0
2024,3,110000,100,2,0,1,0
2024,2,108000,100,2,0,1,0
2025,3,82720,0,2,0,1,0
2024,3,103800,100,2,0,1,0
2024,3,175000,0,2,0,1,0
2025,3,100000,0,2,0,1,0
2025,3,120000,100,2,0,1,0
2024,3,355000,0,2,0,1,0
2024,4,204500,0,2,0,1,0
2024,3,186846,0,2,0,1,0
2025,2,74935,0,2,0,1,0
2025,3,131500,100,2,0,1,0
2024,3,156100,100,2,0,1,0
2023,3,68637,100,2,0,1,0
2024,3,128300,0,2,0,1,0
2025,3,202730,100,2,0,1,0
2025,2,120000,0,2,0,1,0
2025,3,160000,0,2,0,1,0
2024,3,55200,0,2,0,1,0
2025,2,160000,100,2,0,1,0
2025,3,187300,0,2,0,1,0
2025,3,160000,100,2,0,1,0
2024,2,251000,0,2,0,1,0
2024,3,170760,0,2,0,1,0
2025,3,342000,100,2,0,1,0
2025,1,105700,0,2,0,1,0
2024,3,156000,0,2,0,1,0
2024,2,104100,100,2,0,1,0
2025,3,92000,0,2,0,1,0
2025,2,100000,0,2,0,1,0
2024,3,111000,0,2,0,1,0
2025,3,272300,0,2,0,1,0
2025,3,130000,0,2,0,1,0
2025,1,98875,0,2,0,1,0
2025,3,129620,0,2,0,1,0
2025,3,208000,0,2,0,1,0
2024,3,100000,0,2,0,1,0
2024,2,118900,0,3,0,1,0
2025,2,334600,0,2,0,1,0
2024,3,198000,0,2,0,1,0
2024,2,100000,0,2,0,1,0
2025,2,115000,0,2,0,1,0
2025,3,221000,0,2,0,1,0
2024,3,172500,0,2,0,1,0
2025,4,118680,0,2,0,1,0
2025,3,324000,0,2,0,1,0
2025,1,60000,0,2,0,1,0
2022,3,116000,0,2,0,1,0
2025,3,171500,100,2,0,1,0
2024,2,285000,100,2,0,1,0
2024,2,97300,0,2,0,1,0
2025,3,276400,0,2,0,1,0
2024,3,160000,100,2,0,1,0
2024,3,220900,100,2,0,1,0
2025,3,120000,100,2,0,1,0
2025,1,124600,0,2,0,1,0
2023,3,185000,0,2,0,1,0
2023,3,119213,100,2,0,1,0
2024,2,183600,0,2,0,1,0
2024,3,246000,0,2,0,1,0
2025,3,165360,0,2,0,1,0
2024,3,189620,100,2,0,1,0
2024,4,90000,0,2,0,1,0
2024,2,90000,0,2,0,1,0
2024,2,90000,0,2,0,1,0
2024,3,600000,0,2,0,1,0
2024,3,339250,0,2,0,1,0
2025,1,44303,0,2,0,1,0
2024,2,200200,0,2,0,1,0
2024,2,117500,0,2,0,1,0
2025,2,260600,0,2,0,1,0
2025,3,207000,100,2,0,1,0
2023,3,150000,100,2,0,1,0
2025,2,124000,100,2,0,1,0
2024,2,75500,0,2,0,1,0
2024,2,74600,0,2,0,1,0
2025,2,125000,0,2,0,1,0
2024,2,201400,0,2,0,1,0
2025,3,110000,0,2,0,1,0
2025,3,128500,0,2,0,1,0
2024,1,140000,0,2,0,1,0
2025,2,170000,100,2,0,1,0
2024,3,150000,0,2,0,1,0
2025,2,160000,0,2,0,1,0
2025,1,75000,100,2,0,1,0
2024,3,265000,100,2,0,1,0
2024,3,290180,100,2,0,1,0
2025,3,257600,0,2,0,1,0
2024,2,223600,0,3,0,1,0
2024,3,210000,0,2,0,1,0
2024,3,170000,100,2,0,1,0
2024,2,252000,0,2,0,1,0
2025,3,132200,0,2,0,1,0
2025,3,130000,0,2,0,1,0
2020,2,76958,100,1,0,1,0
2025,3,100000,0,2,0,1,0
2024,1,113700,0,2,0,1,0
2024,3,175600,0,2,0,1,0
2025,3,250000,0,2,0,1,0
2023,1,90000,0,2,0,1,0
2025,3,105000,0,2,0,1,0
2024,2,168700,0,2,0,1,0
2024,2,168000,0,2,0,1,0
2024,3,239040,0,2,0,1,0
2024,1,124000,0,2,0,1,0
2024,3,185100,0,2,0,1,0
2024,3,110000,0,2,0,1,0
2024,2,98000,0,2,0,1,0
2024,2,76800,100,2,0,1,0
2024,3,192000,0,2,0,1,0
2025,3,200000,100,2,0,1,0
2025,3,130400,0,2,0,1,0
2024,2,170000,0,2,0,1,0
2024,2,110000,100,2,0,1,0
2024,2,187982,0,2,0,1,0
2024,1,58300,0,2,0,1,0
2024,3,161200,0,2,0,1,0
2025,2,170000,0,2,0,1,0
2025,3,115000,100,2,0,1,0
2025,4,250000,0,2,0,1,0
2025,2,115600,100,2,0,1,0
2025,1,138000,100,2,0,0,0
2024,3,115000,0,2,0,1,0
2025,3,184000,0,2,0,1,0
2024,3,296000,0,2,0,1,0
2025,2,63000,0,2,0,1,0
2025,2,154000,0,2,0,1,0
2024,2,202000,0,2,0,1,0
2024,3,195000,100,2,0,1,0
2025,3,152737,0,2,0,1,0
2024,3,119076,100,2,0,1,0
2023,3,145000,0,2,0,1,0
2025,3,248400,0,2,0,1,0
2024,3,284000,0,2,0,1,0
2025,3,188000,100,2,0,1,0
2025,2,72000,0,2,0,1,0
2025,3,99100,0,2,0,1,0
2024,2,108600,0,2,0,1,0
2025,3,190600,100,2,0,1,0
2023,3,134500,0,3,0,1,0
2024,3,204000,0,2,0,1,0
2024,2,167500,0,2,0,1,0
2024,3,85469,100,2,0,1,0
2025,3,190000,100,2,0,1,0
2025,3,170000,0,2,0,1,0
2025,1,85000,0,2,0,1,0
2025,2,185000,100,2,0,1,0
2025,3,88100,0,2,0,1,0
2025,3,138500,0,2,0,1,0
2024,2,106345,100,2,0,1,0
2024,4,412500,0,2,0,1,0
2025,2,165680,0,2,0,1,0
2025,3,128000,0,2,0,1,0
2024,4,155000,0,2,0,1,0
2024,3,48750,0,2,0,0,1
2025,3,162000,0,2,0,1,0
2025,2,56962,0,2,0,1,0
2022,3,175000,0,2,0,1,0
2024,3,129000,100,2,0,1,0
2024,2,90480,100,2,0,1,0
2024,2,110261,0,2,0,1,0
2024,2,138900,0,2,0,1,0
2024,2,123696,0,2,0,1,0
2024,3,106371,0,2,0,1,0
2024,3,110000,0,2,0,1,0
2023,3,214000,0,2,0,1,0
2024,3,150000,100,2,0,1,0
2024,3,239000,100,2,0,1,0
2024,2,180000,100,2,0,1,0
2023,3,156400,100,2,0,1,0
2025,3,372400,100,2,0,1,0
2025,3,100000,100,2,0,1,0
2025,2,130000,0,2,0,1,0
2024,2,62500,0,2,0,1,0
2024,3,220000,0,2,0,1,0
2024,4,340000,0,2,0,1,0
2025,2,116300,0,2,0,1,0
2024,4,130000,0,2,0,1,0
2024,3,65000,0,2,0,1,0
2025,3,148000,0,2,0,1,0
2025,3,129100,100,2,0,1,0
2023,3,126000,100,2,0,1,0
2024,3,70000,100,2,0,1,0
2025,3,100000,0,2,0,1,0
2023,3,145000,0,2,0,1,0
2024,3,130100,0,2,0,1,0
2024,1,64000,100,2,0,1,0
2024,1,62000,0,2,0,1,0
2024,3,234000,0,3,0,1,0
2025,1,116000,0,2,0,1,0
2024,3,180000,0,2,0,1,0
2024,3,79154,100,2,0,1,0
2024,3,202198,0,2,0,1,0
2024,2,85750,0,2,0,1,0
2025,2,80457,100,2,0,1,0
2023,3,122600,0,2,0,1,0
2025,3,97000,0,2,0,1,0
2024,2,358000,0,2,0,1,0
2024,3,124000,0,2,0,1,0
2024,3,337250,0,2,0,1,0
2024,2,144000,0,2,0,1,0
2024,3,176000,0,2,0,1,0
2024,3,250200,0,2,0,1,0
2025,2,130000,100,2,0,1,0
2025,3,174000,0,2,0,1,0
2025,1,128377,0,2,0,1,0
2025,1,90000,0,2,0,1,0
2024,3,122000,0,2,0,1,0
2025,2,112000,0,2,0,1,0
2024,4,132500,0,2,0,1,0
2025,2,94936,0,2,0,1,0
2024,3,206000,0,2,0,1,0
2025,3,75000,0,2,0,1,0
2025,2,101600,0,2,0,1,0
2024,3,98250,0,2,0,1,0
2025,1,80000,0,2,0,1,0
2024,2,70000,100,2,0,1,0
2025,3,80000,0,2,0,1,0
2023,3,94000,100,2,0,1,0
2024,2,216200,0,2,0,1,0
2025,3,151300,0,3,0,1,0
2025,2,31578,0,2,0,1,0
2024,3,259000,0,2,0,1,0
2024,2,65000,0,2,0,1,0
2024,3,185000,0,2,0,1,0
2025,3,145400,100,2,0,1,0
2024,2,160000,0,2,0,1,0
2025,3,226900,0,2,0,1,0
2025,2,56962,0,2,0,1,0
2024,2,73700,0,2,0,1,0
2024,2,122544,0,2,0,1,0
2025,3,179200,0,2,0,1,0
2023,2,369120,0,2,0,1,0
2025,4,95000,0,2,0,1,0
2025,1,65000,0,2,0,1,0
2024,3,144000,0,2,0,1,0
2024,2,98300,0,2,0,1,0
2024,3,183456,0,2,0,1,0
2024,3,160000,0,2,0,1,0
2025,2,200000,0,2,0,1,0
2025,3,355000,0,2,0,1,0
2024,3,69800,0,2,0,1,0
2024,1,69230,0,2,0,1,0
2025,3,110000,100,2,0,1,0
2024,2,180000,100,2,0,1,0
2024,3,211000,0,2,0,1,0
2024,2,154000,100,2,0,1,0
2024,3,106666,0,2,0,1,0
2024,3,141990,0,2,0,1,0
2024,2,140400,100,2,0,1,0
2024,2,94300,0,2,0,1,0
2024,3,105100,0,2,0,1,0
2024,2,440000,0,2,0,1,0
2024,2,105400,0,2,0,1,0
2025,3,85300,100,2,0,1,0
2024,3,122000,0,2,0,1,0
2024,3,112000,0,2,0,1,0
2024,3,128656,0,2,0,1,0
2025,3,145000,0,2,0,1,0
2025,3,67368,0,2,0,1,0
2025,3,45595,0,2,0,1,0
2025,3,148000,0,2,0,1,0
2024,2,100000,0,2,0,1,0
2024,3,158500,0,2,0,1,0
2025,2,98300,0,2,0,1,0
2025,2,120000,0,2,0,1,0
2024,3,210000,0,2,0,1,0
2025,2,310000,100,2,0,1,0
2025,3,135000,0,2,0,1,0
2024,3,115000,0,2,0,1,0
2025,3,170000,0,2,0,1,0
2023,2,97750,100,2,0,1,0
2024,4,97600,0,2,0,1,0
2025,3,104300,0,2,0,1,0
2025,4,250000,100,2,0,1,0
2024,3,195000,100,2,0,1,0
2024,2,135000,100,2,0,1,0
2024,2,89700,100,2,0,1,0
2025,3,179550,0,2,0,1,0
2023,3,238530,0,2,0,1,0
2023,3,228000,0,2,0,1,0
2024,3,160000,100,2,0,1,0
2024,2,90500,0,2,0,1,0
2025,4,312350,0,2,0,1,0
2025,3,145000,100,2,0,1,0
2025,3,220700,0,2,0,1,0
2025,3,151400,0,2,0,1,0
2025,3,125000,0,2,0,1,0
2025,1,114700,0,2,0,1,0
2025,2,206900,0,2,0,1,0
2025,3,206000,0,2,0,1,0
2025,3,120000,100,2,0,1,0
2024,2,81250,0,2,0,1,0
2025,3,233800,0,2,0,1,0
2025,3,261000,0,2,0,1,0
2024,2,172000,0,2,0,1,0
2023,3,123040,0,2,0,1,0
2024,3,183552,100,2,0,1,0
2025,3,114080,0,2,0,1,0
2023,3,160000,0,2,0,1,0
2025,3,55578,0,2,0,1,0
2024,3,160000,0,2,0,1,0
2025,3,114000,0,2,0,1,0
2025,3,96500,0,2,0,1,0
2024,3,220067,100,2,0,1,0
2025,2,151034,0,2,0,1,0
2024,4,180000,0,2,0,1,0
2025,2,130000,0,2,0,1,0
2025,3,266000,0,2,0,1,0
2024,2,98000,0,2,0,1,0
2024,2,70000,0,2,0,1,0
2025,1,100000,0,2,0,1,0
2025,2,180200,0,2,0,1,0
2025,2,155000,100,2,0,1,0
2025,4,120000,0,2,0,1,0
2025,3,325000,0,2,0,1,0
2025,3,70000,100,2,0,1,0
2024,3,175000,0,2,0,1,0
2025,3,151200,0,2,0,1,0
2024,3,110000,0,2,0,1,0
2025,1,91200,0,3,0,1,0
2025,3,123933,100,2,0,1,0
2025,3,160000,100,2,0,1,0
2025,3,238520,0,2,0,1,0
2024,3,137600,0,2,0,1,0
2025,2,197730,0,2,0,1,0
2024,2,75600,0,2,0,1,0
2025,3,126300,100,2,0,1,0
2024,2,118000,0,2,0,1,0
2023,3,245100,0,2,0,1,0
2024,3,93700,0,2,0,1,0
2025,2,425000,0,2,0,1,0
2024,1,80000,0,2,0,1,0
2024,4,203800,0,2,0,1,0
2025,2,120000,0,2,0,1,0
2024,3,174200,0,2,0,1,0
2024,1,87500,0,2,0,1,0
2024,4,230000,0,2,0,1,0
2025,3,190000,0,2,0,1,0
2023,3,150000,0,2,0,1,0
2023,3,208450,100,2,0,1,0
2025,3,207720,100,2,0,1,0
2023,3,138900,0,2,0,1,0
2024,3,190000,0,2,0,1,0
2024,3,238600,0,2,0,1,0
2024,3,205800,0,2,0,1,0
2024,3,208800,0,2,0,1,0
2024,2,136000,0,3,0,1,0
2025,3,162073,0,2,0,1,0
2024,3,230000,100,2,0,1,0
2025,3,241700,0,2,0,1,0
2024,3,175800,0,2,0,1,0
2025,1,100000,0,2,0,1,0
2025,3,175000,0,2,0,1,0
2024,2,140000,0,2,0,1,0
2025,2,165600,0,3,0,1,0
2023,2,230000,0,2,0,1,0
2025,3,144000,0,2,0,1,0
2025,2,250000,0,2,0,1,0
2023,3,190000,0,2,0,1,0
2025,3,148000,0,2,0,1,0
2024,3,150400,0,3,0,1,0
2024,2,136000,0,3,0,1,0
2024,3,250000,0,2,0,1,0
2024,3,180000,0,2,0,1,0
2025,3,157000,0,2,0,1,0
2025,3,269500,0,2,0,1,0
2024,3,188500,0,2,0,1,0
2023,2,130400,0,2,0,1,0
2024,3,80317,0,2,0,1,0
2025,1,69300,0,2,0,1,0
2024,3,126600,0,2,0,1,0
2024,3,140000,0,2,0,1,0
2025,1,198250,0,2,0,1,0
2025,3,140000,0,2,0,1,0
2024,2,120000,0,2,0,1,0
2024,3,283850,100,2,0,1,0
2023,3,118100,100,2,0,1,0
2024,3,187920,0,2,0,1,0
2025,2,152142,0,2,0,1,0
2025,3,118000,0,2,0,1,0
2023,3,245100,0,2,0,1,0
2025,3,218500,0,2,0,1,0
2025,2,130000,100,2,0,1,0
2025,3,75949,0,2,0,1,0
2024,2,59000,0,2,0,1,0
2025,3,150000,0,2,0,1,0
2024,2,200200,0,2,0,1,0
2025,4,220000,0,2,0,1,0
2025,3,90000,0,2,0,1,0
2025,3,155000,100,2,0,1,0
2024,3,120000,0,2,0,1,0
2024,3,98076,100,2,0,1,0
2024,2,295000,0,2,0,1,0
2023,3,205000,0,2,0,1,0
2025,3,250000,0,2,0,1,0
2024,1,89186,100,2,0,1,0
2024,2,98000,0,2,0,1,0
2025,3,75600,0,2,0,1,0
2024,4,170000,0,2,0,1,0
2024,3,245000,100,2,0,1,0
2025,3,119200,0,2,0,1,0
2025,3,150000,0,2,0,1,0
2025,2,114750,0,2,0,1,0
2025,2,246000,0,2,0,1,0
2023,3,228830,0,2,0,1,0
2023,3,215000,100,2,0,1,0
2025,2,57894,0,2,0,1,0
2024,2,250000,0,2,0,1,0
2023,3,128750,0,2,0,1,0
2024,2,174000,0,2,0,1,0
2025,2,145800,0,2,0,1,0
2023,3,198000,100,2,0,1,0
2025,3,146700,100,2,0,1,0
2025,3,110000,0,2,0,1,0
2024,2,105000,0,2,0,1,0
2022,2,30523,100,3,0,1,0
2025,2,250000,0,2,0,1,0
2025,2,109780,100,2,0,1,0
2025,4,196000,0,2,0,1,0
2025,3,106200,0,2,0,1,0
2023,3,210000,0,2,0,1,0
2024,1,104800,0,2,0,1,0
2025,3,242000,0,2,0,1,0
2024,3,150000,100,2,0,1,0
2025,1,118000,0,2,0,1,0
2025,3,204300,0,3,0,1,0
2025,3,117864,0,2,0,1,0
2025,3,209000,0,2,0,1,0
2024,3,84600,0,2,0,1,0
2025,2,70000,0,2,0,1,0
2024,2,150000,100,2,0,1,0
2023,3,189000,100,2,0,1,0
2023,3,41027,0,2,0,1,0
2025,2,120000,0,2,0,1,0
2024,2,178300,0,2,0,1,0
2025,3,37974,0,2,0,1,0
2022,3,165000,100,2,0,1,0
2025,1,100000,0,2,0,1,0
2025,2,141000,0,2,0,1,0
2024,3,105000,0,2,0,1,0
2025,2,188760,0,2,0,1,0
2024,3,68750,0,2,0,1,0
2025,1,179240,0,2,0,1,0
2024,3,370300,0,2,0,1,0
2024,2,197312,0,2,0,1,0
2025,1,85000,0,2,0,1,0
2025,2,300000,0,2,0,1,0
2024,1,74100,0,3,0,1,0
2025,3,115000,0,2,0,1,0
2024,1,65750,0,2,0,1,0
2024,2,194750,0,2,0,1,0
2024,2,145000,0,2,0,1,0
2025,2,55124,0,2,0,1,0
2025,3,203500,0,2,0,1,0
2024,3,276000,100,2,0,1,0
2025,2,118160,0,2,0,1,0
2025,3,149000,0,2,0,1,0
2025,3,102200,0,2,0,1,0
2025,3,118800,0,2,0,1,0
2025,1,70000,0,2,0,1,0
2024,3,170112,0,2,0,1,0
2025,2,117000,0,2,0,1,0
2024,3,115000,0,2,0,1,0
2024,2,187040,0,2,0,1,0
2024,3,143706,100,2,0,1,0
2025,3,221063,100,2,0,1,0
2025,3,160000,100,2,0,1,0
2024,3,171000,0,2,0,1,0
2025,2,150000,0,2,0,1,0
2025,2,158000,0,2,0,1,0
2024,3,93023,100,2,0,1,0
2023,3,252000,0,2,0,1,0
2025,3,177600,0,2,0,1,0
2024,2,203350,0,2,0,1,0
2025,3,164500,0,2,0,1,0
2025,4,90000,0,2,0,1,0
2025,2,160000,100,2,0,1,0
2024,1,71000,0,2,0,1,0
2025,3,213000,0,2,0,1,0
2024,1,65000,0,2,0,1,0
2025,2,55530,0,2,0,1,0
2025,3,120000,0,3,0,1,0
2025,2,104800,0,2,0,1,0
2025,3,412937,0,2,0,1,0
2025,2,143000,0,2,0,1,0
2025,3,130400,0,2,0,1,0
2025,3,260000,0,3,0,1,0
2024,3,220000,100,2,0,1,0
2024,1,80000,100,2,0,1,0
2025,3,185000,0,2,0,1,0
2024,3,252000,0,2,0,1,0
2024,2,183000,100,2,0,1,0
2024,3,180000,0,2,0,1,0
2025,3,182070,0,2,0,1,0
2025,2,153925,0,2,0,1,0
2025,3,180000,0,2,0,1,0
2023,3,126000,0,2,0,1,0
2025,2,240240,0,2,0,1,0
2024,3,289400,100,2,0,1,0
2024,2,120000,100,2,0,1,0
2025,3,231400,0,3,0,1,0
2025,2,142400,0,2,0,1,0
2025,2,175000,0,2,0,1,0
2025,2,68421,0,2,0,1,0
2024,2,186846,0,2,0,1,0
2025,1,57000,0,2,0,1,0
2025,2,68640,0,2,0,1,0
2025,3,145600,0,2,0,1,0
2025,3,160000,100,2,0,1,0
2024,3,125000,0,2,0,1,0
2024,3,160000,100,2,0,1,0
2023,3,175000,100,2,0,1,0
2025,3,196900,0,2,0,1,0
2025,1,55604,0,2,0,1,0
2023,2,128167,0,2,0,1,0
2025,2,120100,0,2,0,1,0
2025,2,264000,0,2,0,1,0
2025,2,98300,0,2,0,1,0
2024,3,151600,0,2,0,1,0
2025,3,120000,100,2,0,1,0
2025,3,89000,100,2,0,1,0
2024,1,70000,0,2,0,1,0
2025,3,301200,0,2,0,1,0
2025,3,108050,0,2,0,1,0
2024,3,260850,0,2,0,1,0
2025,3,176534,100,2,0,1,0
2024,3,260000,0,2,0,1,0
2024,3,140000,100,2,0,1,0
2025,3,180000,0,2,0,1,0
2025,3,129000,0,2,0,1,0
2025,3,168560,0,2,0,1,0
2025,3,130000,0,2,0,1,0
2024,2,237500,0,2,0,1,0
2025,3,85800,0,2,0,1,0
2025,3,196000,0,2,0,1,0
2024,3,252900,0,2,0,1,0
2024,2,93500,100,2,0,1,0
2025,3,158000,0,2,0,1,0
2024,3,294000,0,2,0,1,0
2023,3,75000,0,2,0,1,0
2025,3,220680,100,2,0,1,0
2024,1,177777,0,2,0,1,0
2025,3,100000,100,2,0,1,0
2023,3,38868,0,2,0,1,0
2025,2,52800,0,2,0,1,0
2023,1,95000,0,2,0,1,0
2025,3,108100,0,2,0,1,0
2023,3,94000,0,2,0,1,0
2024,3,96000,100,2,0,1,0
2023,3,121809,100,2,0,1,0
2024,2,160000,0,2,0,1,0
2024,2,212780,0,2,0,1,0
2024,3,170000,0,2,0,1,0
2024,2,90000,0,2,0,1,0
2024,2,165500,0,2,0,1,0
2025,3,160000,0,2,0,1,0
2025,1,56962,0,2,0,1,0
2024,2,93000,100,2,0,1,0
2024,3,138000,100,2,0,1,0
2024,3,168300,0,2,0,1,0
2024,3,80845,0,2,0,1,0
2023,3,38868,0,2,0,1,0
2025,3,175900,0,2,0,1,0
2024,3,96600,0,2,0,1,0
2024,3,177100,0,2,0,1,0
2024,1,120000,0,2,0,1,0
2024,2,127500,0,2,0,1,0
2024,2,203000,0,2,0,1,0
2023,2,58400,0,2,0,1,0
2024,3,70400,0,2,0,1,0
2025,3,100000,0,2,0,1,0
2025,3,120000,0,2,0,0,0
2024,1,39500,0,2,0,1,0
2025,3,364320,0,2,0,1,0
2023,3,155000,0,2,0,1,0
2023,3,194595,0,2,0,1,0
2024,3,175800,0,2,0,1,0
2024,3,125000,0,2,0,1,0
2025,1,125400,0,2,0,1,0
2025,2,65000,0,2,0,1,0
2024,1,95680,0,3,0,1,0
2024,3,94000,0,2,0,1,0
2025,3,425500,0,2,0,1,0
2024,3,135000,0,2,0,1,0
2024,3,90000,0,2,0,1,0
2025,3,142000,0,2,0,1,0
2024,2,122000,100,2,0,1,0
2025,2,47055,0,2,0,1,0
2025,3,188885,0,2,0,1,0
2025,2,168000,0,2,0,1,0
2025,3,72000,0,2,0,1,0
2024,3,152000,0,2,0,1,0
2025,2,137000,100,2,0,1,0
2024,2,177000,0,2,0,1,0
2024,3,237600,0,2,0,1,0
2024,3,260000,0,3,0,1,0
2024,2,164492,0,2,0,1,0
2024,2,115000,0,2,0,1,0
2024,1,56200,0,2,0,1,0
2025,3,130000,0,2,0,1,0
2024,2,103977,0,2,0,1,0
2025,3,250200,0,2,0,1,0
2025,3,136000,100,2,0,1,0
2023,2,142200,0,2,0,1,0
2024,3,297000,0,2,0,1,0
2024,2,65449,0,2,0,1,0
2024,1,75000,0,2,0,1,0
2025,3,234000,0,2,0,1,0
2024,2,56000,100,2,0,1,0
2024,3,75600,0,2,0,1,0
2021,1,225000,100,3,0,1,0
2025,3,117887,0,2,0,1,0
2024,3,101500,0,2,0,1,0
2025,2,112500,0,2,0,1,0
2024,3,166600,0,2,0,1,0
2024,2,139500,0,2,0,1,0
2024,2,52900,0,2,0,1,0
2025,3,280000,0,2,0,1,0
2025,3,198000,100,2,0,1,0
2025,1,98648,0,2,0,1,0
2025,3,250000,0,2,0,1,0
2023,2,86128,0,2,0,1,0
2024,2,47500,0,2,0,1,0
2024,3,112000,0,2,0,1,0
2023,3,68550,0,2,0,1,0
2023,2,204500,0,2,0,1,0
2025,3,224000,100,2,0,1,0
2025,3,93800,0,2,0,1,0
2024,2,174175,0,2,0,1,0
2024,2,200000,0,2,0,1,0
2023,3,150000,100,2,0,1,0
2025,2,47368,0,2,0,1,0
2024,3,185000,0,2,0,1,0
2024,2,74984,0,2,0,1,0
2025,2,108900,0,2,0,1,0
2024,3,170760,0,2,0,1,0
2024,3,156160,0,2,0,1,0
2025,3,130023,0,2,0,1,0
2025,2,128200,100,2,0,1,0
2024,3,184300,0,2,0,1,0
2024,3,150000,100,2,0,1,0
2024,3,129960,0,2,0,1,0
2025,3,300000,0,2,0,1,0
2025,2,142500,0,2,0,1,0
2025,2,150000,0,2,0,1,0
2025,3,119401,0,2,0,1,0
2024,2,215000,0,2,0,1,0
2025,3,218160,0,2,0,1,0
2024,3,177900,0,2,0,1,0
2025,3,160000,100,2,0,1,0
2025,3,76400,0,2,0,1,0
2025,3,126000,0,2,0,1,0
2024,3,250000,0,2,0,1,0
2024,3,252000,0,2,0,1,0
2025,3,110000,0,2,0,1,0
2025,3,180000,0,2,0,1,0
2024,3,267905,100,2,0,1,0
2025,3,225000,0,2,0,1,0
2025,3,123700,100,2,0,1,0
2024,2,205500,0,2,0,1,0
2024,1,180700,0,2,0,1,0
2025,3,190800,0,2,0,1,0
2024,2,179000,0,2,0,1,0
2025,3,122100,0,2,0,1,0
2025,3,281000,0,2,0,1,0
2024,3,219000,0,2,0,1,0
2025,1,46000,0,2,0,1,0
2024,3,148500,0,2,0,1,0
2024,3,130000,0,2,0,1,0
2024,3,210000,0,2,0,1,0
2024,3,206333,0,2,0,1,0
2025,3,73684,0,2,0,1,0
2024,3,339250,0,2,0,1,0
2024,3,146000,0,2,0,1,0
2025,3,135000,0,2,0,1,0
2025,2,128300,0,2,0,1,0
2024,3,218400,100,2,0,1,0
2025,3,64500,0,2,0,1,0
2024,2,129500,100,2,0,1,0
2025,3,110000,100,2,0,1,0
2024,3,152000,0,2,0,1,0
2024,3,170700,0,2,0,1,0
2023,3,122000,0,2,0,1,0
2025,3,129300,0,3,0,1,0
2024,2,85000,0,2,0,1,0
2025,2,88607,0,2,0,1,0
2025,3,145209,0,2,0,1,0
2024,2,106500,0,2,0,1,0
2025,2,158500,0,2,0,1,0
2022,2,120000,0,2,0,1,0
2025,2,180000,0,2,0,1,0
2025,3,259200,0,2,0,1,0
2025,3,90000,0,2,0,1,0
2024,2,140000,0,2,0,1,0
2024,2,75000,100,2,0,1,0
2024,2,69300,0,2,0,1,0
2025,3,117000,0,2,0,1,0
2024,3,125000,0,2,0,1,0
2024,3,210000,0,2,0,1,0
2025,3,142896,0,2,0,1,0
2025,3,89500,100,2,0,1,0
2023,3,204000,0,2,0,1,0
2025,3,167200,0,2,0,1,0
2025,2,88607,0,2,0,1,0
2024,2,177100,0,2,0,1,0
2024,3,184300,0,2,0,1,0
2023,3,240000,0,2,0,1,0
2024,3,220060,0,2,0,1,0
2024,3,176446,0,2,0,1,0
2024,2,158200,0,2,0,1,0
2024,3,206000,0,2,0,1,0
2024,1,143000,0,3,0,1,0
2024,3,150000,100,2,0,1,0
2025,3,106000,0,2,0,1,0
2024,3,206700,0,2,0,1,0
2024,3,160000,100,2,0,1,0
2023,3,77000,0,2,0,1,0
2023,3,234000,0,2,0,1,0
2025,3,158100,100,2,0,1,0
2025,3,153000,0,2,0,1,0
2024,3,130920,0,2,0,1,0
2025,3,229772,0,2,0,1,0
2024,2,82764,0,2,0,1,0
2024,3,130000,0,2,0,1,0
2024,1,116059,0,2,0,1,0
2025,3,184000,0,2,0,1,0
2024,1,109100,0,2,0,1,0
2024,2,108000,100,2,0,1,0
2025,2,75600,0,2,0,1,0
2024,1,75000,0,2,0,1,0
2025,3,84500,0,2,0,1,0
2025,3,202000,0,2,0,1,0
2024,3,194000,0,2,0,1,0
2024,2,70000,0,2,0,1,0
2024,3,216000,0,2,0,1,0
2024,3,140000,100,2,0,1,0
2024,2,67700,0,2,0,1,0
2025,3,180000,0,2,0,1,0
2024,3,126500,100,2,0,1,0
2025,2,126100,0,2,0,1,0
2025,2,149000,0,2,0,1,0
2024,3,199400,100,2,0,1,0
2020,3,114047,100,1,0,1,0
2024,2,139000,0,2,0,1,0
2024,4,62500,0,2,0,1,0
2025,3,99100,0,2,0,1,0
2025,1,49816,0,2,0,0,1
2024,3,220000,0,2,0,1,0
2024,3,147000,0,2,0,1,0
2024,3,94000,0,2,0,1,0
2024,3,227900,0,2,0,1,0
2024,4,142500,0,2,0,1,0
2025,3,147000,0,2,0,1,0
2024,2,102350,0,2,0,1,0
2024,3,138500,0,2,0,1,0
2023,1,72000,100,2,0,1,0
2025,3,200000,100,2,0,1,0
2025,1,59231,0,2,0,1,0
2025,3,75000,0,2,0,1,0
2025,1,70000,0,2,0,1,0
2025,3,193400,0,2,0,1,0
2024,2,85000,0,2,0,1,0
2025,3,110000,0,2,0,1,0
2024,1,51250,0,2,0,1,0
2024,3,162150,0,2,0,1,0
2025,3,119875,0,2,0,1,0
2025,4,356000,0,2,0,1,0
2023,3,148750,0,2,0,1,0
2025,3,190000,100,2,0,1,0
2025,3,138260,0,2,0,1,0
2024,2,136000,0,2,0,1,0
2023,2,95000,0,2,0,1,0
2024,3,127600,0,2,0,1,0
2025,3,44000,0,2,0,1,0
2025,3,220000,0,2,0,1,0
2024,2,172000,100,2,0,1,0
2024,3,210900,0,2,0,1,0
2025,2,216000,0,2,0,1,0
2025,2,87000,100,2,0,1,0
2025,3,42105,0,2,0,1,0
2025,1,52531,0,2,0,1,0
2024,3,130000,0,2,0,1,0
2025,2,108200,0,2,0,1,0
2024,3,130425,0,2,0,1,0
2024,3,123520,100,2,0,1,0
2024,3,278000,0,2,0,1,0
2025,3,221700,0,2,0,1,0
2023,2,52500,0,2,0,1,0
2024,1,205000,0,2,0,1,0
2023,2,73824,0,2,0,1,0
2025,2,60600,0,2,0,1,0
2025,2,45569,0,2,0,1,0
2025,2,214500,100,2,0,1,0
2023,3,225000,0,2,0,1,0
2024,3,140100,0,2,0,1,0
2024,3,103000,0,2,0,1,0
2023,2,110000,0,2,0,1,0
2025,3,220000,0,2,0,1,0
2025,1,72000,0,2,0,1,0
2022,3,120000,0,2,0,1,0
2025,3,120000,0,2,0,1,0
2024,1,40000,0,2,0,1,0
2025,2,126000,0,2,0,1,0
2025,3,200000,0,2,0,1,0
2025,3,145000,100,2,0,1,0
2024,3,150000,100,2,0,1,0
2025,4,180000,0,2,0,1,0
2024,3,269640,100,2,0,1,0
2025,3,100000,100,2,0,1,0
2025,3,104000,0,2,0,1,0
2023,2,83000,100,2,0,1,0
2024,3,184920,0,2,0,1,0
2024,2,79800,0,2,0,1,0
2024,3,143000,0,2,0,1,0
2023,3,159000,0,2,0,1,0
2024,3,172000,0,2,0,1,0
2025,3,135000,0,2,0,1,0
2025,2,67161,0,2,0,1,0
2024,3,188640,0,2,0,1,0
2023,3,160000,100,2,0,1,0
2025,3,221950,0,2,0,1,0
2025,2,101265,0,2,0,1,0
2025,2,107100,0,2,0,1,0
2025,2,143000,0,2,0,1,0
2024,3,250200,0,2,0,1,0
2024,2,223600,0,3,0,1,0
2025,4,261500,0,2,0,1,0
2025,2,118900,0,3,0,1,0
2025,3,195000,0,2,0,1,0
2025,3,181000,0,2,0,1,0
2024,3,163000,0,2,0,1,0
2023,3,145000,100,2,0,1,0
2025,2,147500,0,2,0,1,0
2025,2,150000,0,2,0,1,0
2025,3,145000,0,2,0,1,0
2024,2,172000,0,2,0,1,0
2023,3,204600,0,2,0,1,0
2025,1,102600,0,2,0,1,0
2025,3,139100,0,3,0,1,0
2022,3,130000,100,3,0,1,0
2025,3,131500,100,2,0,1,0
2024,1,95000,0,2,0,1,0
2024,3,225000,0,2,0,1,0
2024,3,200000,0,2,0,1,0
2025,2,53214,0,2,0,1,0
2023,3,213210,100,2,0,1,0
2025,3,223500,100,2,0,1,0
2023,3,113750,0,2,0,1,0
2025,2,165600,0,3,0,1,0
2025,3,240300,0,2,0,1,0
2024,2,96600,0,2,0,1,0
2025,3,405000,0,2,0,1,0
2025,1,117900,100,2,0,1,0
2025,2,355000,0,2,0,1,0
2024,3,210000,0,2,0,1,0
2024,3,214280,0,2,0,1,0
2023,3,80000,100,2,0,1,0
2024,3,180000,0,2,0,1,0
2024,1,98040,0,2,0,1,0
2024,2,195000,100,2,0,1,0
2025,2,71300,0,2,0,1,0
2024,3,92300,0,2,0,1,0
2025,2,253000,0,2,0,1,0
2025,3,150000,100,2,0,1,0
2024,2,117000,0,2,0,1,0
2025,2,87700,100,2,0,1,0
2024,2,67700,0,2,0,1,0
2025,3,167200,0,2,0,1,0
2024,2,110000,0,2,0,1,0
2024,3,247500,100,2,0,1,0
2025,3,99000,100,2,0,1,0
2025,3,150000,100,2,0,1,0
2025,1,84000,0,2,0,1,0
2024,3,270000,0,2,0,1,0
2025,3,240300,0,2,0,1,0
2024,3,131400,0,2,0,1,0
2025,3,130500,0,2,0,1,0
2025,3,247300,0,2,0,1,0
2024,2,214500,0,2,0,1,0
2025,2,37725,0,2,0,1,0
2024,3,227800,0,2,0,1,0
2024,3,64900,0,2,0,1,0
2025,2,153925,0,2,0,1,0
2025,3,82160,0,2,0,1,0
2024,3,134000,0,2,0,1,0
2025,3,150000,100,2,0,1,0
2024,2,100000,0,2,0,1,0
2024,3,135000,100,2,0,1,0
2025,2,171500,0,2,0,1,0
2024,3,362000,0,2,0,1,0
2025,3,270000,100,2,0,1,0
2021,3,99703,50,2,0,1,0
2025,3,125000,0,2,0,1,0
2023,3,156400,0,2,0,1,0
2024,3,120000,0,2,0,1,0
2025,4,164556,0,2,0,1,0
2025,3,141750,0,2,0,1,0
2025,2,276100,0,2,0,1,0
2025,2,94905,0,2,0,1,0
2024,4,167000,0,2,0,1,0
2025,3,124300,0,2,0,1,0
2025,1,185000,0,3,0,1,0
2024,1,70000,0,2,0,1,0
2025,3,145000,0,2,0,1,0
2024,3,251000,0,2,0,1,0
2024,3,212000,0,2,0,0,1
2024,1,435000,0,2,0,1,0
2024,3,115000,0,2,0,1,0
2025,3,154000,0,2,0,1,0
2024,2,57800,100,2,0,1,0
2024,3,169200,0,2,0,1,0
2025,2,151440,0,2,0,1,0
2025,3,230000,0,2,0,1,0
2024,2,159250,0,2,0,1,0
2025,2,240000,0,2,0,1,0
2025,2,94500,0,2,0,1,0
2025,2,68421,0,2,0,1,0
2024,3,174518,0,2,0,1,0
2023,1,132600,100,2,0,1,0
2024,2,130000,0,2,0,1,0
2024,3,200000,100,2,0,1,0
2022,3,129300,0,2,0,1,0
2024,3,142320,0,2,0,1,0
2025,3,150000,100,2,0,1,0
2024,2,129400,0,3,0,1,0
2024,2,150000,0,2,0,1,0
2024,2,208800,0,2,0,1,0
2025,2,95000,100,2,0,1,0
2025,2,84807,0,2,0,1,0
2025,3,194600,0,2,0,1,0
2024,3,108100,0,2,0,1,0
2024,1,136510,0,2,0,1,0
2025,3,99000,0,2,0,1,0
2024,3,190000,0,2,0,1,0
2024,3,242000,0,2,0,1,0
2024,3,118000,100,2,0,1,0
2025,2,80842,0,2,0,1,0
2024,2,64000,100,2,0,1,0
2024,3,196000,100,2,0,1,0
2025,2,130000,100,2,0,1,0
2023,1,130760,0,3,0,1,0
2023,3,170045,0,2,0,1,0
2024,2,56281,0,2,0,1,0
2024,3,214000,0,2,0,1,0
2024,3,145620,0,2,0,1,0
2024,3,105000,0,2,0,1,0
2024,3,149000,0,2,0,1,0
2025,3,175000,0,2,0,1,0
2025,2,156700,0,2,0,1,0
2025,3,148014,0,2,0,1,0
2025,2,240800,0,2,0,1,0
2024,2,92600,100,2,0,1,0
2025,3,214000,0,2,0,1,0
2025,3,73632,100,2,0,1,0
2025,3,180000,0,2,0,1,0
2024,2,146100,0,2,0,1,0
2025,2,245000,0,2,0,1,0
2024,3,190000,0,2,0,1,0
2024,2,75000,0,2,0,1,0
2025,3,177800,100,2,0,1,0
2025,3,120000,100,2,0,1,0
2024,3,170760,0,2,0,1,0
2025,2,141217,0,2,0,1,0
2024,2,135000,0,2,0,1,0
2025,2,170038,100,2,0,1,0
2025,2,117300,0,2,0,1,0
2024,2,89500,0,2,0,1,0
2024,2,146100,0,2,0,1,0
2025,3,376000,0,2,0,1,0
2024,2,185000,100,2,0,1,0
2024,3,265324,0,2,0,1,0
2025,2,141600,0,2,0,1,0
2024,1,187415,0,2,0,1,0
2024,3,294000,0,2,0,1,0
2024,3,264200,0,2,0,1,0
2024,1,114080,0,2,0,1,0
2025,3,79113,100,2,0,1,0
2024,3,164600,0,2,0,1,0
2024,3,216700,100,2,0,1,0
2025,3,125760,0,2,0,1,0
2024,3,134500,100,2,0,1,0
2025,2,150177,0,2,0,1,0
2025,2,98000,0,2,0,1,0
2025,1,131250,0,2,0,1,0
2024,2,141200,0,2,0,1,0
2025,2,145000,0,2,0,1,0
2024,3,228790,0,2,0,1,0
2025,3,129300,0,3,0,1,0
2025,2,162000,100,2,0,1,0
2025,3,90000,0,2,0,1,0
2025,2,89769,0,2,0,1,0
2024,4,170000,0,2,0,1,0
2024,1,65000,0,2,0,1,0
2025,3,233500,0,2,0,1,0
2025,2,141960,100,2,0,1,0
2024,2,149000,0,2,0,1,0
2024,3,175000,0,2,0,1,0
2024,2,80000,100,2,0,1,0
2025,3,260000,0,2,0,1,0
2024,3,210000,0,2,0,1,0
2024,3,97300,0,2,0,1,0
2025,3,244000,0,2,0,1,0
2025,3,200000,0,2,0,1,0
2024,3,239080,0,2,0,1,0
2024,2,127000,0,2,0,1,0
2024,2,113928,0,2,0,1,0
2024,3,225000,0,2,0,1,0
2025,3,250000,0,2,0,1,0
2024,3,240200,100,2,0,1,0
2024,3,282200,0,2,0,1,0
2025,3,190900,0,2,0,1,0
2024,1,57000,0,2,0,1,0
2023,3,212800,0,3,0,1,0
2025,3,188760,0,2,0,1,0
2024,3,55555,100,2,0,1,0
2024,3,244000,0,2,0,1,0
2025,2,153800,100,2,0,1,0
2023,3,175000,100,2,0,1,0
2025,1,187000,0,2,0,1,0
2025,2,117500,0,2,0,1,0
2023,3,241300,0,3,0,1,0
2023,3,75000,100,2,0,1,0
2025,3,180000,0,2,0,1,0
2024,2,140712,0,2,0,1,0
2024,2,180000,0,2,0,1,0
2025,2,325000,0,2,0,1,0
2025,3,160000,100,2,0,1,0
2024,3,150000,0,2,0,1,0
2025,3,199980,0,2,0,1,0
2025,1,18644,0,2,0,1,0
2025,3,208000,0,2,0,1,0
2022,3,160080,100,2,0,1,0
2025,3,158960,100,2,0,1,0
2024,3,94000,0,2,0,1,0
2025,2,104000,0,2,0,1,0
2025,3,166600,0,2,0,1,0
2025,3,189000,0,2,0,1,0
2024,2,260000,0,3,0,1,0
2024,2,184300,0,2,0,1,0
2025,3,235000,100,2,0,1,0
2025,2,200000,0,2,0,1,0
2025,3,103100,0,2,0,1,0
2024,2,250000,100,2,0,1,0
2024,1,83300,0,2,0,1,0
2024,3,149200,0,2,0,1,0
2025,3,152400,0,2,0,1,0
2024,3,160000,100,2,0,1,0
2025,2,97000,0,2,0,1,0
2025,3,106080,0,2,0,1,0
2024,4,90000,100,2,0,1,0
2024,2,135000,0,2,0,1,0
2025,2,230000,100,2,0,1,0
2025,3,165360,0,2,0,1,0
2025,2,113100,0,2,0,1,0
2022,3,205300,0,2,0,1,0
2024,3,202500,0,2,0,1,0
2024,3,214500,0,2,0,1,0
2025,3,125000,0,2,0,1,0
2024,3,250000,0,2,0,1,0
2024,3,120000,0,2,0,1,0
2025,3,110050,0,2,0,1,0
2024,3,187040,0,2,0,1,0
2025,2,100000,0,2,0,1,0
2025,2,120000,0,2,0,1,0
2024,3,94200,0,2,0,1,0
2024,1,56000,0,2,0,1,0
2025,4,113840,0,2,0,1,0
2024,3,133600,0,2,0,1,0
2024,1,80000,0,2,0,1,0
2023,2,220000,0,2,0,1,0
2025,3,356500,0,2,0,1,0
2024,1,136000,0,2,0,1,0
2024,3,135000,0,2,0,1,0
2025,3,129639,100,2,0,1,0
2025,3,174000,100,2,0,1,0
2024,1,80000,0,2,0,1,0
2025,3,124200,0,2,0,1,0
2024,1,129960,100,2,0,1,0
2022,3,130000,0,2,0,1,0
2025,2,290000,100,2,0,1,0
2025,2,129300,0,3,0,1,0
2025,2,195000,0,2,0,1,0
2025,3,182400,0,2,0,1,0
2025,2,165000,100,2,0,1,0
2024,2,208800,0,2,0,1,0
2025,1,66000,0,2,0,1,0
2023,3,184000,100,2,0,1,0
2025,3,200000,0,2,0,1,0
2024,2,123136,0,2,0,1,0
2025,3,118500,100,2,0,1,0
2024,3,96000,100,2,0,1,0
2025,3,245000,0,2,0,1,0
2024,3,79800,0,2,0,1,0
2023,3,120000,0,2,0,1,0
2025,1,75000,0,2,0,1,0
2025,3,121000,0,2,0,1,0
2024,3,283800,0,2,0,1,0
2024,2,250600,0,2,0,1,0
2023,2,160000,100,2,0,1,0
2025,2,70000,0,2,0,1,0
2024,3,179000,0,2,0,1,0
2024,1,113400,0,2,0,1,0
2024,2,67700,0,2,0,1,0
2025,3,95700,100,2,0,1,0
2024,3,120000,100,2,0,1,0
2025,2,78000,0,2,0,1,0
2024,2,160000,0,2,0,1,0
2024,1,137750,0,2,0,1,0
2025,3,190000,0,2,0,1,0
2024,2,73100,0,2,0,1,0
2024,2,69690,0,2,0,1,0
2024,3,126500,0,2,0,1,0
2024,4,220000,100,2,0,1,0
2024,3,299000,0,2,0,1,0
2025,3,500000,0,2,0,1,0
2025,3,150000,100,2,0,1,0
2024,2,107200,0,2,0,1,0
2025,3,216000,0,2,0,1,0
2025,2,150700,0,2,0,1,0
2024,3,125000,0,2,0,1,0
2025,2,84900,0,2,0,1,0
2024,1,85000,0,2,0,1,0
2024,3,155550,0,2,0,1,0
2024,4,245400,0,2,0,1,0
2024,3,230000,0,2,0,1,0
2025,3,170000,100,2,0,1,0
2024,3,115920,0,2,0,1,0
2025,3,141670,100,2,0,1,0
2024,1,90000,0,2,0,1,0
2025,1,193000,0,2,0,1,0
2025,4,220000,100,2,0,1,0
2024,3,137600,0,2,0,1,0
2024,3,234500,0,2,0,1,0
2024,3,170000,0,2,0,1,0
2025,3,263760,0,2,0,1,0
2025,2,132250,0,2,0,1,0
2024,1,142300,0,2,0,1,0
2025,1,31645,0,2,0,1,0
2024,3,139900,0,2,0,1,0
2024,3,256500,0,2,0,1,0
2025,2,185100,0,2,0,1,0
2024,2,117500,100,2,0,1,0
2022,3,220110,100,2,0,1,0
2022,3,73546,0,2,0,1,0
2025,2,40881,0,2,0,1,0
2024,3,209720,100,2,0,1,0
2025,3,147000,0,2,0,1,0
2023,3,260000,0,2,0,1,0
2022,2,57872,50,2,0,1,0
2025,3,101600,100,2,0,1,0
2024,3,127000,0,2,0,1,0
2023,3,100000,0,2,0,1,0
2025,2,203000,0,2,0,1,0
2025,2,185495,0,2,0,1,0
2024,2,155000,100,2,0,1,0
2025,2,202000,0,2,0,1,0
2025,3,212800,0,3,0,1,0
2024,3,210000,100,2,0,1,0
2024,3,296000,0,2,0,1,0
2024,2,117900,0,2,0,1,0
2025,1,89000,0,2,0,1,0
2023,3,219100,0,2,0,1,0
2024,2,71727,0,2,0,1,0
2024,1,212400,0,2,0,1,0
2025,3,277000,0,2,0,1,0
2025,1,75360,0,2,0,1,0
2025,3,160000,0,2,0,1,0
2025,3,101265,0,2,0,1,0
2024,3,160000,100,2,0,1,0
2024,3,138000,0,2,0,1,0
2024,2,115000,0,2,0,1,0
2024,3,160000,100,2,0,1,0
2024,2,164000,0,2,0,1,0
2025,3,313000,0,2,0,1,0
2025,3,301200,0,2,0,1,0
2025,3,160600,100,2,0,1,0
2025,3,115000,100,2,0,1,0
2024,3,80000,100,2,0,1,0
2025,1,55225,100,2,0,1,0
2025,3,720000,100,2,0,1,0
2025,3,128119,0,2,0,1,0
2024,1,125000,0,2,0,1,0
2024,2,68750,0,2,0,1,0
2024,3,253000,0,2,0,1,0
2024,3,217558,0,2,0,1,0
2024,3,130000,0,2,0,1,0
2025,1,85000,0,2,0,1,0
2024,3,115000,0,2,0,1,0
2024,2,134275,100,2,0,1,0
2025,3,176500,0,2,0,1,0
2025,3,223400,0,3,0,1,0
2023,3,169000,0,2,0,1,0
2024,3,276000,0,2,0,1,0
2025,3,71761,0,2,0,1,0
2024,3,95000,0,2,0,1,0
2024,3,62500,0,2,0,1,0
2025,2,60000,0,2,0,1,0
2024,3,250200,0,2,0,1,0
2025,2,56250,0,2,0,1,0
2025,3,270000,0,2,0,1,0
2023,3,84800,0,2,0,1,0
2025,3,165600,0,2,0,1,0
2025,3,182600,100,2,0,1,0
2024,3,145000,0,2,0,1,0
2024,3,158680,0,2,0,1,0
2025,3,161000,0,2,0,1,0
2025,2,99336,0,2,0,1,0
2024,3,96000,0,2,0,1,0
2024,3,95000,100,2,0,1,0
2025,2,185000,100,2,0,1,0
2025,3,121180,0,2,0,1,0
2025,3,214200,0,2,0,1,0
2024,3,150000,0,2,0,1,0
2025,3,100000,100,2,0,1,0
2025,3,189750,0,2,0,1,0
2024,2,315000,0,2,0,1,0
2024,2,133900,0,2,0,1,0
2025,1,150000,0,2,0,1,0
2024,2,145000,0,2,0,1,0
2025,2,172000,0,2,0,1,0
2024,3,209800,100,2,0,1,0
2025,1,68000,0,2,0,1,0
2024,1,95000,0,2,0,1,0
2025,3,280000,0,2,0,1,0
2024,2,110000,0,2,0,1,0
2022,3,192600,100,2,0,1,0
2025,3,187000,100,2,0,1,0
2024,3,233840,0,2,0,1,0
2024,1,95520,0,2,0,1,0
2025,3,117200,100,2,0,1,0
2024,3,231500,0,2,0,1,0
2024,3,70000,0,2,0,1,0
2024,3,136197,0,2,0,1,0
2025,2,33684,0,2,0,1,0
2025,2,110000,0,2,0,1,0
2024,3,148500,0,2,0,1,0
2024,3,96600,0,2,0,1,0
2025,3,115000,0,2,0,1,0
2023,2,310000,0,2,0,1,0
2024,3,135400,0,2,0,1,0
2025,2,75789,0,2,0,1,0
2025,3,130000,0,2,0,1,0
2024,2,145000,0,2,0,1,0
2024,2,410000,0,2,0,1,0
2025,3,102400,0,2,0,1,0
2025,2,79000,0,2,0,0,1
2024,1,60400,0,2,0,1,0
2024,1,125000,100,2,0,1,0
2025,3,89000,0,2,0,1,0
2024,3,179000,0,2,0,1,0
2024,3,138000,0,2,0,1,0
2024,3,118200,0,2,0,1,0
2025,1,62045,0,2,0,1,0
2024,2,137439,0,2,0,1,0
2025,3,88157,0,2,0,1,0
2025,3,141000,0,2,0,1,0
2024,3,214000,0,2,0,1,0
2025,2,180000,0,2,0,1,0
2023,4,162288,0,2,0,1,0
2022,3,125000,0,2,0,1,0
2024,2,95000,0,2,0,1,0
2025,2,40000,0,2,0,1,0
2024,3,219200,0,2,0,1,0
2025,2,120000,0,2,0,1,0
2023,3,216000,100,2,0,1,0
2024,2,154500,0,2,0,1,0
2024,3,250200,0,2,0,1,0
2024,3,136800,0,2,0,1,0
2025,3,271100,100,2,0,1,0
2025,1,60000,0,2,0,1,0
2025,2,107000,0,2,0,1,0
2024,3,195600,100,2,0,1,0
2025,3,156900,0,2,0,1,0
2024,3,113840,0,2,0,1,0
2025,3,290000,0,2,0,1,0
2024,3,117000,0,2,0,1,0
2025,3,102000,0,2,0,1,0
2025,3,218500,0,2,0,1,0
2025,2,90000,0,2,0,1,0
2024,3,75000,0,2,0,1,0
2024,2,33333,50,2,0,1,0
2025,3,85300,100,2,0,1,0
2025,3,129036,0,2,0,1,0
2025,3,204000,0,2,0,1,0
2025,3,131100,100,2,0,1,0
2025,1,86600,0,2,0,1,0
2025,3,220000,0,2,0,1,0
2024,3,194000,0,2,0,1,0
2025,3,233800,0,2,0,1,0
2024,2,225000,0,2,0,1,0
2025,3,276000,0,2,0,1,0
2025,2,86000,0,2,0,1,0
2025,3,107000,0,2,0,1,0
2024,3,160000,0,2,0,1,0
2021,2,150000,100,2,0,1,0
2024,2,150000,0,2,0,1,0
2025,3,175000,100,2,0,1,0
2024,1,31250,0,2,0,1,0
2024,4,260000,100,2,0,1,0
2025,2,179240,0,2,0,1,0
2024,3,116000,0,2,0,1,0
2024,1,96000,100,2,0,1,0
2025,3,165000,0,2,0,1,0
2025,4,176428,0,2,0,1,0
2024,2,98000,100,3,0,1,0
2024,2,230000,0,2,0,1,0
2025,3,201300,0,2,0,1,0
2024,3,143000,0,2,0,1,0
2025,3,219200,0,2,0,1,0
2025,2,178100,0,2,0,1,0
2025,3,140000,0,2,0,1,0
2024,3,96000,0,2,0,1,0
2024,3,199000,100,2,0,1,0
2024,3,206456,0,2,0,1,0
2024,3,168000,0,2,0,1,0
2025,1,130000,100,2,0,1,0
2025,3,178890,100,2,0,1,0
2025,3,310500,0,2,0,1,0
2024,2,60000,0,2,0,1,0
2025,2,139800,0,2,0,1,0
2025,3,120000,0,2,0,1,0
2024,2,510000,0,2,0,1,0
2024,1,37500,0,2,0,1,0
2025,1,129450,0,2,0,1,0
2024,3,160000,100,2,0,1,0
2024,1,59200,0,2,0,1,0
2023,3,140000,0,2,0,1,0
2025,3,237000,100,2,0,1,0
2024,2,161000,0,2,0,1,0
2024,2,320000,0,2,0,1,0
2025,3,108000,0,2,0,1,0
2024,3,118100,0,2,0,1,0
2025,1,140000,100,2,0,1,0
2024,1,70000,0,2,0,1,0
2024,2,170000,0,2,0,1,0
2024,1,33500,0,2,0,1,0
2024,3,134000,0,2,0,1,0
2024,1,138000,0,2,0,1,0
2025,2,130000,0,2,0,1,0
2024,3,92800,0,2,0,1,0
2024,2,76923,0,2,0,1,0
2025,2,85850,0,2,0,1,0
2025,3,137600,0,2,0,1,0
2025,1,100000,0,2,0,1,0
2025,3,100000,100,2,0,1,0
2024,3,75000,0,2,0,1,0
2025,3,184000,0,2,0,1,0
2024,3,177100,0,2,0,1,0
2025,3,135040,0,2,0,1,0
2025,3,238160,0,2,0,1,0
2025,3,168000,0,2,0,1,0
2024,3,110000,100,2,0,1,0
2025,4,135000,100,2,0,1,0
2024,4,225000,0,2,0,1,0
2024,2,89000,0,2,0,1,0
2024,3,213000,0,2,0,1,0
2025,2,75600,0,2,0,1,0
2025,2,219300,0,2,0,1,0
2025,3,180000,0,2,0,1,0
2024,3,150000,0,2,0,1,0
2025,3,100000,0,2,0,1,0
2025,3,425500,0,2,0,1,0
2025,2,175400,0,2,0,1,0
2025,3,93581,0,2,0,1,0
2025,3,40900,100,2,0,1,0
2024,3,254400,0,2,0,1,0
2025,2,115000,0,2,0,1,0
2024,2,238000,0,2,0,1,0
2025,3,171000,0,2,0,1,0
2024,3,91520,0,2,0,1,0
2025,3,231400,0,3,0,1,0
2024,2,186360,0,2,0,1,0
2024,3,82100,0,2,0,1,0
2024,3,96200,0,2,0,1,0
2024,3,117000,0,2,0,1,0
2024,3,125000,0,2,0,1,0
2023,2,128000,0,2,0,1,0
2025,3,126100,0,2,0,1,0
2025,1,75000,0,2,0,1,0
2025,2,96012,0,2,0,1,0
2025,2,135000,100,2,0,1,0
2024,2,124000,0,2,0,1,0
2025,3,171000,0,2,0,1,0
2022,3,175000,0,2,0,1,0
2024,3,150895,0,2,0,1,0
2024,2,64574,0,2,0,1,0
2025,2,115000,0,2,0,1,0
2025,3,150000,0,2,0,1,0
2025,3,264200,0,2,0,1,0
2025,3,359900,0,2,0,1,0
2023,3,272550,0,2,0,1,0
2024,2,108600,100,2,0,1,0
2025,3,264500,0,2,0,1,0
2024,3,149000,0,2,0,1,0
2024,3,220000,0,2,0,1,0
2024,3,161600,0,2,0,1,0
2025,1,77370,0,2,0,1,0
2024,3,130100,0,2,0,1,0
2025,3,319000,0,2,0,1,0
2025,3,42000,100,2,0,1,0
2024,3,127000,0,2,0,1,0
2024,2,143100,0,2,0,1,0
2024,3,132400,0,2,0,1,0
2024,1,64000,0,2,0,1,0
2023,1,85000,0,2,0,1,0
2025,3,85000,0,2,0,1,0
2025,2,102900,0,2,0,1,0
2024,3,77101,0,2,0,1,0
2025,3,500000,0,2,0,1,0
2025,3,169700,0,2,0,1,0
2024,1,55555,0,2,0,1,0
2025,1,42000,0,2,0,1,0
2023,3,136000,0,3,0,1,0
2024,2,216000,0,2,0,1,0
2025,3,190000,100,2,0,1,0
2025,3,255000,0,2,0,1,0
2025,2,113571,0,2,0,1,0
2025,3,180000,0,2,0,1,0
2024,2,101109,0,2,0,1,0
2024,2,127000,0,2,0,1,0
2024,3,90000,0,2,0,1,0
2023,3,203000,0,2,0,1,0
2025,3,150000,0,2,0,1,0
2023,3,129000,0,2,0,1,0
2024,3,123200,0,2,0,1,0
2024,2,340000,0,2,0,1,0
2025,1,90000,0,2,0,1,0
2023,1,36000,100,2,0,1,0
2025,2,150000,0,2,0,1,0
2024,2,129200,0,2,0,1,0
2024,4,222400,0,2,0,1,0
2024,3,129935,0,2,0,1,0
2025,3,279500,0,2,0,1,0
2025,2,145000,0,2,0,1,0
2024,3,90000,0,2,0,1,0
2025,1,91200,0,2,0,1,0
2024,2,60000,100,2,0,1,0
2024,3,96600,0,2,0,1,0
2025,3,140000,0,2,0,1,0
2025,3,290500,0,2,0,1,0
2024,3,166000,0,2,0,1,0
2024,2,175600,0,2,0,1,0
2025,1,64350,0,2,0,1,0
2024,3,43750,0,2,0,0,1
2024,3,224000,0,2,0,1,0
2025,3,111000,0,2,0,1,0
2025,1,60300,0,2,0,1,0
2024,3,294000,0,2,0,1,0
2024,3,145000,0,2,0,1,0
2025,3,143000,0,2,0,1,0
2024,3,350000,0,2,0,1,0
2024,2,360000,0,2,0,1,0
2024,3,200000,100,2,0,1,0
2024,1,73000,100,2,0,1,0
2024,3,177688,0,2,0,1,0
2023,3,129000,0,2,0,1,0
2025,2,124000,100,2,0,1,0
2025,3,257600,0,2,0,1,0
2024,2,132000,0,2,0,1,0
2025,2,152600,0,2,0,1,0
2025,2,120000,100,2,0,1,0
2024,1,48000,0,2,0,1,0
2025,3,180000,100,2,0,1,0
2025,2,100000,0,2,0,1,0
2024,3,210000,0,2,0,1,0
2024,3,316900,0,2,0,1,0
2024,2,95500,100,2,0,1,0
2025,2,131000,0,2,0,1,0
2024,3,82783,0,2,0,1,0
2024,1,124700,0,2,0,1,0
2025,3,116500,0,2,0,1,0
2025,1,68162,0,2,0,1,0
2025,2,170000,100,2,0,1,0
2024,3,225600,0,2,0,1,0
2025,3,126582,0,2,0,1,0
2024,3,122304,0,2,0,1,0
2024,2,106700,0,2,0,1,0
2023,3,166500,0,2,0,1,0
2024,3,75600,0,2,0,1,0
2024,3,110000,100,2,0,1,0
2025,3,132911,0,2,0,1,0
2023,3,185000,0,2,0,1,0
2025,2,169000,0,2,0,1,0
2024,3,209000,0,2,0,1,0
2024,3,160000,0,2,0,1,0
2024,1,86210,0,2,0,1,0
2024,2,168000,100,3,0,1,0
2024,3,285000,0,2,0,1,0
2025,2,231250,0,2,0,1,0
2025,1,87200,0,2,0,1,0
2024,3,149000,100,2,0,1,0
2024,3,117000,0,2,0,1,0
2024,3,117300,0,3,0,1,0
2025,2,100000,100,2,0,1,0
2022,3,100000,100,2,0,1,0
2025,3,158000,0,2,0,1,0
2025,3,145000,0,2,0,1,0
2025,2,150700,0,2,0,1,0
2024,3,86666,0,2,0,1,0
2024,3,333000,0,2,0,1,0
2024,1,80000,0,2,0,1,0
2024,3,136500,0,2,0,1,0
2025,1,42105,0,2,0,1,0
2025,3,109700,100,2,0,1,0
2025,2,82911,0,2,0,1,0
2025,3,164500,0,2,0,1,0
2024,3,147700,100,2,0,1,0
2025,1,63008,0,2,0,1,0
2024,3,110000,100,2,0,1,0
2025,3,160000,100,2,0,1,0
2024,3,135000,100,2,0,1,0
2024,2,75000,100,2,0,1,0
2024,1,115000,0,2,0,1,0
2025,3,120800,0,2,0,1,0
2024,3,215000,0,2,0,1,0
2024,2,98300,0,2,0,1,0
2025,3,154400,0,2,0,1,0
2025,2,100000,0,2,0,1,0
2024,1,78300,0,2,0,1,0
2024,3,112000,0,2,0,1,0
2024,2,60300,0,2,0,1,0
2024,2,370000,0,2,0,1,0
2025,2,242000,0,2,0,1,0
2025,1,144000,0,2,0,1,0
2024,2,222200,0,3,0,1,0
2024,2,140000,0,2,0,1,0
2025,3,241500,100,2,0,1,0
2024,3,121900,0,2,0,1,0
2024,2,220000,0,2,0,1,0
2025,1,140700,0,2,0,1,0
2024,2,150000,0,2,0,1,0
2024,3,138800,0,2,0,1,0
2025,3,168900,0,2,0,1,0
2025,1,52275,0,2,0,1,0
2025,3,97870,0,2,0,1,0
2024,1,40370,0,2,0,1,0
2024,2,234300,0,2,0,1,0
2025,2,144000,0,2,0,1,0
2024,2,150000,0,2,0,1,0
2020,2,115000,0,3,0,1,0
2025,3,212750,0,2,0,1,0
2024,3,264200,0,2,0,1,0
2025,3,178000,100,2,0,1,0
2025,3,207000,0,2,0,1,0
2025,3,175800,0,2,0,1,0
2024,3,160000,100,2,0,1,0
2024,3,90408,100,2,0,1,0
2025,3,186961,0,2,0,1,0
2025,3,200000,100,2,0,1,0
2023,3,183500,100,2,0,1,0
2025,2,37500,0,2,0,1,0
2024,2,160000,0,2,0,1,0
2024,3,215000,0,2,0,1,0
2024,2,93700,0,2,0,1,0
2024,2,230000,0,2,0,1,0
2025,2,120000,0,2,0,1,0
2025,3,100000,0,2,0,1,0
2024,3,250000,0,2,0,1,0
2025,2,154000,0,2,0,1,0
2025,1,116400,0,2,0,1,0
2025,3,137600,0,2,0,1,0
2025,3,200000,0,2,0,1,0
2025,3,220000,0,2,0,1,0
2023,3,185000,0,2,0,1,0
2024,2,160000,0,2,0,1,0
2025,2,189000,0,2,0,1,0
2025,3,250000,100,2,0,1,0
2025,2,223000,0,2,0,1,0
2024,3,103000,0,2,0,1,0
2024,3,65300,0,2,0,1,0
2025,2,75000,0,2,0,1,0
2025,1,96750,0,2,0,1,0
2024,3,146000,0,2,0,1,0
2025,3,121652,0,2,0,1,0
2025,3,143000,0,2,0,1,0
2025,3,225400,0,2,0,1,0
2024,3,282200,0,2,0,1,0
2023,3,178000,100,2,0,1,0
2020,1,91000,100,3,0,1,0
2024,3,151400,0,2,0,1,0
2025,3,185600,100,2,0,1,0
2024,3,176000,0,2,0,1,0
2024,3,81200,0,2,0,1,0
2024,3,87500,0,2,0,1,0
2024,3,101000,100,2,0,1,0
2025,3,230000,0,2,0,1,0
2021,3,63831,50,3,0,1,0
2024,3,160000,100,2,0,1,0
2024,3,186200,0,2,0,1,0
2025,3,96000,0,2,0,1,0
2023,2,140000,0,2,0,1,0
2024,2,25000,100,2,0,1,0
2025,1,75000,0,2,0,1,0
2024,2,120000,0,2,0,1,0
2024,2,55000,0,2,0,1,0
2024,3,187200,0,2,0,1,0
2025,3,72000,0,2,0,1,0
2024,2,158000,0,2,0,1,0
2025,2,250000,0,2,0,1,0
2025,1,135000,0,2,0,1,0
2024,2,70000,0,2,0,1,0
2024,2,199500,0,2,0,1,0
2025,3,265080,0,2,0,1,0
2023,3,258000,0,2,0,1,0
2024,3,175000,100,2,0,1,0
2024,3,129000,0,2,0,1,0
2025,2,230000,0,2,0,1,0
2024,1,168326,0,2,0,1,0
2024,3,175800,0,2,0,1,0
2025,3,150000,0,2,0,1,0
2024,3,180000,0,2,0,1,0
2022,3,130000,100,2,0,1,0
2024,3,419750,0,2,0,1,0
2024,3,245300,0,2,0,1,0
2024,2,189745,0,2,0,1,0
2025,2,109500,0,2,0,1,0
2025,3,110000,100,2,0,1,0
2024,1,80000,0,2,0,1,0
2025,2,63157,0,2,0,1,0
2025,1,135000,0,2,0,1,0
2025,3,285000,0,2,0,1,0
2025,2,121400,100,2,0,1,0
2024,3,151500,0,2,0,1,0
2025,1,102186,0,2,0,1,0
2024,1,112000,0,2,0,1,0
2024,2,59110,0,2,0,1,0
2023,3,74178,0,2,0,1,0
2024,3,79800,100,2,0,1,0
2025,2,143200,0,2,0,1,0
2024,2,84600,0,2,0,1,0
2025,3,138320,0,2,0,1,0
2025,2,70000,0,2,0,1,0
2025,3,158000,0,2,0,1,0
2024,3,90000,0,2,0,1,0
2025,2,95600,0,2,0,1,0
2025,3,160000,100,2,0,1,0
2025,1,72100,0,2,0,1,0
2025,3,137000,0,2,0,1,0
2025,2,108826,0,2,0,1,0
2024,1,137000,0,2,0,1,0
2025,3,180650,0,2,0,1,0
2025,3,267100,100,2,0,1,0
2025,3,151388,0,2,0,1,0
2025,3,100000,100,2,0,1,0
2025,3,101500,0,2,0,1,0
2025,3,222480,100,2,0,1,0
2025,2,122000,0,2,0,1,0
2024,2,180000,0,2,0,1,0
2024,3,272000,0,2,0,1,0
2025,2,160000,0,2,0,1,0
2024,3,300000,100,2,0,1,0
2024,2,106500,0,2,0,1,0
2024,3,110000,0,2,0,1,0
2024,3,132000,0,2,0,1,0
2024,3,138500,100,2,0,1,0
2025,3,240000,0,2,0,1,0
2025,3,96600,0,2,0,1,0
2023,3,120000,0,2,0,1,0
2025,3,90710,0,2,0,1,0
2025,2,113000,0,2,0,1,0
2025,3,113850,0,2,0,1,0
2025,2,50632,0,2,0,1,0
2024,2,61250,0,2,0,1,0
2025,3,175800,0,2,0,1,0
2024,2,85000,0,2,0,1,0
2024,2,149500,100,2,0,1,0
2024,3,350000,0,2,0,1,0
2024,3,258750,0,2,0,1,0
2025,3,159000,0,2,0,1,0
2025,3,120000,0,2,0,1,0
2024,3,125000,100,2,0,1,0
2025,3,138000,100,2,0,1,0
2025,3,122250,0,2,0,1,0
2025,3,100000,0,2,0,1,0
2025,3,170000,0,2,0,1,0
2025,3,197000,100,2,0,1,0
2024,3,161200,0,2,0,1,0
2025,3,202500,100,2,0,1,0
2024,3,219200,0,2,0,1,0
2024,3,364100,0,2,0,1,0
2024,3,300000,0,2,0,1,0
2024,3,122000,0,2,0,1,0
2024,3,188750,0,2,0,1,0
2025,1,209150,100,2,0,1,0
2024,3,250600,0,2,0,1,0
2025,2,120000,100,2,0,1,0
2023,3,150000,0,2,0,1,0
2025,2,96310,0,2,0,1,0
2025,3,260000,0,2,0,1,0
2024,1,168889,0,2,0,1,0
2025,3,303900,100,2,0,1,0
2025,2,425000,0,2,0,1,0
2025,2,100000,0,2,0,1,0
2024,2,279400,0,2,0,1,0
2025,2,100000,0,2,0,1,0
2025,2,155000,0,2,0,1,0
2025,3,190000,0,2,0,1,0
2025,2,104000,0,3,0,1,0
2024,2,125000,0,2,0,1,0
2025,3,126100,0,2,0,1,0
2025,2,160000,0,2,0,1,0
2024,3,180000,0,2,0,1,0
2025,3,132000,0,2,0,1,0
2024,3,75000,0,2,0,1,0
2025,3,200000,0,2,0,1,0
2024,1,141840,0,2,0,1,0
2022,3,165000,50,1,0,1,0
2025,3,287600,0,2,0,1,0
2025,3,180500,0,2,0,1,0
2025,3,257600,0,2,0,1,0
2022,2,76814,100,2,0,1,0
2025,3,110000,100,2,0,1,0
2024,3,250200,0,2,0,1,0
2025,3,141500,0,2,0,1,0
2025,3,170760,0,2,0,1,0
2024,2,197000,0,2,0,1,0
2025,3,126582,0,2,0,1,0
2024,3,100000,0,2,0,1,0
2024,2,210000,0,2,0,1,0
2025,3,282000,0,2,0,1,0
2024,2,159600,0,2,0,1,0
2022,3,300000,0,2,0,1,0
2024,3,105100,0,2,0,1,0
2025,2,76500,100,2,0,1,0
2024,3,236000,100,2,0,1,0
2025,4,96960,0,2,0,1,0
2024,1,105000,0,2,0,1,0
2025,2,114000,0,2,0,1,0
2024,3,190000,100,2,0,1,0
2024,2,239000,0,2,0,1,0
2025,2,85000,100,2,0,1,0
2024,2,202000,0,2,0,1,0
2024,3,250200,0,2,0,1,0
2024,3,237500,0,2,0,1,0
2025,3,71500,0,2,0,1,0
2025,3,232000,0,2,0,1,0
2025,2,152600,0,2,0,1,0
2025,4,300000,100,2,0,1,0
2023,3,139700,0,2,0,1,0
2025,3,123700,100,2,0,1,0
2025,2,171000,0,2,0,1,0
2024,2,190000,100,2,0,1,0
2025,2,193400,0,2,0,1,0
2024,3,243500,0,2,0,1,0
2025,3,249000,0,2,0,1,0
2025,3,110000,0,2,0,1,0
2025,3,155000,0,2,0,1,0
2025,3,226800,0,2,0,1,0
2025,2,164530,100,2,0,1,0
2025,2,78800,0,2,0,1,0
2024,3,43750,0,2,0,1,0
2023,3,145000,0,2,0,1,0
2025,3,125760,0,2,0,1,0
2025,4,175000,0,2,0,1,0
2024,2,80000,0,2,0,1,0
2025,3,172600,0,3,0,1,0
2024,3,270000,0,2,0,1,0
2025,3,107000,0,2,0,1,0
2024,3,280000,0,2,0,1,0
2023,4,80000,0,2,0,1,0
2025,3,128571,0,2,0,1,0
2025,2,150000,0,2,0,1,0
2024,3,160000,100,2,0,1,0
2025,3,143320,0,2,0,1,0
2025,3,140000,0,2,0,1,0
2024,2,122100,100,2,0,1,0
2025,3,251600,0,2,0,1,0
2024,3,120000,0,2,0,1,0
2025,2,75000,100,2,0,1,0
2023,4,329500,0,2,0,1,0
2025,3,179000,0,2,0,1,0
2025,3,105200,0,3,0,1,0
2025,3,150000,100,2,0,1,0
2025,3,150000,0,2,0,1,0
2024,1,67824,0,2,0,1,0
2022,3,175000,100,2,0,1,0
2024,3,130000,0,2,0,1,0
2025,3,105860,100,2,0,1,0
2024,2,82600,0,2,0,1,0
2024,2,208800,0,2,0,1,0
2025,3,127000,0,2,0,1,0
2024,3,277000,0,2,0,1,0
2023,2,128000,0,2,0,1,0
2024,3,98168,0,2,0,1,0
2025,2,120000,0,2,0,1,0
2025,4,165600,0,3,0,1,0
2025,3,132000,0,2,0,1,0
2025,3,119800,0,2,0,1,0
2024,2,48500,0,2,0,1,0
2025,2,60400,0,2,0,1,0
2024,2,205000,0,2,0,1,0
2024,1,219100,0,2,0,1,0
2024,2,179075,0,2,0,1,0
2024,3,337000,0,2,0,1,0
2024,2,90000,100,2,0,1,0
2022,3,159200,100,3,0,1,0
2024,3,255500,0,2,0,1,0
2025,2,135000,0,2,0,1,0
2025,3,209100,100,2,0,1,0
2024,3,198000,0,2,0,1,0
2024,2,47500,0,3,0,1,0
2024,1,81075,0,2,0,1,0
2025,3,111000,100,2,0,1,0
2024,2,179000,0,2,0,1,0
2025,3,125000,0,2,0,1,0
2024,3,255000,0,2,0,1,0
2024,2,170000,100,2,0,1,0
2024,3,201000,0,2,0,1,0
2024,2,74900,100,2,0,1,0
2025,3,89285,100,2,0,1,0
2023,2,300000,0,2,0,1,0
2023,3,160000,100,3,0,1,0
2024,3,264500,100,2,0,1,0
2025,3,184000,0,2,0,1,0
2024,3,103400,100,2,0,1,0
2025,3,193000,0,2,0,1,0
2024,2,135000,0,2,0,1,0
2024,4,120000,0,2,0,1,0
2024,3,150000,0,2,0,1,0
2025,3,211000,100,2,0,1,0
2024,3,152152,100,2,0,1,0
2025,3,99000,0,2,0,1,0
2024,1,133500,100,2,0,1,0
2023,3,142200,0,2,0,1,0
2025,1,157000,0,2,0,1,0
2025,3,220000,0,2,0,1,0
2025,2,212000,0,2,0,1,0
2024,3,93300,0,2,0,1,0
2024,3,77000,100,2,0,1,0
2025,2,295000,100,2,0,1,0
2025,2,140000,0,2,0,1,0
2025,2,130000,0,2,0,1,0
2025,2,90000,0,2,0,1,0
2024,1,144000,100,2,0,1,0
2024,3,281700,0,2,0,1,0
2023,2,155000,0,2,0,1,0
2024,4,183400,0,2,0,1,0
2024,3,117300,0,3,0,1,0
2024,3,200000,0,2,0,1,0
2024,3,136800,0,2,0,1,0
2024,4,100000,0,2,0,1,0
2023,3,185000,0,2,0,1,0
2024,1,300000,0,2,0,1,0
2025,2,130000,0,2,0,1,0
2022,3,144000,0,2,0,1,0
2025,1,85800,0,2,0,1,0
2024,3,145000,100,2,0,1,0
2025,3,175000,0,2,0,1,0
2025,3,132300,0,2,0,1,0
2024,3,215846,0,2,0,1,0
2024,2,148100,100,2,0,1,0
2024,2,60000,0,2,0,1,0
2024,2,140000,0,2,0,1,0
2024,3,96600,0,2,0,1,0
2024,3,150000,100,2,0,1,0
2025,3,120000,0,2,0,1,0
2024,3,346000,0,2,0,1,0
2024,3,199700,100,2,0,1,0
2024,3,150000,0,2,0,1,0
2025,3,104000,0,2,0,1,0
2025,2,162200,0,2,0,1,0
2024,3,178500,0,2,0,1,0
2024,1,60400,0,2,0,1,0
2024,2,140000,0,2,0,1,0
2024,3,109300,0,2,0,1,0
2024,2,98300,0,2,0,1,0
2024,3,255000,100,2,0,1,0
2024,2,116974,0,2,0,1,0
2025,3,163000,0,2,0,1,0
2025,3,220000,0,2,0,1,0
2025,3,96200,0,2,0,1,0
2025,3,204500,0,2,0,1,0
2024,3,257500,100,2,0,1,0
2025,3,180967,0,2,0,1,0
2024,3,172000,0,2,0,1,0
2025,3,110000,100,2,0,1,0
2025,3,121000,100,2,0,1,0
2024,3,180000,0,2,0,1,0
2025,2,202730,100,2,0,1,0
2024,3,87500,100,2,0,1,0
2025,3,168000,0,2,0,1,0
2024,3,188000,100,2,0,1,0
2024,3,67750,100,2,0,1,0
2024,3,75000,0,2,0,1,0
2024,1,270000,0,2,0,1,0
2024,1,51250,0,2,0,1,0
2024,3,234700,0,2,0,1,0
2024,3,196700,0,2,0,1,0
2024,2,160000,0,2,0,1,0
2024,3,100000,100,2,0,1,0
2025,3,129000,100,2,0,1,0
2024,3,181000,0,2,0,1,0
2025,3,111111,0,2,0,1,0
2025,3,108750,0,2,0,1,0
2024,2,70000,0,2,0,1,0
2024,1,125000,0,2,0,1,0
2025,3,560000,0,2,0,1,0
2025,2,165000,0,2,0,1,0
2025,3,258000,0,2,0,1,0
2024,3,161760,0,2,0,1,0
2025,3,115900,0,2,0,1,0
2025,3,142000,0,2,0,1,0
2025,4,275800,0,2,0,1,0
2025,3,180000,100,2,0,1,0
2025,3,234000,0,2,0,1,0
2025,2,158900,0,3,0,1,0
2025,3,125500,0,2,0,1,0
2025,3,178100,0,2,0,1,0
2024,2,61800,0,2,0,1,0
2025,3,263000,0,2,0,1,0
2024,2,134000,0,2,0,1,0
2025,3,99100,0,2,0,1,0
2024,3,212160,0,2,0,1,0
2025,3,290004,0,2,0,1,0
2024,2,267100,0,2,0,1,0
2025,3,175000,100,2,0,1,0
2024,2,230600,0,2,0,1,0
2024,3,254000,0,2,0,1,0
2024,2,108472,0,2,0,1,0
2024,3,218300,0,2,0,1,0
2025,2,440000,0,2,0,1,0
2024,2,88888,0,2,0,1,0
2025,3,229000,0,2,0,1,0
2024,2,180500,0,2,0,1,0
2024,2,337250,0,2,0,1,0
2023,3,306000,100,2,0,1,0
2024,1,93000,0,2,0,1,0
2024,3,180000,100,2,0,1,0
2024,2,192000,0,2,0,1,0
2024,2,94600,0,2,0,1,0
2025,3,340000,0,2,0,1,0
2024,3,75000,0,2,0,1,0
2025,3,104500,0,2,0,1,0
2025,3,240240,0,2,0,1,0
2024,1,122100,0,2,0,1,0
2025,1,187269,100,2,0,1,0
2023,3,85000,100,2,0,1,0
2024,3,91293,0,2,0,1,0
2023,3,145000,0,2,0,1,0
2025,1,117180,0,2,0,1,0
2025,3,135000,0,2,0,1,0
2024,3,175000,0,2,0,1,0
2024,3,169700,0,2,0,1,0
2025,1,58661,0,2,0,1,0
2024,1,37000,0,2,0,1,0
2025,3,121500,0,2,0,1,0
2025,3,119401,0,2,0,1,0
2024,1,112000,0,2,0,1,0
2025,2,182857,100,2,0,1,0
2025,3,165400,100,2,0,1,0
2024,3,138900,0,2,0,1,0
2024,3,148000,100,2,0,1,0
2024,3,160000,0,2,0,1,0
2024,2,192000,0,2,0,1,0
2024,3,100000,0,2,0,1,0
2023,3,145900,0,2,0,1,0
2025,2,80000,0,2,0,1,0
2025,2,100000,0,2,0,1,0
2025,3,134500,100,2,0,1,0
2024,1,80000,0,2,0,1,0
2025,2,85850,0,2,0,1,0
2023,3,210000,0,2,0,1,0
2025,3,96404,0,2,0,1,0
2024,3,202800,0,3,0,1,0
2024,3,145000,100,2,0,1,0
2023,3,114500,0,2,0,1,0
2025,2,294000,0,2,0,1,0
2023,1,75000,100,2,0,1,0
2024,2,185000,0,3,0,1,0
2024,3,227000,0,2,0,1,0
2024,2,190000,100,2,0,1,0
2025,3,175000,0,2,0,1,0
2024,2,169000,0,2,0,1,0
2025,2,172000,0,2,0,1,0
2024,2,110200,100,2,0,1,0
2025,3,73900,0,2,0,1,0
2024,2,98300,0,2,0,1,0
2023,3,130000,100,2,0,1,0
2024,2,109100,0,2,0,1,0
2024,2,81900,0,2,0,1,0
2025,2,115000,0,2,0,1,0
2025,3,240000,0,2,0,1,0
2024,3,273000,0,3,0,1,0
2025,4,210526,0,2,0,1,0
2023,3,79600,0,3,0,1,0
2025,2,210158,0,2,0,1,0
2023,3,138860,0,2,0,1,0
2025,3,188484,0,2,0,1,0
2025,2,126300,0,2,0,1,0
2025,2,100000,0,2,0,1,0
2024,2,26000,100,2,0,1,0
2025,1,114144,0,2,0,1,0
2024,3,180000,0,2,0,1,0
2025,3,157497,0,2,0,1,0
2024,2,60000,0,2,0,0,1
2024,2,122500,0,2,0,1,0
2025,2,151440,0,2,0,1,0
2024,3,135000,0,2,0,1,0
2024,2,135000,0,2,0,1,0
2025,3,53936,0,2,0,1,0
2024,3,206500,0,2,0,1,0
2025,3,265080,0,2,0,1,0
2024,3,188000,0,2,0,1,0
2024,3,106200,0,2,0,1,0
2024,2,222200,0,3,0,1,0
2025,2,230000,100,2,0,1,0
2025,3,273900,0,2,0,1,0
2022,2,100000,100,2,0,1,0
2023,3,156000,100,2,0,1,0
2024,2,138500,0,2,0,1,0
2025,3,239000,0,2,0,1,0
2024,2,75000,100,2,0,1,0
2024,2,225000,100,2,0,1,0
2024,1,179000,0,2,0,1,0
2025,3,164000,0,2,0,1,0
2025,3,87000,0,2,0,1,0
2025,3,110000,0,2,0,1,0
2023,3,124000,0,2,0,1,0
2024,2,80000,0,2,0,1,0
2024,3,118000,0,2,0,1,0
2024,3,160000,100,2,0,1,0
2024,3,105100,0,3,0,1,0
2024,3,127350,0,2,0,1,0
2025,2,192400,0,2,0,1,0
2024,2,155700,0,2,0,1,0
2025,3,117000,0,2,0,1,0
2024,3,189000,0,2,0,1,0
2024,2,90000,0,2,0,1,0
2020,2,450000,0,2,0,1,0
2025,1,54163,0,2,0,1,0
2024,3,260000,0,2,0,1,0
2025,2,136000,0,3,0,1,0
2023,3,200000,0,2,0,1,0
2024,3,132000,0,2,0,1,0
2023,3,247300,0,2,0,1,0
2023,3,205600,0,3,0,1,0
2024,3,150200,0,2,0,1,0
2024,3,180000,0,2,0,1,0
2025,2,160000,0,2,0,1,0
2024,3,196900,0,2,0,1,0
2024,3,100000,0,2,0,1,0
2024,3,150000,100,2,0,1,0
2025,3,195000,0,2,0,1,0
2024,3,257600,0,2,0,1,0
2025,3,145000,0,2,0,1,0
2024,3,137600,0,2,0,1,0
2024,2,96782,0,2,0,1,0
2024,3,160000,100,2,0,1,0
2024,3,161600,0,2,0,1,0
2024,4,167000,0,2,0,1,0
2025,2,86000,0,2,0,1,0
2025,3,210100,0,2,0,1,0
2025,2,116000,0,2,0,1,0
2025,3,143000,0,2,0,1,0
2025,2,154700,100,2,0,1,0
2025,1,100000,100,2,0,1,0
2024,3,140000,0,2,0,0,0
2023,3,164000,100,2,0,1,0
2024,2,159600,0,2,0,1,0
2024,3,145000,0,2,0,1,0
2024,2,173000,0,2,0,1,0
2024,3,80000,0,2,0,1,0
2025,2,117498,0,2,0,1,0
2024,2,115000,0,2,0,1,0
2025,3,257485,0,2,0,1,0
2024,2,87000,0,2,0,1,0
2025,2,100000,0,2,0,1,0
2025,3,334800,100,2,0,1,0
2024,1,72222,100,2,0,1,0
2025,3,236842,0,2,0,1,0
2024,3,175000,0,2,0,1,0
2024,3,119700,0,2,0,1,0
2024,3,172000,0,2,0,1,0
2025,3,90000,0,2,0,1,0
2024,3,110000,100,2,0,1,0
2024,3,210000,0,2,0,1,0
2025,3,100000,0,2,0,1,0
2025,1,134500,100,2,0,1,0
2024,4,79120,0,2,0,1,0
2024,3,280000,0,2,0,1,0
2024,3,225700,0,2,0,1,0
2024,2,75600,0,2,0,1,0
2024,1,106400,0,2,0,1,0
2025,3,200000,0,2,0,1,0
2024,3,117200,0,2,0,1,0
2024,3,166700,100,2,0,1,0
2024,2,177300,0,2,0,1,0
2024,2,125000,0,2,0,1,0
2024,1,96250,0,2,0,1,0
2024,3,165500,100,2,0,1,0
2024,3,220000,0,2,0,1,0
2025,2,20463,100,2,0,1,0
2025,3,110000,0,2,0,1,0
2023,2,230000,0,2,0,1,0
2025,3,242000,100,2,0,1,0
2025,2,130000,0,2,0,1,0
2025,3,169800,0,2,0,1,0
2025,3,220300,0,2,0,1,0
2025,3,120000,0,2,0,1,0
2024,3,76800,0,2,0,1,0
2025,3,78707,0,2,0,1,0
2024,3,300000,0,2,0,1,0
2025,2,97760,0,2,0,1,0
2024,3,250000,100,2,0,1,0
2024,3,176000,0,2,0,1,0
2024,3,115000,0,2,0,1,0
2023,2,119200,100,2,0,1,0
2025,3,188640,0,2,0,1,0
2024,3,118000,0,2,0,1,0
2025,3,160000,0,2,0,1,0
2024,2,120000,0,2,0,1,0
2025,2,440000,0,2,0,1,0
2025,3,245000,0,2,0,1,0
2025,3,140000,0,2,0,1,0
2024,2,15419,0,2,0,1,0
2024,3,126800,0,2,0,1,0
2025,3,95040,100,2,0,1,0
2024,2,160000,0,2,0,1,0
2024,2,76500,0,2,0,1,0
2025,2,85000,0,2,0,1,0
2025,3,227950,0,2,0,1,0
2024,3,237200,0,2,0,1,0
2024,3,131000,100,2,0,1,0
2024,3,90000,0,2,0,1,0
2024,3,120750,0,2,0,1,0
2023,3,222200,0,3,0,1,0
2024,3,220000,0,2,0,1,0
2025,2,140000,100,2,0,1,0
2024,2,120800,0,2,0,1,0
2024,2,131800,0,2,0,1,0
2025,1,122200,0,2,0,1,0
2025,2,86250,0,2,0,1,0
2025,3,171000,0,2,0,1,0
2025,1,80000,0,2,0,1,0
2025,3,183000,0,2,0,1,0
2024,1,143100,0,2,0,1,0
2023,3,234000,0,2,0,1,0
2024,2,226000,0,2,0,1,0
2025,3,225000,100,2,0,1,0
2025,3,111100,0,2,0,1,0
2024,2,128000,100,2,0,1,0
2025,3,112509,0,2,0,1,0
2025,2,235750,0,2,0,1,0
2024,3,200000,100,2,0,1,0
2025,3,101970,0,2,0,1,0
2024,3,156000,0,2,0,1,0
2023,3,80000,0,2,0,1,0
2024,2,98750,100,2,0,1,0
2024,1,215000,0,2,0,1,0
2024,3,170200,0,2,0,1,0
2025,3,249800,0,2,0,1,0
2024,2,159000,100,2,0,1,0
2024,3,80000,100,2,0,1,0
2024,2,122250,100,2,0,1,0
2024,2,145000,0,2,0,1,0
2024,3,120000,100,2,0,1,0
2024,2,213600,0,2,0,1,0
2025,2,106200,0,2,0,1,0
2024,3,177688,0,2,0,1,0
2025,3,173700,0,2,0,1,0
2024,1,64236,0,2,0,1,0
2025,1,82000,0,2,0,1,0
2024,3,209700,0,2,0,1,0
2023,2,73824,0,2,0,1,0
2025,2,90400,0,2,0,1,0
2025,2,80480,0,2,0,1,0
2024,2,91200,0,2,0,1,0
2025,2,98300,0,2,0,1,0
2024,3,87000,0,2,0,1,0
2024,3,280000,0,2,0,1,0
2023,2,162000,0,2,0,1,0
2022,2,150000,0,2,0,1,0
2024,1,95680,0,3,0,1,0
2025,3,220000,0,2,0,1,0
2025,4,125000,0,2,0,1,0
2024,3,150000,0,2,0,1,0
2024,3,117200,0,2,0,1,0
2024,3,105000,100,2,0,1,0
2024,2,259200,0,2,0,1,0
2025,3,183500,0,2,0,1,0
2025,2,41197,0,2,0,1,0
2025,2,140000,0,2,0,1,0
2025,3,186000,100,2,0,1,0
2025,3,250000,0,2,0,1,0
2024,3,135000,100,2,0,1,0
2024,2,176900,0,2,0,1,0
2024,2,123000,0,2,0,1,0
2025,3,720000,100,2,0,1,0
2025,2,264058,0,2,0,1,0
2025,3,145000,0,2,0,1,0
2025,1,60750,0,2,0,1,0
2025,2,120000,0,2,0,1,0
2024,2,74222,0,2,0,1,0
2024,2,84400,100,2,0,1,0
2025,3,316480,0,2,0,1,0
2024,1,110136,0,2,0,1,0
2024,2,65000,100,2,0,1,0
2024,3,192700,0,2,0,1,0
2024,3,140000,0,2,0,1,0
2025,3,165200,100,2,0,1,0
2024,3,178600,0,2,0,1,0
2024,2,110000,0,2,0,1,0
2024,2,276000,0,2,0,1,0
2025,2,88000,0,2,0,1,0
2025,2,173040,0,2,0,1,0
2025,3,161500,0,2,0,1,0
2024,3,237400,0,2,0,1,0
2024,2,95761,0,2,0,1,0
2025,3,230670,0,2,0,1,0
2024,2,180000,100,2,0,1,0
2024,3,200000,0,2,0,1,0
2024,3,189000,0,2,0,1,0
2024,3,146000,0,2,0,1,0
2025,3,200000,0,2,0,1,0
2024,3,245760,100,2,0,1,0
2024,2,264200,0,2,0,1,0
2024,3,175000,0,2,0,1,0
2025,1,149400,100,2,0,1,0
2025,2,144000,0,2,0,1,0
2025,3,177800,100,2,0,1,0
2023,3,155000,100,2,0,1,0
2025,2,120000,0,2,0,1,0
2024,1,128250,0,2,0,1,0
2025,3,221900,100,2,0,1,0
2024,3,135400,0,2,0,1,0
2023,3,291500,0,2,0,1,0
2024,3,132000,0,2,0,1,0
2025,3,370300,0,2,0,1,0
2025,2,250000,0,2,0,1,0
2025,4,164780,0,2,0,1,0
2025,3,352300,0,2,0,1,0
2025,3,185000,0,2,0,1,0
2025,3,99000,0,2,0,1,0
2024,3,81000,0,2,0,1,0
2024,3,202000,100,2,0,1,0
2025,3,221950,0,2,0,1,0
2024,3,155400,0,2,0,1,0
2022,3,140000,0,2,0,1,0
2024,3,180000,0,2,0,1,0
2025,3,224300,100,2,0,1,0
2025,3,175000,100,2,0,1,0
2023,2,135000,0,2,0,1,0
2024,3,204400,0,2,0,1,0
2025,2,102000,100,2,0,1,0
2025,3,250000,100,2,0,1,0
2025,3,220000,0,2,0,1,0
2025,4,186600,0,2,0,1,0
2024,3,190000,100,2,0,1,0
2025,1,133900,0,2,0,1,0
2024,3,228800,0,2,0,1,0
2023,3,226700,0,2,0,1,0
2024,2,90000,100,2,0,1,0
2024,3,100000,0,2,0,1,0
2024,3,115000,0,2,0,1,0
2025,3,150000,100,2,0,1,0
2025,3,129400,0,3,0,1,0
2024,3,143000,0,2,0,1,0
2025,2,99000,100,2,0,1,0
2024,2,163125,0,2,0,1,0
2025,2,166000,0,2,0,1,0
2025,2,98400,100,2,0,1,0
2025,3,110000,0,2,0,1,0
2024,3,150000,0,2,0,1,0
2024,3,155000,0,2,0,1,0
2024,3,244000,100,2,0,1,0
2022,3,112900,0,2,0,1,0
2024,3,250000,0,2,0,1,0
2024,3,239000,0,3,0,1,0
2024,2,175000,100,2,0,1,0
2025,2,66000,0,2,0,1,0
2024,1,85000,0,2,0,1,0
2025,2,154810,100,2,0,1,0
2024,2,264200,0,2,0,1,0
2023,3,142200,0,2,0,1,0
2025,1,28105,0,2,0,1,0
2025,3,140000,0,2,0,1,0
2025,3,256000,100,2,0,1,0
2025,3,264500,0,2,0,1,0
2025,3,231000,0,2,0,1,0
2025,1,114400,100,2,0,1,0
2025,3,286000,0,2,0,1,0
2025,3,190000,0,2,0,1,0
2025,3,261500,0,3,0,1,0
2025,3,140000,0,2,0,1,0
2024,1,190000,0,2,0,1,0
2024,2,259500,0,2,0,1,0
2024,3,150000,0,2,0,1,0
2024,3,96800,0,2,0,1,0
2025,3,180000,0,2,0,1,0
2025,2,175000,0,2,0,1,0
2025,3,170000,0,2,0,1,0
2025,2,138715,0,2,0,1,0
2025,2,90510,0,2,0,1,0
2024,3,170700,0,2,0,1,0
2023,3,159000,100,2,0,1,0
2024,2,170000,0,2,0,1,0
2024,3,223300,0,2,0,1,0
2024,2,137750,0,2,0,1,0
2025,2,186000,0,2,0,1,0
2025,3,331000,0,2,0,1,0
2024,3,196900,0,2,0,1,0
2025,2,108200,0,2,0,1,0
2024,3,110000,100,2,0,1,0
2025,3,109000,0,2,0,1,0
2025,3,199680,100,2,0,1,0
2024,2,130000,0,3,0,1,0
2023,3,82500,100,2,0,1,0
2024,2,276000,0,2,0,1,0
2025,3,161700,100,2,0,1,0
2025,2,252000,0,2,0,1,0
2025,2,76000,0,2,0,1,0
2024,3,296300,0,2,0,1,0
2025,3,152200,0,2,0,1,0
2023,3,167500,0,2,0,1,0
2024,3,130000,0,2,0,1,0
2024,3,157500,0,2,0,1,0
2023,3,204500,0,2,0,1,0
2024,3,173000,0,2,0,1,0
2024,3,110000,0,2,0,1,0
2025,2,345000,0,2,0,1,0
2025,2,170000,100,2,0,1,0
2024,3,150400,0,3,0,1,0
2024,3,83430,0,2,0,1,0
2025,2,100000,100,2,0,1,0
2025,2,170000,0,2,0,1,0
2024,2,157800,0,2,0,1,0
2024,3,192000,0,2,0,1,0
2024,3,168300,0,2,0,1,0
2025,1,115240,0,2,0,0,1
2024,2,126300,100,2,0,1,0
2023,3,247300,0,2,0,1,0
2025,1,85000,0,2,0,1,0
2025,2,129935,0,2,0,1,0
2024,1,137436,0,2,0,1,0
2025,1,120600,0,2,0,1,0
2024,3,149100,0,2,0,1,0
2024,2,228000,0,2,0,1,0
2025,3,156000,0,2,0,1,0
2024,3,240240,0,2,0,1,0
2024,2,110000,0,2,0,1,0
2023,3,228000,0,2,0,1,0
2024,1,140000,0,2,0,1,0
2024,3,225000,0,2,0,1,0
2025,2,93000,0,2,0,1,0
2025,3,190000,0,2,0,1,0
2025,2,170000,0,2,0,1,0
2024,3,109000,0,2,0,1,0
2025,3,78000,0,2,0,1,0
2025,3,162000,100,2,0,1,0
2025,2,170000,0,2,0,1,0
2024,4,250000,0,2,0,1,0
2024,2,78000,0,2,0,1,0
2024,2,39593,0,2,0,1,0
2025,2,186000,100,2,0,1,0
2025,3,119800,0,2,0,1,0
2024,3,253000,0,2,0,1,0
2024,3,190000,0,2,0,1,0
2024,2,136300,0,2,0,1,0
2024,3,230000,0,2,0,1,0
2022,2,92350,100,2,0,1,0
2024,2,170000,0,2,0,1,0
2024,2,256500,0,2,0,1,0
2025,3,176720,0,2,0,1,0
2024,3,159660,100,2,0,1,0
2024,3,199234,0,2,0,1,0
2025,2,179300,0,2,0,1,0
2024,1,65000,0,2,0,1,0
2025,3,140000,100,2,0,1,0
2024,2,75600,0,2,0,1,0
2024,1,135111,0,2,0,1,0
2025,2,180000,0,2,0,1,0
2024,2,175000,0,2,0,1,0
2024,3,146000,0,2,0,1,0
2024,2,170186,0,2,0,1,0
2025,3,150000,0,2,0,1,0
2025,2,80000,100,2,0,1,0
2023,3,81800,0,2,0,1,0
2025,3,180000,100,2,0,1,0
2024,1,94000,0,2,0,1,0
2024,3,282000,100,2,0,1,0
2024,3,162000,0,3,0,1,0
2025,3,85000,0,2,0,1,0
2024,3,73000,100,2,0,1,0
2024,2,222200,0,3,0,1,0
2024,3,160000,100,2,0,1,0
2024,1,95655,0,2,0,1,0
2024,3,63825,0,2,0,1,0
2024,3,211180,100,2,0,1,0
2024,3,150000,100,2,0,1,0
2025,2,74778,0,2,0,1,0
2024,1,138000,0,2,0,1,0
2025,3,92800,0,2,0,1,0
2024,3,220900,0,2,0,1,0
2022,3,100000,100,2,0,1,0
2023,2,61200,0,2,0,1,0
2025,3,127000,100,2,0,1,0
2025,3,161000,0,2,0,1,0
2023,2,60000,0,2,0,1,0
2025,3,190800,100,2,0,1,0
2024,3,175800,0,2,0,1,0
2025,2,47368,0,2,0,1,0
2024,3,221500,100,2,0,1,0
2024,2,258750,0,2,0,1,0
2025,3,144200,0,2,0,1,0
2025,2,175400,0,2,0,1,0
2025,3,113360,0,2,0,1,0
2025,2,105000,100,2,0,1,0
2024,3,292128,100,2,0,1,0
2025,3,305000,0,2,0,1,0
2025,3,225200,0,2,0,1,0
2025,1,77000,0,2,0,1,0
2024,3,283800,0,2,0,1,0
2024,2,176000,100,2,0,1,0
2025,3,255000,0,2,0,1,0
2025,2,128544,0,2,0,1,0
2024,3,143706,100,2,0,1,0
2024,2,165600,0,3,0,1,0
2025,3,225400,0,2,0,1,0
2024,3,21000,100,2,0,1,0
2024,3,62300,0,2,0,1,0
2025,2,123050,0,2,0,1,0
2024,3,128000,100,2,0,1,0
2025,3,200000,0,2,0,1,0
2025,3,149800,0,3,0,1,0
2024,2,180000,100,2,0,1,0
2025,3,159200,0,2,0,1,0
2025,3,221700,0,2,0,1,0
2023,3,210000,0,2,0,1,0
2024,1,160000,0,2,0,1,0
2025,2,264000,0,2,0,1,0
2023,3,145000,0,2,0,1,0
2025,1,60000,0,2,0,1,0
2025,1,76800,0,2,0,1,0
2024,2,164509,0,2,0,1,0
2025,2,162090,0,2,0,1,0
2024,3,243000,0,2,0,1,0
2024,3,233000,0,2,0,1,0
2025,1,280000,0,2,0,1,0
2025,3,200000,100,2,0,1,0
2025,1,85000,0,2,0,1,0
2025,3,240000,0,2,0,1,0
2025,1,138700,0,2,0,1,0
2025,3,188640,0,2,0,1,0
2024,2,50000,0,2,0,1,0
2025,3,137750,0,2,0,1,0
2025,3,143200,0,2,0,1,0
2025,2,57764,0,2,0,1,0
2025,2,150000,0,2,0,1,0
2025,3,112700,0,2,0,1,0
2024,3,252900,0,2,0,1,0
2024,3,235400,0,2,0,1,0
2025,3,63500,0,2,0,1,0
2024,3,120000,0,2,0,1,0
2024,3,203000,0,2,0,1,0
2025,2,130000,0,2,0,1,0
2025,3,385000,0,2,0,1,0
2024,2,48000,100,2,0,1,0
2024,2,355000,0,2,0,1,0
2024,3,131000,0,2,0,1,0
2024,3,75000,0,2,0,1,0
2025,3,146000,100,2,0,1,0
2025,2,190200,100,2,0,1,0
2024,2,89000,0,2,0,1,0
2025,4,145440,0,2,0,1,0
2024,3,97920,100,2,0,1,0
2025,2,116000,100,2,0,1,0
2025,2,62000,0,2,0,1,0
2024,3,500000,0,2,0,1,0
2023,3,238000,0,2,0,1,0
2025,3,97700,0,2,0,1,0
2025,3,207000,0,2,0,1,0
2024,3,329333,0,2,0,1,0
2024,4,142320,0,2,0,1,0
2024,3,168000,0,2,0,1,0
2024,3,150000,100,2,0,1,0
2024,3,239700,0,2,0,1,0
2024,3,239000,0,2,0,1,0
2024,3,310000,0,2,0,1,0
2024,2,138900,0,2,0,1,0
2024,3,342844,0,2,0,1,0
2025,3,125000,100,2,0,1,0
2024,3,210000,100,2,0,1,0
2025,3,82217,0,2,0,1,0
2025,2,166210,0,2,0,1,0
2025,3,220000,0,2,0,1,0
2024,3,175000,0,2,0,1,0
2025,1,70823,100,2,0,1,0
2025,2,115500,0,2,0,1,0
2024,1,92208,0,2,0,1,0
2024,3,148000,0,2,0,1,0
2023,3,200000,0,2,0,1,0
2024,3,165500,0,2,0,1,0
2025,2,125000,100,2,0,1,0
2025,2,100000,0,2,0,1,0
2025,3,320000,0,2,0,1,0
2023,3,119500,100,2,0,1,0
2025,1,93600,100,2,0,0,0
2024,2,98300,0,2,0,1,0
2025,2,200000,0,2,0,1,0
2025,1,85850,100,2,0,1,0
2023,2,73500,0,2,0,1,0
2025,3,168000,0,2,0,1,0
2024,2,118000,0,2,0,1,0
2025,2,70805,100,2,0,1,0
2024,3,124100,0,2,0,1,0
2025,3,190000,100,2,0,1,0
2025,2,147000,0,2,0,1,0
2025,3,266000,100,2,0,1,0
2024,3,189000,0,2,0,1,0
2025,2,98574,0,2,0,1,0
2024,3,216000,0,2,0,1,0
2024,2,130000,100,2,0,1,0
2024,1,85000,0,2,0,1,0
2024,2,247500,0,2,0,1,0
2023,3,87400,0,2,0,1,0
2025,2,44210,0,2,0,1,0
2024,1,17598,50,3,0,1,0
2025,2,80000,0,2,0,1,0
2025,2,100000,100,2,0,1,0
2025,2,125500,0,3,0,1,0
2025,3,216000,0,2,0,1,0
2024,3,160000,0,2,0,1,0
2024,3,160000,0,2,0,1,0
2025,3,94936,0,2,0,1,0
2025,3,252000,0,2,0,1,0
2025,2,176645,100,2,0,1,0
2024,2,220900,0,2,0,1,0
2024,2,161406,0,2,0,1,0
2023,3,175000,100,2,0,1,0
2025,2,176000,0,2,0,1,0
2024,3,294000,0,2,0,1,0
2024,3,160000,0,2,0,1,0
2024,3,204800,0,2,0,1,0
2025,3,145300,100,2,0,1,0
2025,2,74051,0,2,0,1,0
2024,2,69000,0,2,0,1,0
2024,2,98300,0,2,0,1,0
2025,2,135000,0,2,0,1,0
2024,3,203000,0,2,0,1,0
2024,3,130000,0,2,0,1,0
2023,3,122720,0,2,0,1,0
2023,3,106800,0,2,0,1,0
2024,1,250000,0,2,0,1,0
2021,2,62649,50,2,0,1,0
2025,3,234600,100,2,0,1,0
2024,2,70000,0,2,0,1,0
2024,3,148100,0,2,0,1,0
2025,2,98330,0,2,0,1,0
2024,3,185000,0,2,0,1,0
2025,4,274100,0,2,0,1,0
2025,3,100000,0,2,0,1,0
2025,2,115000,0,2,0,1,0
2025,3,168420,0,2,0,1,0
2024,2,120000,0,2,0,1,0
2025,3,167325,0,2,0,1,0
2025,3,128000,0,2,0,1,0
2025,3,110000,100,2,0,1,0
2022,3,136620,100,2,0,1,0
2025,1,145100,0,2,0,1,0
2024,3,234700,0,2,0,1,0
2025,3,157560,0,2,0,1,0
2025,3,290004,0,2,0,1,0
2024,2,118612,0,2,0,1,0
2024,3,92500,0,2,0,1,0
2024,3,419750,0,2,0,1,0
2025,2,130000,0,2,0,1,0
2024,3,128250,0,2,0,1,0
2024,4,163300,0,2,0,1,0
2025,1,66315,0,2,0,0,1
2025,2,225000,0,2,0,1,0
2022,3,299500,0,2,0,1,0
2024,3,195000,100,2,0,1,0
2025,3,99000,0,2,0,1,0
2025,2,82250,0,2,0,1,0
2025,3,160000,100,2,0,1,0
2025,3,204900,0,2,0,1,0
2023,3,78000,0,2,0,1,0
2025,3,199234,0,2,0,1,0
2024,3,121952,100,2,0,1,0
2024,3,200000,0,2,0,1,0
2022,3,141525,100,2,0,1,0
2025,3,95347,0,2,0,1,0
2025,2,117500,0,2,0,1,0
2024,2,77000,0,2,0,1,0
2025,2,96720,0,2,0,1,0
2025,3,206000,0,2,0,1,0
2024,3,160000,0,2,0,1,0
2025,2,190000,100,2,0,1,0
2024,2,94068,0,2,0,1,0
2024,3,300000,0,2,0,1,0
2025,3,88607,0,2,0,1,0
2025,3,130000,0,2,0,1,0
2024,3,77777,0,2,0,1,0
2025,1,73116,0,2,0,1,0
2024,2,141300,0,2,0,1,0
2024,2,69000,100,2,0,1,0
2025,3,107120,0,2,0,1,0
2025,3,208000,0,2,0,1,0
2023,2,166000,0,2,0,1,0
2025,3,405500,0,2,0,1,0
2024,3,221000,0,2,0,1,0
2024,3,125555,100,2,0,1,0
2025,2,287700,0,3,0,1,0
2025,3,322325,0,2,0,1,0
2025,3,170000,0,2,0,1,0
2024,2,177000,100,2,0,1,0
2024,2,75980,0,2,0,1,0
2025,2,134600,0,2,0,1,0
2024,2,116000,100,2,0,1,0
2024,2,252000,0,2,0,1,0
2023,3,299500,0,2,0,1,0
2024,2,96800,0,2,0,1,0
2025,2,223400,0,3,0,1,0
2024,2,56250,0,2,0,1,0
2024,3,118900,0,2,0,1,0
2024,1,102795,0,2,0,1,0
2024,3,117200,0,2,0,1,0
2024,3,229900,0,2,0,1,0
2024,2,210000,0,2,0,1,0
2024,3,190000,0,2,0,1,0
2025,3,291400,0,2,0,1,0
2025,2,150000,0,2,0,1,0
2025,2,87000,0,2,0,1,0
2025,3,196000,0,2,0,1,0
2025,2,120000,0,2,0,1,0
2024,3,500000,0,2,0,1,0
2024,2,65000,0,2,0,1,0
2025,4,300000,100,2,0,1,0
2024,2,209720,0,2,0,1,0
2024,3,137600,0,2,0,1,0
2025,3,356000,0,2,0,1,0
2024,3,218185,100,2,0,1,0
2025,2,208000,0,2,0,1,0
2024,3,169088,0,2,0,1,0
2025,3,140000,0,2,0,1,0
2024,2,291000,0,3,0,1,0
2025,3,157100,0,2,0,1,0
2024,3,161000,0,2,0,1,0
2025,3,80000,0,2,0,1,0
2025,3,73073,0,2,0,1,0
2024,3,243000,0,2,0,1,0
2024,3,269000,100,2,0,1,0
2024,2,62500,0,2,0,1,0
2025,3,405000,0,2,0,1,0
2025,3,168400,0,2,0,1,0
2025,3,320000,0,2,0,1,0
2024,3,342844,100,2,0,1,0
2024,3,195400,0,2,0,1,0
2024,3,101400,100,2,0,1,0
2024,3,302960,0,2,0,1,0
2023,3,112200,100,2,0,1,0
2024,4,271300,0,2,0,1,0
2023,2,51962,100,2,0,1,0
2024,3,187000,0,2,0,1,0
2024,3,80000,0,2,0,1,0
2025,2,61000,0,2,0,1,0
2024,2,192300,0,2,0,1,0
2023,4,167954,0,2,0,1,0
2025,3,130700,0,2,0,1,0
2025,3,224500,0,2,0,1,0
2025,2,158200,0,2,0,1,0
2025,2,30315,0,2,0,1,0
2025,1,90000,0,2,0,1,0
2024,2,200200,0,2,0,1,0
2025,4,202000,100,2,0,1,0
2024,2,109000,0,2,0,1,0
2025,1,101000,0,2,0,1,0
2025,3,146000,0,2,0,1,0
2024,3,175000,100,2,0,1,0
2024,4,150000,0,2,0,1,0
2024,3,217500,100,2,0,1,0
2025,3,105000,0,2,0,1,0
2024,3,120000,0,2,0,1,0
2025,2,80000,0,2,0,1,0
2024,3,300200,0,2,0,1,0
2024,2,160000,100,2,0,1,0
2024,2,122000,0,2,0,1,0
2025,2,61900,0,2,0,1,0
2024,2,220000,0,2,0,1,0
2024,3,130000,0,2,0,1,0
2025,3,215270,100,2,0,1,0
2024,2,190700,0,2,0,1,0
2024,3,55800,0,2,0,1,0
2024,4,240000,0,2,0,1,0
2025,3,200000,100,2,0,1,0
2025,2,100000,0,2,0,1,0
2025,2,115000,0,2,0,1,0
2024,3,195000,100,2,0,1,0
2024,2,120000,100,2,0,1,0
2024,3,117000,0,2,0,1,0
2025,2,120000,0,2,0,1,0
2024,2,185000,0,2,0,1,0
2025,1,215400,0,2,0,1,0
2025,3,117300,0,2,0,1,0
2024,1,51810,0,2,0,1,0
2025,3,110000,100,2,0,1,0
2024,2,200000,100,2,0,1,0
2025,3,87200,0,2,0,1,0
2025,2,114000,0,2,0,1,0
2024,3,310270,0,2,0,1,0
2024,4,175000,0,2,0,1,0
2024,2,105000,0,2,0,1,0
2025,3,82783,0,2,0,1,0
2023,1,92000,100,2,0,1,0
2025,2,259000,0,2,0,1,0
2024,2,222200,0,3,0,1,0
2025,3,190000,0,2,0,1,0
2024,2,153000,0,2,0,1,0
2025,4,120000,0,2,0,1,0
2025,2,97640,100,2,0,1,0
2022,3,110000,0,2,0,1,0
2025,3,175500,0,2,0,1,0
2025,2,130000,0,2,0,1,0
2024,2,98300,0,2,0,1,0
2024,2,200000,0,2,0,1,0
2025,3,290000,0,2,0,1,0
2024,2,151500,0,2,0,1,0
2024,3,150000,0,2,0,1,0
2025,1,103818,0,2,0,1,0
2024,2,160000,0,2,0,1,0
2025,3,113684,0,2,0,1,0
2024,2,296000,0,2,0,1,0
2024,2,156000,0,3,0,1,0
2025,2,203000,0,2,0,1,0
2025,3,106400,0,2,0,1,0
2024,2,85000,0,2,0,1,0
2023,3,84870,0,2,0,1,0
2025,3,281900,0,2,0,1,0
2025,2,183600,0,2,0,1,0
2025,2,125000,0,2,0,1,0
2025,3,100000,0,2,0,1,0
2023,3,125000,0,2,0,1,0
2024,3,118000,0,2,0,1,0
2024,2,184216,0,2,0,1,0
2025,2,46300,0,2,0,1,0
2024,2,56566,0,2,0,1,0
2024,1,67600,0,2,0,1,0
2025,3,171000,0,2,0,1,0
2024,3,190000,0,2,0,1,0
2025,2,130000,0,2,0,1,0
2025,2,82610,0,2,0,1,0
2025,1,65000,0,2,0,1,0
2025,3,84500,0,2,0,1,0
2025,2,140000,0,2,0,1,0
2024,4,267500,0,2,0,1,0
2023,3,149000,100,2,0,1,0
2025,2,134800,100,2,0,1,0
2024,1,208800,0,2,0,1,0
2024,3,116334,0,2,0,1,0
2024,3,187500,0,2,0,1,0
2025,2,46765,100,2,0,1,0
2025,3,191000,0,2,0,1,0
2024,3,117200,0,2,0,1,0
2025,2,121050,0,2,0,1,0
2024,2,121000,0,2,0,1,0
2025,3,182000,0,2,0,1,0
2025,2,165600,0,2,0,1,0
2025,3,116100,100,2,0,1,0
2024,3,155900,0,2,0,1,0
2024,1,90000,100,2,0,1,0
2024,3,150000,100,2,0,1,0
2024,4,85000,0,2,0,1,0
2024,2,223900,100,2,0,1,0
2025,3,180000,0,2,0,1,0
2024,2,350000,100,2,0,1,0
2024,2,112300,0,2,0,1,0
2025,2,101265,100,2,0,1,0
2025,2,145000,0,2,0,1,0
2024,3,81500,0,2,0,1,0
2024,2,208800,0,2,0,1,0
2024,4,205000,0,2,0,1,0
2024,4,244000,100,2,0,1,0
2024,2,133000,100,2,0,1,0
2024,2,120000,0,2,0,1,0
2024,3,73076,100,2,0,1,0
2024,3,310000,0,2,0,1,0
2025,2,212800,0,3,0,1,0
2025,3,96200,100,2,0,1,0
2024,3,84600,0,2,0,1,0
2024,2,287100,0,2,0,1,0
2025,3,280000,0,2,0,1,0
2025,2,155250,0,2,0,1,0
2024,3,160000,100,2,0,1,0
2025,3,105100,0,2,0,1,0
2023,3,160000,0,2,0,1,0
2024,3,180000,0,2,0,1,0
2024,3,250000,0,2,0,1,0
2025,3,114750,0,2,0,1,0
2025,3,137600,0,2,0,1,0
2025,2,200200,0,2,0,1,0
2024,1,173100,0,2,0,1,0
2025,2,150000,0,2,0,1,0
2025,2,150000,100,2,0,1,0
2025,4,291800,0,2,0,1,0
2025,3,194700,0,2,0,1,0
2023,3,111000,100,2,0,1,0
2025,3,174000,0,2,0,1,0
2024,3,252000,0,2,0,1,0
2024,3,175633,0,2,0,1,0
2025,2,150000,0,2,0,1,0
2023,3,204000,100,2,0,1,0
2024,3,94900,0,2,0,1,0
2024,2,129960,100,2,0,1,0
2024,2,200000,0,2,0,1,0
2025,2,106000,0,2,0,1,0
2025,3,120800,0,2,0,1,0
2024,3,152400,0,2,0,1,0
2024,3,172500,0,2,0,1,0
2024,3,100000,0,2,0,1,0
2024,3,220900,0,2,0,1,0
2024,3,92986,100,2,0,1,0
2024,2,210000,0,2,0,1,0
2025,2,73200,0,2,0,1,0
2024,2,83300,0,2,0,1,0
2025,3,95264,0,2,0,1,0
2023,3,247300,0,2,0,1,0
2025,2,127430,0,2,0,1,0
2024,3,91000,100,2,0,1,0
2025,3,85000,0,2,0,1,0
2024,3,145000,100,2,0,1,0
2024,3,119680,0,2,0,1,0
2024,3,194000,0,2,0,1,0
2024,3,187000,0,2,0,1,0
2024,2,86000,0,2,0,1,0
2024,3,284000,0,2,0,1,0
2024,3,127000,0,2,0,1,0
2024,3,200000,100,2,0,1,0
2024,2,86100,0,2,0,1,0
2024,3,175000,100,2,0,1,0
2024,3,130000,0,2,0,1,0
2025,3,231589,0,2,0,1,0
2025,3,150400,0,3,0,1,0
2025,1,123400,0,2,0,1,0
2024,3,178000,100,2,0,1,0
2024,3,143100,0,2,0,1,0
2025,3,128300,100,2,0,1,0
2024,2,190300,0,2,0,1,0
2025,2,110000,100,2,0,1,0
2024,3,208000,0,2,0,1,0
2023,2,102000,0,2,0,1,0
2024,2,32000,100,2,0,1,0
2025,3,97000,0,2,0,1,0
2024,1,116000,100,2,0,1,0
2024,3,150400,0,3,0,1,0
2025,3,125760,0,2,0,1,0
2024,2,76200,0,2,0,1,0
2025,3,193000,0,2,0,1,0
2025,3,160000,100,2,0,1,0
2024,3,139000,0,2,0,1,0
2024,3,300000,0,2,0,1,0
2024,3,149200,0,2,0,1,0
2024,2,217476,0,2,0,1,0
2023,3,202600,100,2,0,1,0
2025,1,70600,0,2,0,1,0
2024,1,190000,0,2,0,1,0
2025,2,297600,0,2,0,1,0
2025,2,126800,0,2,0,1,0
2022,2,153000,100,2,0,1,0
2024,1,173000,0,2,0,1,0
2025,2,184700,100,2,0,1,0
2024,2,105000,0,2,0,1,0
2025,2,90000,0,2,0,1,0
2025,3,100000,100,2,0,1,0
2025,2,91200,0,2,0,1,0
2024,2,155975,0,2,0,1,0
2025,3,130600,0,2,0,1,0
2024,3,104550,0,2,0,1,0
2024,2,138900,0,2,0,1,0
2024,3,103685,0,2,0,1,0
2024,2,264200,0,2,0,1,0
2023,4,168000,100,2,0,1,0
2024,3,178250,0,2,0,1,0
2025,3,151898,0,2,0,1,0
2023,3,189750,100,2,0,1,0
2025,3,146100,0,2,0,1,0
2024,3,135146,100,2,0,1,0
2023,3,145000,100,2,0,1,0
2024,3,253000,0,2,0,1,0
2025,2,114000,0,2,0,1,0
2023,3,185000,0,2,0,1,0
2024,2,78800,0,2,0,1,0
2024,3,123740,0,2,0,1,0
2025,3,73632,100,2,0,1,0
2025,2,440000,0,2,0,1,0
2024,3,226800,0,2,0,1,0
2023,3,205150,100,2,0,1,0
2024,3,297000,0,2,0,1,0
2025,3,100000,0,2,0,1,0
2025,2,287500,0,2,0,1,0
2025,3,176160,0,2,0,1,0
2025,2,150000,0,2,0,1,0
2024,3,181100,0,2,0,1,0
2024,3,151300,100,3,0,1,0
2025,1,55000,0,2,0,1,0
2025,3,180000,0,2,0,1,0
2024,1,123596,0,2,0,1,0
2024,3,225600,0,2,0,1,0
2024,3,258750,0,2,0,1,0
2024,3,277600,0,2,0,1,0
2024,3,160000,100,2,0,1,0
2025,3,104880,100,2,0,1,0
2025,3,130700,0,2,0,1,0
2022,4,210000,100,2,0,1,0
2025,3,120000,100,2,0,1,0
2024,3,130000,0,2,0,1,0
2025,3,80000,0,2,0,1,0
2023,3,164000,0,2,0,1,0
2025,3,143750,0,2,0,1,0
2025,3,125760,0,2,0,1,0
2025,3,87943,0,2,0,1,0
2025,2,230000,100,2,0,1,0
2025,2,56962,100,2,0,1,0
2025,3,110000,0,2,0,1,0
2024,3,209700,0,2,0,1,0
2024,1,110400,100,2,0,1,0
2025,1,196000,0,2,0,1,0
2025,2,60800,0,2,0,1,0
2025,2,227950,100,2,0,1,0
2025,2,203000,0,2,0,1,0
2025,1,44000,0,2,0,1,0
2024,3,227000,0,2,0,1,0
2025,2,241800,0,2,0,1,0
2024,1,89300,0,2,0,1,0
2025,3,176875,0,2,0,1,0
2025,2,170000,0,2,0,1,0
2024,1,39600,100,2,0,1,0
2025,1,73601,0,2,0,1,0
2024,2,223600,0,3,0,1,0
2024,2,112500,0,2,0,1,0
2024,3,222000,0,2,0,1,0
2024,1,47500,0,2,0,1,0
2024,2,82220,100,2,0,1,0
2023,3,200000,100,2,0,1,0
2025,3,99100,0,2,0,1,0
2024,1,208800,0,2,0,1,0
2024,3,160000,0,2,0,1,0
2025,3,89000,0,2,0,1,0
2024,1,70000,100,2,0,1,0
2024,1,115200,0,2,0,1,0
2024,2,96900,0,2,0,1,0
2024,2,172000,0,2,0,1,0
2025,3,154356,100,2,0,1,0
2023,3,297300,100,2,0,1,0
2025,3,273000,0,2,0,1,0
2025,3,106200,100,2,0,1,0
2024,1,67000,100,2,0,1,0
2025,2,120000,0,2,0,1,0
2024,3,202300,0,2,0,1,0
2023,3,79700,0,2,0,1,0
2025,2,98000,0,2,0,1,0
2025,3,210000,0,2,0,1,0
2024,3,218800,100,2,0,1,0
2023,3,250000,0,2,0,1,0
2022,1,140250,0,2,0,1,0
2025,3,135000,0,2,0,1,0
2024,3,220000,0,2,0,1,0
2025,2,117600,100,2,0,1,0
2025,2,72400,0,2,0,1,0
2025,2,95000,0,2,0,1,0
2025,3,200000,0,2,0,1,0
2024,3,110000,0,2,0,1,0
2025,2,136858,0,2,0,1,0
2025,2,154100,0,2,0,1,0
2025,2,99700,0,2,0,1,0
2025,2,165113,0,2,0,1,0
2024,3,78800,100,2,0,1,0
2024,3,59706,0,2,0,1,0
2025,3,385000,100,2,0,1,0
2024,3,96800,0,2,0,1,0
2024,3,180000,100,2,0,1,0
2024,3,120000,0,2,0,1,0
2024,3,210000,100,2,0,1,0
2023,3,139500,0,2,0,1,0
2025,1,68421,0,2,0,1,0
2025,2,143100,100,2,0,1,0
2025,3,200000,0,2,0,1,0
2023,3,210000,0,2,0,1,0
2025,3,123700,100,2,0,1,0
2025,2,149000,0,2,0,1,0
2025,3,192400,0,2,0,1,0
2025,3,186200,0,2,0,1,0
2024,3,232000,0,2,0,1,0
2022,3,250000,0,2,0,1,0
2025,3,247300,100,2,0,1,0
2025,3,220700,0,2,0,1,0
2024,2,62300,0,2,0,1,0
2025,3,362000,0,2,0,1,0
2024,3,125200,0,2,0,1,0
2025,3,225400,0,2,0,1,0
2025,3,252000,0,2,0,1,0
2024,3,191000,100,2,0,1,0
2025,2,100000,0,2,0,1,0
2025,3,110000,0,2,0,1,0
2025,3,123203,0,2,0,1,0
2024,3,32013,100,2,0,1,0
2024,3,219100,0,2,0,1,0
2025,4,385000,100,2,0,1,0
2025,2,180000,100,2,0,1,0
2024,3,116050,0,2,0,1,0
2024,1,130000,0,2,0,1,0
2025,2,214200,0,2,0,1,0
2025,3,76208,100,2,0,1,0
2024,2,180000,0,2,0,1,0
2024,3,140000,0,2,0,1,0
2024,3,182500,100,2,0,1,0
2024,3,266482,0,2,0,1,0
2024,3,296300,0,2,0,1,0
2024,3,213500,0,2,0,1,0
2024,2,141000,0,2,0,1,0
2025,4,70000,0,2,0,1,0
2024,2,266000,0,2,0,1,0
2025,3,124400,0,2,0,1,0
2024,3,154200,0,2,0,1,0
2025,2,125000,0,2,0,1,0
2025,2,75000,0,2,0,1,0
2023,2,129300,0,2,0,1,0
2024,3,227000,0,2,0,1,0
2025,3,87200,0,2,0,1,0
2023,2,136000,0,3,0,1,0
2024,3,126400,0,2,0,1,0
2025,3,64784,100,2,0,1,0
2025,3,119000,0,2,0,1,0
2025,2,113934,0,2,0,1,0
2024,3,216000,0,2,0,1,0
2024,2,90000,0,2,0,1,0
2024,3,176800,0,2,0,1,0
2025,2,281000,100,2,0,1,0
2025,3,151898,0,2,0,1,0
2025,3,270000,0,2,0,1,0
2024,3,103500,0,2,0,1,0
2023,3,163200,0,2,0,1,0
2024,3,282900,0,2,0,1,0
2025,3,219900,0,2,0,1,0
2025,2,93000,0,2,0,1,0
2024,3,175420,0,2,0,1,0
2024,1,110000,0,2,0,1,0
2025,4,181000,0,2,0,1,0
2024,3,130000,0,2,0,1,0
2024,2,160000,0,2,0,1,0
2023,3,225000,0,2,0,1,0
2024,3,215024,0,2,0,1,0
2025,2,87500,0,2,0,1,0
2024,2,119800,0,2,0,1,0
2024,3,160000,0,2,0,1,0
2024,2,310000,0,2,0,1,0
2024,2,123000,0,2,0,1,0
2024,3,180000,0,2,0,1,0
2023,3,107900,100,2,0,1,0
2022,3,85000,100,2,0,1,0
2025,3,197100,0,2,0,1,0
2025,3,110000,100,2,0,1,0
2024,3,190000,0,2,0,1,0
2025,3,272700,0,2,0,1,0
2024,2,128000,0,2,0,1,0
2025,3,224000,0,2,0,1,0
2025,3,150000,100,2,0,1,0
2025,3,274560,0,2,0,1,0
2024,4,200000,100,2,0,1,0
2025,3,175000,0,2,0,1,0
2025,3,175000,0,2,0,1,0
2024,2,163100,100,2,0,1,0
2024,3,100000,100,2,0,1,0
2025,3,112500,0,2,0,1,0
2025,3,144400,0,2,0,1,0
2025,3,250200,0,2,0,1,0
2025,3,223856,0,2,0,1,0
2024,2,213400,0,2,0,1,0
2025,3,117300,0,2,0,1,0
2025,3,182250,100,2,0,1,0
2025,3,204300,0,3,0,1,0
2025,3,190486,0,2,0,1,0
2025,3,138500,0,2,0,1,0
2025,3,219000,0,2,0,1,0
2025,3,75000,0,2,0,1,0
2024,3,145430,100,2,0,1,0
2025,2,92000,100,2,0,1,0
2025,2,135000,0,2,0,1,0
2025,3,125000,0,2,0,1,0
2024,3,157000,0,2,0,1,0
2025,4,198000,0,2,0,1,0
2025,3,298300,100,2,0,1,0
2024,3,212000,0,2,0,1,0
2025,3,160000,0,2,0,1,0
2025,3,204900,0,2,0,1,0
2024,3,253430,0,2,0,1,0
2024,3,249600,0,2,0,1,0
2025,2,193500,0,2,0,1,0
2024,3,100000,0,2,0,1,0
2024,3,184920,0,2,0,1,0
2025,3,245000,0,2,0,1,0
2024,3,123000,0,2,0,1,0
2024,2,120000,100,2,0,1,0
2025,1,98000,0,2,0,1,0
2024,3,202000,0,2,0,1,0
2025,2,120000,100,2,0,1,0
2024,3,252000,0,2,0,1,0
2025,1,31645,0,2,0,1,0
2025,3,193900,0,2,0,1,0
2025,2,48000,100,2,0,1,0
2024,4,138200,0,2,0,1,0
2024,2,148000,0,2,0,1,0
2025,2,50000,0,2,0,1,0
2024,2,112000,0,2,0,1,0
2025,3,130000,0,2,0,1,0
2023,2,102500,0,2,0,1,0
2024,2,124000,0,2,0,1,0
2024,2,200000,100,2,0,1,0
2024,2,221100,0,2,0,1,0
2023,1,130000,0,2,0,1,0
2024,3,117300,100,3,0,1,0
2024,3,130900,0,2,0,1,0
2025,3,211750,0,2,0,1,0
2024,2,112500,0,2,0,1,0
2025,3,239000,0,3,0,1,0
2024,2,167200,100,2,0,1,0
2024,2,94900,0,2,0,1,0
2025,3,185000,0,2,0,1,0
2025,3,104650,0,2,0,1,0
2022,3,130000,0,2,0,1,0
2025,3,294000,0,2,0,1,0
2024,1,138000,0,2,0,1,0
2025,2,140000,0,2,0,1,0
2024,3,100000,0,2,0,1,0
2025,1,216000,0,2,0,1,0
2024,3,139650,0,2,0,1,0
2025,1,64527,0,2,0,1,0
2025,2,185000,0,3,0,1,0
2025,3,173300,0,2,0,1,0
2025,3,93861,0,2,0,1,0
2024,3,92190,0,2,0,1,0
2025,2,141000,0,2,0,1,0
2025,2,299300,0,2,0,1,0
2024,3,177000,0,2,0,1,0
2024,1,95000,0,2,0,1,0
2024,1,41017,0,2,0,1,0
2025,3,150000,0,2,0,1,0
2024,2,135500,0,2,0,1,0
2024,2,175654,0,2,0,1,0
2025,2,52654,0,2,0,1,0
2024,2,133903,100,2,0,1,0
2024,3,130000,0,2,0,1,0
2024,2,165000,0,2,0,1,0
2025,3,176400,100,2,0,1,0
2023,2,130000,100,2,0,1,0
2023,3,173300,0,2,0,1,0
2024,2,175000,100,2,0,1,0
2023,3,212000,0,2,0,1,0
2025,3,135000,100,2,0,1,0
2024,3,90000,0,2,0,1,0
2025,3,82160,0,2,0,1,0
2025,3,199500,0,2,0,1,0
2025,3,140000,0,2,0,1,0
2024,2,122400,0,2,0,1,0
2025,3,225000,0,2,0,1,0
2024,3,124000,0,2,0,1,0
2025,3,142700,0,2,0,1,0
2025,3,189175,0,2,0,1,0
2025,2,117200,0,2,0,1,0
2023,3,136000,0,3,0,1,0
2025,2,120000,0,2,0,1,0
2024,1,87500,0,2,0,1,0
2024,3,190000,100,2,0,1,0
2025,3,177000,0,2,0,1,0
2025,2,84600,0,2,0,1,0
2025,3,201400,0,2,0,1,0
2024,2,115000,0,2,0,1,0
2025,2,193283,0,2,0,1,0
2024,3,181050,0,2,0,1,0
2024,3,149500,0,2,0,1,0
2025,3,143100,0,2,0,1,0
2024,3,175800,0,2,0,1,0
2022,1,60938,0,3,0,1,0
2025,3,145300,100,2,0,1,0
2024,1,100000,100,2,0,1,0
2025,3,156400,0,2,0,1,0
2025,3,180000,0,2,0,1,0
2025,2,259200,0,2,0,1,0
2025,3,90000,0,2,0,1,0
2024,2,184300,0,2,0,1,0
2025,2,152775,0,2,0,1,0
2025,2,107300,0,2,0,1,0
2025,1,160850,0,2,0,1,0
2024,3,60437,0,2,0,1,0
2024,2,107997,0,2,0,1,0
2024,2,60300,0,2,0,1,0
2024,2,168000,0,2,0,1,0
2023,3,180000,100,2,0,1,0
2024,2,210000,0,2,0,1,0
2025,1,39240,0,2,0,1,0
2024,3,96600,0,2,0,1,0
2024,3,120750,0,2,0,1,0
2025,2,135000,100,2,0,1,0
2024,3,118500,0,2,0,1,0
2025,3,140000,100,2,0,1,0
2025,3,223560,0,2,0,1,0
2024,3,200000,100,2,0,1,0
2025,2,150000,100,2,0,1,0
2024,1,117250,0,2,0,1,0
2025,3,108100,0,2,0,1,0
2025,4,320000,100,2,0,1,0
2022,3,184700,0,2,0,1,0
2024,2,180000,100,2,0,1,0
2025,1,64000,0,2,0,1,0
2024,3,160000,0,2,0,1,0
2024,3,85500,0,2,0,1,0
2024,3,200000,0,2,0,1,0
2024,2,81250,0,2,0,1,0
2024,3,170000,100,2,0,1,0
2025,3,110000,100,2,0,1,0
2024,2,140100,0,2,0,1,0
2023,3,115000,0,2,0,1,0
2023,3,150000,0,2,0,1,0
2024,3,252000,0,2,0,1,0
2024,2,275000,0,2,0,1,0
2025,2,185000,0,3,0,1,0
2025,1,34810,0,2,0,1,0
2025,3,291500,0,2,0,1,0
2024,3,165100,0,2,0,1,0
2025,1,34105,0,2,0,1,0
2024,1,51600,0,2,0,1,0
2024,2,116300,0,2,0,1,0
2025,2,115824,0,2,0,1,0
2025,3,105740,0,2,0,1,0
2024,3,79100,0,2,0,1,0
2025,2,155000,0,2,0,1,0
2024,3,264200,0,2,0,1,0
2024,2,146875,0,2,0,1,0
2023,3,38868,0,2,0,1,0
2025,1,95262,0,2,0,1,0
2024,2,68500,0,2,0,1,0
2024,3,110000,100,2,0,1,0
2024,3,86500,0,2,0,1,0
2024,3,245000,0,2,0,1,0
2024,3,200000,0,2,0,1,0
2025,2,85000,100,2,0,1,0
2025,3,150000,0,2,0,1,0
2024,3,300000,100,2,0,1,0
2024,2,200200,0,2,0,1,0
2025,3,100000,0,2,0,1,0
2025,2,143100,0,2,0,1,0
2024,3,160000,0,2,0,1,0
2025,3,86075,0,2,0,1,0
2025,2,95483,100,2,0,1,0
2025,3,180000,0,2,0,1,0
2025,2,138000,0,2,0,1,0
2025,2,98120,0,2,0,1,0
2024,3,140000,0,2,0,1,0
2024,3,74100,0,3,0,1,0
2024,2,200000,0,2,0,1,0
2024,3,120000,0,2,0,1,0
2024,2,70000,0,2,0,1,0
2025,3,140000,100,2,0,1,0
2025,3,175000,100,2,0,1,0
2025,2,236500,0,2,0,1,0
2024,2,120000,0,2,0,1,0
2025,3,190000,0,2,0,1,0
2025,3,147000,0,2,0,1,0
2025,1,70022,0,2,0,1,0
2024,1,57100,0,2,0,1,0
2025,3,96600,0,2,0,1,0
2025,2,63647,0,2,0,1,0
2024,3,147500,100,2,0,1,0
2025,2,149550,0,2,0,1,0
2024,3,179000,0,2,0,1,0
2024,2,189000,0,2,0,1,0
2025,1,60400,0,2,0,1,0
2024,2,107100,0,2,0,1,0
2024,2,113000,0,2,0,1,0
2024,3,278000,100,2,0,1,0
2025,2,72000,0,2,0,1,0
2024,3,216700,100,2,0,1,0
2025,3,112500,0,2,0,1,0
2023,2,115500,0,2,0,1,0
2025,2,102419,0,2,0,1,0
2024,2,410000,0,2,0,1,0
2025,2,90000,0,2,0,1,0
2025,2,123500,0,2,0,1,0
2025,4,287500,100,2,0,1,0
2025,1,74400,0,2,0,1,0
2024,2,50000,100,2,0,1,0
2025,2,188000,0,2,0,1,0
2024,2,55333,0,2,0,1,0
2023,3,250000,0,2,0,1,0
2025,1,105000,0,2,0,1,0
2024,2,146830,0,2,0,1,0
2025,3,170000,100,2,0,1,0
2025,2,176583,100,2,0,1,0
2025,3,138400,100,2,0,1,0
2025,3,135000,0,2,0,1,0
2025,1,73600,0,2,0,1,0
2025,3,159000,0,2,0,1,0
2025,3,214300,100,2,0,1,0
2024,3,205000,100,2,0,1,0
2025,3,220000,0,2,0,1,0
2025,2,223400,0,3,0,1,0
2024,2,56981,0,2,0,1,0
2025,1,60000,0,2,0,1,0
2024,3,260000,0,3,0,1,0
2025,3,168000,0,2,0,1,0
2025,2,58461,0,2,0,1,0
2023,3,210000,100,2,0,1,0
2025,2,180800,0,2,0,1,0
2023,3,163800,0,2,0,1,0
2024,2,57333,0,2,0,1,0
2025,1,155800,100,2,0,1,0
2024,3,180000,0,2,0,1,0
2025,3,210000,0,2,0,1,0
2024,2,73950,0,2,0,1,0
2025,3,119000,0,2,0,1,0
2024,3,132000,0,2,0,1,0
2024,2,60300,0,2,0,1,0
2025,2,152600,0,2,0,1,0
2024,2,132100,0,2,0,1,0
2024,4,29706,0,2,0,1,0
2025,2,405000,0,2,0,1,0
2025,1,70000,0,2,0,1,0
2023,3,300240,0,2,0,1,0
2025,1,50200,0,2,0,1,0
2025,2,166600,0,2,0,1,0
2025,3,300000,0,2,0,1,0
2024,2,120000,0,2,0,1,0
2025,1,160670,0,2,0,1,0
2025,2,283400,0,2,0,1,0
2025,2,234240,0,2,0,1,0
2024,2,155000,0,2,0,1,0
2025,3,200000,100,2,0,0,0
2024,3,139800,0,2,0,1,0
2024,2,169000,0,2,0,1,0
2024,3,160000,0,2,0,1,0
2025,2,180000,0,2,0,1,0
2025,3,147500,0,2,0,1,0
2024,3,212800,0,3,0,1,0
2025,3,86600,0,2,0,1,0
2024,3,222480,0,2,0,1,0
2024,3,125500,0,2,0,1,0
2025,3,230000,0,2,0,1,0
2024,3,167400,100,2,0,1,0
2025,3,138900,0,2,0,1,0
2025,3,212200,100,2,0,1,0
2025,2,200000,100,2,0,1,0
2025,3,302400,0,2,0,1,0
2025,1,100000,0,2,0,1,0
2025,2,240800,0,2,0,1,0
2025,2,632911,0,2,0,1,0
2024,1,85000,0,2,0,1,0
2024,1,250000,0,2,0,1,0
2025,3,178880,0,2,0,1,0
2024,2,202800,0,2,0,1,0
2025,4,177215,0,2,0,1,0
2024,3,66666,0,2,0,1,0
2024,2,145000,0,2,0,1,0
2025,2,120000,0,2,0,1,0
2025,3,170760,0,2,0,1,0
2024,3,237500,0,2,0,1,0
2024,3,135000,0,2,0,1,0
2025,3,190000,0,2,0,1,0
2025,1,60000,0,2,0,1,0
2024,2,150000,100,2,0,1,0
2025,2,136000,0,2,0,0,0
2025,3,310500,0,2,0,1,0
2025,2,120000,0,2,0,1,0
2025,3,145000,100,2,0,1,0
2021,2,135000,100,3,0,1,0
2022,3,158200,100,3,0,1,0
2024,2,62521,0,2,0,1,0
2024,2,85500,0,2,0,1,0
2024,2,180000,0,2,0,1,0
2024,2,43750,0,2,0,1,0
2025,1,48000,0,2,0,1,0
2025,1,54000,0,2,0,0,1
2025,3,188640,0,2,0,1,0
2024,3,100000,100,2,0,1,0
2024,1,137000,0,2,0,1,0
2024,3,125000,100,2,0,1,0
2025,3,137000,100,2,0,1,0
2024,3,155200,0,2,0,1,0
2024,3,137750,0,2,0,1,0
2024,3,160000,100,2,0,1,0
2024,3,108000,0,2,0,1,0
2024,3,116700,0,2,0,1,0
2025,3,240000,0,2,0,1,0
2025,2,197200,100,2,0,1,0
2025,3,162000,0,2,0,1,0
2025,2,100082,0,2,0,1,0
2024,3,86850,0,2,0,1,0
2025,3,154900,0,2,0,1,0
2024,3,108000,0,2,0,1,0
2024,3,188500,0,2,0,1,0
2024,3,104800,0,2,0,1,0
2025,2,220000,0,2,0,1,0
2023,3,180000,100,2,0,1,0
2025,3,218030,0,2,0,1,0
2024,3,110000,0,2,0,1,0
2025,3,200000,0,2,0,1,0
2024,2,61800,0,2,0,1,0
2025,2,123860,100,2,0,1,0
2023,3,266450,0,2,0,1,0
2025,3,60543,0,2,0,1,0
2023,2,180000,100,2,0,1,0
2024,2,251000,0,2,0,1,0
2024,1,177000,0,2,0,1,0
2025,2,120400,0,2,0,1,0
2024,3,219300,0,2,0,1,0
2024,3,399600,0,2,0,1,0
2024,3,166600,0,2,0,1,0
2024,3,219000,0,2,0,1,0
2024,3,210255,0,2,0,1,0
2024,3,150000,0,2,0,1,0
2025,3,250000,100,2,0,1,0
2024,2,178000,0,2,0,1,0
2023,3,180000,0,2,0,1,0
2025,1,50632,0,2,0,1,0
2025,1,56000,100,2,0,1,0
2025,2,60000,0,2,0,1,0
2025,3,314400,0,2,0,1,0
2024,3,408500,0,2,0,1,0
2025,3,168000,0,2,0,1,0
2024,4,188640,0,2,0,1,0
2025,4,350000,0,2,0,1,0
2024,2,97000,0,2,0,1,0
2025,3,514500,0,2,0,1,0
2025,3,94936,0,2,0,1,0
2024,2,83028,0,2,0,1,0
2024,2,250000,0,2,0,1,0
2025,3,250200,0,2,0,1,0
2023,3,162000,100,2,0,1,0
2024,3,83000,100,2,0,1,0
2025,2,166465,0,2,0,1,0
2024,3,149000,100,2,0,1,0
2024,3,180000,100,2,0,1,0
2024,3,273000,0,2,0,1,0
2024,2,225060,0,2,0,1,0
2024,2,172000,0,2,0,1,0
2023,3,222200,0,3,0,1,0
2023,2,75000,0,2,0,1,0
2024,3,185000,0,2,0,1,0
2025,2,130000,100,2,0,1,0
2025,2,340000,0,2,0,1,0
2025,3,232300,0,2,0,1,0
2022,2,42000,100,2,0,1,0
2024,3,109512,0,2,0,1,0
2025,2,47100,100,2,0,1,0
2024,3,180000,0,2,0,1,0
2024,2,65600,0,2,0,1,0
2024,1,159850,0,2,0,1,0
2023,3,79600,0,3,0,1,0
2025,3,160000,100,2,0,1,0
2025,3,56962,0,2,0,1,0
2024,2,100000,0,2,0,1,0
2025,4,232900,0,2,0,1,0
2024,2,440000,0,2,0,1,0
2024,3,199100,0,2,0,1,0
2025,3,160000,0,2,0,1,0
2024,2,80000,0,2,0,1,0
2024,3,182400,0,2,0,1,0
2025,1,73506,0,2,0,1,0
2023,3,171600,0,2,0,1,0
2024,2,125000,0,2,0,1,0
2025,1,44500,0,2,0,1,0
2025,3,213800,0,2,0,1,0
2024,3,145600,0,2,0,1,0
2024,2,75600,0,2,0,1,0
2025,3,270700,0,2,0,1,0
2025,2,155000,0,2,0,1,0
2024,1,77777,0,2,0,1,0
2024,2,85000,0,2,0,1,0
2025,2,177000,0,2,0,1,0
2025,3,104000,0,2,0,1,0
2025,2,144000,0,2,0,1,0
2024,3,116500,100,2,0,1,0
2024,2,76128,0,2,0,1,0
2024,3,144538,0,2,0,1,0
2024,2,200000,100,2,0,1,0
2024,3,120000,0,2,0,1,0
2023,3,110000,0,2,0,1,0
2025,3,110000,0,2,0,1,0
2024,2,178250,0,2,0,1,0
2025,2,95000,0,2,0,1,0
2025,3,180000,0,2,0,1,0
2022,3,190000,100,2,0,1,0
2025,2,50000,100,2,0,0,0
2025,3,266000,100,2,0,1,0
2024,3,220800,100,2,0,1,0
2023,2,95000,0,2,0,1,0
2024,2,259200,0,2,0,1,0
2024,3,175800,0,2,0,1,0
2024,3,67500,0,2,0,1,0
2025,3,101287,0,2,0,1,0
2024,3,309000,0,2,0,1,0
2025,1,250000,0,2,0,1,0
2024,3,188126,0,2,0,1,0
2025,2,175000,0,2,0,1,0
2024,3,140000,0,2,0,0,0
2024,3,160000,100,2,0,1,0
2025,3,121000,0,2,0,1,0
2025,3,205000,0,2,0,1,0
2025,2,229000,0,2,0,1,0
2024,2,81250,0,2,0,1,0
2025,3,230555,0,2,0,1,0
2025,3,247300,0,2,0,1,0
2025,2,170000,0,2,0,1,0
2024,2,137510,0,2,0,1,0
2024,2,128000,0,2,0,1,0
2025,2,145000,0,2,0,1,0
2025,3,291000,0,2,0,1,0
2024,3,355000,0,2,0,1,0
2023,3,182500,0,2,0,1,0
2025,3,65684,0,2,0,1,0
2025,2,143900,100,2,0,1,0
2023,3,143000,0,2,0,1,0
2025,3,135000,0,2,0,1,0
2023,3,120000,100,2,0,1,0
2025,3,123000,0,2,0,1,0
2025,2,90000,100,2,0,1,0
2024,1,47840,0,2,0,1,0
2025,3,250200,0,2,0,1,0
2024,2,156000,0,2,0,1,0
2024,4,125000,0,2,0,1,0
2024,1,172100,0,2,0,1,0
2025,1,170600,0,2,0,1,0
2024,3,105100,0,3,0,1,0
2024,3,124800,0,2,0,1,0
2025,3,346000,0,2,0,1,0
2025,2,325000,0,2,0,1,0
2024,2,102568,0,2,0,1,0
2025,2,177600,0,2,0,1,0
2024,3,280000,0,2,0,1,0
2025,2,120000,0,2,0,1,0
2024,3,120000,0,2,0,1,0
2025,3,193500,0,2,0,1,0
2024,3,85000,0,2,0,1,0
2024,3,190000,100,2,0,1,0
2025,3,172000,0,2,0,1,0
2024,3,246888,0,2,0,1,0
2024,3,122000,0,2,0,1,0
2024,3,233840,0,2,0,1,0
2025,1,74000,0,2,0,1,0
2024,2,55000,100,2,0,0,0
2025,3,69000,0,2,0,1,0
2024,2,112500,0,2,0,1,0
2024,2,43582,0,2,0,1,0
2024,2,252000,0,2,0,1,0
2025,4,180000,0,2,0,1,0
2025,3,80000,0,2,0,1,0
2024,3,68750,0,2,0,1,0
2025,2,410000,0,2,0,1,0
2024,3,296000,0,2,0,1,0
2025,2,90000,0,2,0,1,0
2025,3,55229,0,2,0,1,0
2025,3,176000,0,2,0,1,0
2022,4,200000,100,1,0,1,0
2024,2,165000,100,2,0,1,0
2022,2,80000,100,2,0,1,0
2024,2,108500,0,2,0,1,0
2025,1,51625,100,2,0,1,0
2025,3,138296,0,2,0,1,0
2024,1,124800,0,2,0,1,0
2025,3,465000,100,2,0,1,0
2024,2,147472,0,2,0,1,0
2025,3,153935,100,2,0,1,0
2024,3,142000,0,2,0,1,0
2024,2,195500,100,2,0,1,0
2025,3,329420,0,2,0,1,0
2025,3,199920,0,2,0,1,0
2023,3,164000,0,2,0,1,0
2024,3,104800,0,2,0,1,0
2024,1,28750,0,2,0,1,0
2025,3,110000,0,2,0,1,0
2025,3,172931,0,2,0,1,0
2025,3,143387,0,2,0,1,0
2025,3,198000,0,2,0,1,0
2025,3,167600,0,2,0,1,0
2024,3,164500,0,2,0,1,0
2024,3,61600,0,2,0,1,0
2024,3,110200,0,2,0,1,0
2024,3,137000,100,2,0,1,0
2024,1,72862,0,2,0,1,0
2025,3,160000,0,2,0,1,0
2025,1,46000,0,2,0,1,0
2024,2,55000,0,2,0,1,0
2025,2,190000,100,2,0,1,0
2025,3,325000,0,2,0,1,0
2025,3,194500,0,2,0,1,0
2023,3,110000,100,2,0,1,0
2024,2,117600,0,3,0,1,0
2024,3,92700,100,2,0,1,0
2025,2,165000,0,2,0,1,0
2025,3,213480,0,2,0,1,0
2025,3,170000,100,2,0,1,0
2025,1,41684,0,2,0,1,0
2024,3,284000,0,2,0,1,0
2025,1,21473,0,2,0,1,0
2024,2,140000,100,2,0,1,0
2025,2,100000,0,2,0,1,0
2024,3,230000,0,2,0,1,0
2025,2,179300,0,2,0,1,0
2024,3,223856,0,2,0,1,0
2023,3,225000,0,2,0,1,0
2025,3,150000,0,2,0,1,0
2025,2,212640,100,2,0,1,0
2025,2,100600,0,2,0,1,0
2024,2,259500,0,2,0,1,0
2024,3,223000,100,2,0,1,0
2024,3,61562,0,2,0,1,0
2024,2,125500,0,3,0,1,0
2025,3,160000,100,2,0,1,0
2022,3,120000,0,2,0,1,0
2025,3,114000,0,2,0,1,0
2025,3,230000,0,2,0,1,0
2024,3,150000,0,2,0,1,0
2024,3,264200,0,2,0,1,0
2024,3,111400,100,2,0,1,0
2025,1,65520,100,2,0,1,0
2023,3,113500,0,2,0,1,0
2024,2,80000,0,2,0,1,0
2025,3,253000,0,2,0,1,0
2024,2,119076,100,2,0,1,0
2024,3,119250,100,2,0,1,0
2024,1,154500,0,2,0,1,0
2024,2,160000,0,2,0,1,0
2025,3,110000,0,2,0,1,0
2024,3,250200,0,2,0,1,0
2025,3,163000,0,2,0,1,0
2024,3,210000,0,2,0,1,0
2024,3,150000,0,2,0,1,0
2025,2,560000,0,2,0,1,0
2024,3,175800,0,2,0,1,0
2024,3,45700,0,2,0,1,0
2025,1,100000,0,2,0,1,0
2025,3,186800,100,2,0,1,0
2024,3,320000,0,2,0,1,0
2024,3,250000,100,2,0,1,0
2025,1,197230,0,2,0,1,0
2025,2,174681,100,2,0,1,0
2025,3,440000,0,2,0,1,0
2025,2,119076,0,2,0,1,0
2024,2,210000,0,2,0,1,0
2025,3,130000,0,2,0,1,0
2025,2,77000,0,2,0,1,0
2024,3,110000,100,2,0,1,0
2025,3,213900,0,2,0,1,0
2024,2,214900,100,2,0,1,0
2024,3,152000,0,2,0,1,0
2025,4,170000,0,2,0,1,0
2024,3,250200,0,2,0,1,0
2024,3,260000,0,3,0,1,0
2025,2,129639,100,2,0,1,0
2023,3,153000,100,2,0,1,0
2025,3,195100,0,2,0,1,0
2024,1,32000,100,2,0,1,0
2024,3,151800,0,2,0,1,0
2024,2,148000,0,2,0,1,0
2024,3,185000,0,2,0,1,0
2024,2,128000,0,2,0,1,0
2024,3,57066,0,2,0,1,0
2025,2,80900,100,2,0,1,0
2024,3,154000,100,2,0,1,0
2025,3,137900,100,2,0,1,0
2025,2,85280,0,2,0,1,0
2023,1,41027,100,3,0,1,0
2024,3,141200,0,2,0,1,0
2024,3,210000,100,2,0,1,0
2025,2,186000,0,2,0,1,0
2025,2,85000,0,2,0,1,0
2024,3,110000,100,2,0,1,0
2024,3,120500,0,2,0,1,0
2025,3,294500,0,2,0,1,0
2024,3,142500,0,2,0,1,0
2024,2,59570,0,2,0,1,0
2024,3,136700,0,2,0,1,0
2025,4,177215,0,2,0,1,0
2025,3,315000,100,2,0,1,0
2024,2,136300,0,2,0,1,0
2023,3,323300,0,2,0,1,0
2025,2,107100,0,2,0,1,0
2023,3,208450,100,2,0,1,0
2022,3,105000,100,2,0,1,0
2024,2,115920,0,2,0,1,0
2025,2,59158,0,2,0,1,0
2025,2,185000,0,3,0,1,0
2025,3,205000,100,2,0,1,0
2024,3,160000,0,2,0,1,0
2024,1,56000,0,2,0,1,0
2025,2,30315,0,2,0,1,0
2025,2,149000,0,2,0,1,0
2023,1,85600,0,2,0,1,0
2024,3,137600,0,2,0,1,0
2024,3,74800,0,2,0,1,0
2025,4,110000,0,2,0,1,0
2022,1,129000,100,3,0,1,0
2024,3,150000,100,2,0,1,0
2024,3,75600,0,2,0,1,0
2025,2,208800,0,2,0,1,0
2024,3,100000,100,2,0,1,0
2025,1,92600,0,2,0,1,0
2024,3,176700,0,2,0,1,0
2025,3,224000,0,2,0,1,0
2024,1,85104,0,2,0,1,0
2025,2,110000,0,2,0,1,0
2025,3,250200,0,2,0,1,0
2025,3,50632,0,2,0,1,0
2025,2,170000,0,2,0,1,0
2025,3,286000,0,2,0,1,0
2025,3,167200,0,2,0,1,0
2024,2,280000,0,2,0,1,0
2025,3,68700,100,2,0,1,0
2025,2,117000,0,2,0,1,0
2024,3,155000,0,2,0,1,0
2025,3,150000,0,2,0,1,0
2024,3,194000,0,2,0,1,0
2025,3,283990,0,2,0,1,0
2024,3,189000,0,2,0,1,0
2025,3,155000,100,2,0,1,0
2025,3,112000,0,2,0,1,0
2025,3,212000,0,2,0,1,0
2024,3,250000,0,2,0,1,0
2024,2,128000,0,2,0,1,0
2024,1,141200,0,2,0,1,0
2023,3,140000,0,2,0,1,0
2024,3,303500,0,2,0,1,0
2025,3,125000,0,2,0,1,0
2025,3,175125,0,2,0,1,0
2024,3,150000,0,2,0,1,0
2025,2,180000,100,2,0,1,0
2024,1,66560,0,2,0,1,0
2024,2,120000,100,2,0,1,0
2024,3,167111,0,2,0,1,0
2025,3,158600,0,2,0,1,0
2024,2,250000,0,2,0,1,0
2024,3,122600,0,2,0,1,0
2025,3,300000,0,2,0,1,0
2025,3,114080,0,2,0,1,0
2024,3,118514,0,2,0,1,0
2024,4,225000,100,2,0,1,0
2024,1,100400,0,2,0,1,0
2025,1,75774,0,2,0,1,0
2025,3,240240,0,2,0,1,0
2025,2,108643,0,2,0,1,0
2025,1,60000,0,2,0,1,0
2025,3,136000,0,2,0,1,0
2024,2,39245,0,2,0,1,0
2025,3,145537,0,2,0,1,0
2025,3,90000,0,2,0,1,0
2025,2,140000,100,2,0,1,0
2024,2,187110,0,2,0,1,0
2024,3,253000,0,2,0,1,0
2025,2,84846,0,2,0,1,0
2025,3,189175,0,2,0,1,0
2024,3,253000,0,2,0,1,0
2024,3,124000,0,2,0,1,0
2023,3,84000,0,2,0,1,0
2024,3,167200,0,2,0,1,0
2025,2,130000,0,2,0,1,0
2025,3,76081,0,2,0,1,0
2025,3,151100,0,2,0,1,0
2024,3,206000,0,2,0,1,0
2024,3,209000,0,2,0,1,0
2024,1,180000,0,2,0,1,0
2024,2,66000,0,2,0,1,0
2024,1,220984,0,2,0,1,0
2024,3,135000,0,2,0,1,0
2024,3,339250,0,2,0,1,0
2024,3,145000,0,2,0,1,0
2025,3,154500,0,2,0,1,0
2025,1,242000,0,2,0,1,0
2025,2,217000,0,2,0,1,0
2025,2,145000,0,2,0,1,0
2025,3,73000,0,2,0,1,0
2025,2,172000,0,2,0,0,1
2024,2,193200,0,2,0,1,0
2025,2,180000,0,2,0,1,0
2024,2,54000,100,2,0,1,0
2024,3,165000,0,2,0,1,0
2025,1,78000,0,2,0,1,0
2024,2,214500,0,2,0,1,0
2025,2,108000,0,2,0,1,0
2024,3,207810,0,2,0,1,0
2024,3,233200,0,2,0,1,0
2025,3,168000,100,2,0,1,0
2025,3,132000,0,2,0,1,0
2024,1,73200,0,2,0,1,0
2024,1,250000,0,2,0,1,0
2025,3,96000,0,2,0,1,0
2024,2,98300,0,2,0,1,0
2024,2,130104,0,2,0,1,0
2025,2,205412,0,2,0,1,0
2023,1,59059,0,2,0,1,0
2024,3,127500,0,2,0,1,0
2024,2,137000,0,2,0,1,0
2025,3,128500,0,2,0,1,0
2024,3,220000,0,2,0,1,0
2024,2,100000,0,2,0,1,0
2023,3,134000,0,2,0,1,0
2025,2,195000,0,2,0,1,0
2024,4,353500,0,2,0,1,0
2025,3,188640,0,2,0,1,0
2025,3,203000,100,2,0,1,0
2024,2,137930,0,2,0,1,0
2025,3,110000,100,2,0,1,0
2024,3,72700,0,2,0,1,0
2024,1,40000,100,2,0,1,0
2025,1,40000,0,2,0,1,0
2024,2,137600,0,2,0,1,0
2024,2,160000,0,2,0,1,0
2025,3,340000,0,2,0,1,0
2025,3,137510,0,2,0,1,0
2025,3,140000,100,2,0,1,0
2023,3,133000,100,2,0,1,0
2023,1,124234,0,2,0,1,0
2024,2,96400,0,2,0,1,0
2025,3,338270,0,2,0,1,0
2025,3,122616,0,2,0,1,0
2025,2,55200,0,2,0,1,0
2024,2,107957,0,2,0,1,0
2025,3,110000,0,2,0,1,0
2025,1,176000,0,2,0,1,0
2025,2,270000,0,2,0,1,0
2025,2,275000,0,2,0,1,0
2024,2,175000,0,2,0,1,0
2024,2,110000,0,2,0,1,0
2025,2,198000,0,2,0,1,0
2024,3,124000,0,2,0,1,0
2025,3,176000,0,2,0,1,0
2025,2,42905,0,2,0,1,0
2025,3,104860,0,2,0,1,0
2025,2,312000,0,2,0,1,0
2025,3,85150,0,2,0,1,0
2024,3,100800,0,2,0,1,0
2025,1,140000,0,2,0,1,0
2024,3,180100,0,2,0,1,0
2025,2,290004,0,2,0,1,0
2025,3,116900,0,2,0,1,0
2024,2,119000,0,2,0,1,0
2025,3,107000,0,2,0,1,0
2025,2,192200,0,2,0,1,0
2025,1,79874,0,2,0,1,0
2024,1,80000,100,2,0,1,0
2024,3,265200,0,2,0,1,0
2025,3,207000,100,2,0,1,0
2025,3,236500,0,2,0,1,0
2024,3,160000,0,2,0,1,0
2025,2,141000,0,2,0,1,0
2025,3,194180,0,2,0,1,0
2025,2,295000,100,2,0,1,0
2025,3,204000,0,2,0,1,0
2024,3,266000,0,2,0,1,0
2025,3,124200,0,2,0,1,0
2024,3,150000,100,2,0,1,0
2024,4,130000,100,2,0,1,0
2024,1,100000,0,2,0,1,0
2025,3,210000,0,2,0,1,0
2024,3,110600,0,2,0,1,0
2024,3,244000,0,2,0,1,0
2025,2,121790,100,2,0,1,0
2024,3,151300,0,3,0,1,0
2024,3,31200,100,2,0,1,0
2024,2,42666,0,2,0,1,0
2025,3,180000,100,2,0,1,0
2025,3,154000,0,2,0,1,0
2024,2,104000,0,2,0,1,0
2024,1,84800,100,2,0,1,0
2024,3,130000,100,2,0,1,0
2025,3,213000,0,2,0,1,0
2024,3,259000,100,2,0,1,0
2023,3,100000,100,2,0,1,0
2025,3,110400,0,2,0,1,0
2024,3,235680,0,2,0,1,0
2024,2,230000,100,2,0,1,0
2024,3,96000,100,2,0,1,0
2024,1,93000,0,2,0,1,0
2025,3,276000,0,2,0,1,0
2025,2,100000,100,2,0,1,0
2024,4,51352,0,2,0,1,0
2025,2,425000,0,2,0,1,0
2024,3,107500,100,2,0,1,0
2025,2,160000,100,2,0,1,0
2024,3,198800,0,2,0,1,0
2025,4,276000,0,2,0,1,0
2025,2,115143,0,2,0,1,0
2024,2,395000,0,2,0,1,0
2025,3,105000,100,2,0,1,0
2025,2,111662,0,2,0,1,0
2025,1,32911,0,2,0,1,0
2024,2,172000,0,2,0,1,0
2025,3,92857,100,2,0,1,0
2024,3,252000,0,2,0,1,0
2025,2,73300,0,2,0,1,0
2025,3,204200,0,2,0,1,0
2024,3,157000,0,2,0,1,0
2023,3,142352,0,2,0,1,0
2024,3,410000,0,2,0,1,0
2025,2,133630,0,2,0,1,0
2024,3,234000,100,2,0,1,0
2025,2,85150,0,2,0,1,0
2024,1,208800,0,2,0,1,0
2025,3,90000,0,2,0,1,0
2024,3,161863,0,2,0,1,0
2025,3,290000,100,2,0,1,0
2025,3,346500,0,2,0,1,0
2025,2,80000,0,2,0,1,0
2025,3,205000,100,2,0,1,0
2024,1,37000,100,2,0,1,0
2024,3,112000,0,2,0,1,0
2024,2,145000,100,2,0,1,0
2024,3,117300,100,3,0,1,0
2025,3,106200,0,2,0,1,0
2025,3,150000,0,2,0,1,0
2024,3,158400,0,2,0,1,0
2024,2,56250,0,2,0,1,0
2024,3,125000,100,2,0,1,0
2025,3,140000,0,2,0,1,0
2024,2,179000,0,2,0,1,0
2023,3,143100,0,2,0,1,0
2025,3,178375,0,2,0,1,0
2024,2,276000,0,2,0,1,0
2024,2,91260,0,2,0,1,0
2024,1,28800,100,2,0,1,0
2025,3,192000,0,2,0,1,0
2024,3,153900,0,2,0,1,0
2025,3,440000,100,2,0,1,0
2025,3,172500,100,2,0,1,0
2024,2,97000,100,2,0,1,0
2024,2,137000,0,2,0,1,0
2024,2,129300,0,3,0,1,0
2025,1,80000,0,2,0,1,0
2024,3,122200,100,2,0,1,0
2024,3,194000,0,2,0,1,0
2025,2,141400,0,2,0,1,0
2024,3,189000,0,2,0,1,0
2024,2,106250,0,2,0,1,0
2024,2,125000,0,2,0,1,0
2025,3,142800,0,2,0,1,0
2024,1,132700,0,2,0,1,0
2025,2,82278,0,2,0,1,0
2024,3,175100,100,2,0,1,0
2022,3,172309,100,3,0,1,0
2025,3,86900,0,2,0,1,0
2024,3,146000,0,2,0,1,0
2024,2,122000,0,2,0,1,0
2024,3,304750,0,2,0,1,0
2024,2,125000,0,2,0,1,0
2025,2,130000,0,2,0,1,0
2024,1,70000,100,2,0,1,0
2023,4,239000,100,2,0,1,0
2024,3,97335,0,2,0,1,0
2024,3,212800,0,2,0,1,0
2024,3,195100,0,2,0,1,0
2024,2,140000,100,2,0,1,0
2024,3,206000,100,2,0,1,0
2024,3,167700,100,2,0,1,0
2025,3,152200,0,2,0,1,0
2025,3,113989,100,2,0,1,0
2024,3,180000,0,2,0,1,0
2024,2,114500,0,2,0,1,0
2024,3,125000,100,2,0,1,0
2025,3,115000,100,2,0,1,0
2025,1,110000,0,2,0,1,0
2025,3,168000,0,2,0,1,0
2025,1,99000,0,2,0,1,0
2025,3,240000,0,2,0,1,0
2023,3,133300,0,2,0,1,0
2025,2,143000,0,2,0,1,0
2024,3,104828,0,2,0,1,0
2024,3,160000,100,2,0,1,0
2023,3,70000,0,2,0,1,0
2025,3,120000,100,2,0,1,0
2024,3,188640,0,2,0,1,0
2024,1,65000,0,2,0,1,0
2023,3,145000,0,2,0,1,0
2024,3,136100,0,2,0,1,0
2025,2,163000,0,2,0,1,0
2025,3,115900,0,2,0,1,0
2024,3,136000,0,3,0,1,0
2024,3,500000,0,2,0,1,0
2025,1,84600,100,2,0,1,0
2025,3,169320,0,2,0,1,0
2025,3,155000,0,2,0,1,0
2025,3,115600,100,2,0,1,0
2025,3,251600,0,2,0,1,0
2025,3,153000,0,2,0,1,0
2023,3,197500,0,2,0,1,0
2024,3,147767,0,2,0,1,0
2025,1,56000,0,2,0,1,0
2023,3,183000,100,2,0,1,0
2025,3,237500,0,2,0,1,0
2024,3,151000,0,2,0,1,0
2025,3,234000,0,2,0,1,0
2024,3,220000,0,2,0,1,0
2025,3,135000,0,2,0,1,0
2024,3,220000,100,2,0,1,0
2024,3,218500,0,2,0,1,0
2025,2,312200,0,2,0,1,0
2023,3,200000,100,2,0,1,0
2025,3,103600,0,2,0,1,0
2025,4,45734,0,2,0,1,0
2024,3,189000,100,2,0,1,0
2024,3,138000,0,2,0,1,0
2025,2,115100,0,2,0,1,0
2025,3,180000,0,2,0,1,0
2024,1,79400,0,2,0,1,0
2024,3,110000,100,2,0,1,0
2024,3,200070,0,2,0,1,0
2024,3,190800,100,2,0,1,0
2024,3,190000,0,2,0,1,0
2024,3,168000,0,2,0,1,0
2024,2,137000,0,2,0,1,0
2024,3,117300,0,2,0,1,0
2024,2,252000,0,2,0,1,0
2024,1,82402,0,2,0,1,0
2024,3,92700,0,2,0,1,0
2025,3,178200,0,2,0,1,0
2024,2,77350,0,2,0,1,0
2024,3,294000,0,2,0,1,0
2025,3,117000,0,2,0,1,0
2025,3,180000,0,2,0,1,0
2025,2,90000,0,2,0,1,0
2025,3,158500,0,2,0,1,0
2024,3,125000,0,2,0,1,0
2024,2,222200,0,3,0,1,0
2025,3,140000,0,2,0,1,0
2025,2,135000,0,2,0,1,0
2024,3,168000,0,2,0,1,0
2025,2,250000,0,2,0,1,0
2023,3,215000,0,2,0,1,0
2025,3,141200,0,2,0,1,0
2025,3,140000,0,2,0,1,0
2025,2,56962,0,2,0,1,0
2024,2,117000,0,2,0,1,0
2025,1,126000,0,2,0,1,0
2024,1,112781,100,2,0,1,0
2024,1,66000,0,2,0,0,1
2025,3,272700,0,2,0,1,0
2024,2,120000,0,2,0,1,0
2025,2,97000,0,2,0,1,0
2024,2,74476,0,2,0,1,0
2024,2,103800,0,2,0,1,0
2024,2,118000,0,2,0,1,0
2025,3,182000,0,2,0,1,0
2025,3,175000,100,2,0,1,0
2024,3,264200,0,2,0,1,0
2025,2,156750,0,2,0,1,0
2023,1,73900,0,2,0,1,0
2025,3,152500,0,2,0,1,0
2025,2,105714,0,2,0,1,0
2025,3,236900,0,2,0,1,0
2025,2,55000,100,2,0,1,0
2025,3,85714,0,2,0,1,0
2024,3,160000,100,2,0,1,0
2025,3,126000,0,2,0,1,0
2024,4,264000,0,2,0,1,0
2024,3,238000,0,2,0,1,0
2025,2,51789,0,2,0,1,0
2024,3,250200,0,2,0,1,0
2025,3,465000,0,2,0,1,0
2025,2,235000,0,2,0,1,0
2025,3,170000,0,2,0,1,0
2025,1,104556,0,2,0,1,0
2025,2,54080,0,2,0,1,0
2024,2,25000,100,2,0,1,0
2025,3,145100,0,2,0,1,0
2025,2,166810,100,2,0,1,0
2024,3,337250,0,2,0,1,0
2025,3,130000,0,2,0,1,0
2024,3,92300,0,2,0,1,0
2024,2,123400,0,2,0,1,0
2024,3,235400,0,2,0,1,0
2024,3,90000,0,2,0,1,0
2024,1,171000,0,2,0,1,0
2025,2,100000,0,2,0,1,0
2024,1,45000,0,2,0,1,0
2025,3,200000,0,2,0,1,0
2024,3,346500,0,2,0,1,0
2025,3,161000,0,2,0,1,0
2025,2,105622,0,2,0,1,0
2025,3,110500,0,2,0,1,0
2025,3,170000,0,2,0,1,0
2023,2,200000,0,2,0,1,0
2025,3,106600,0,2,0,1,0
2025,1,46000,0,2,0,1,0
2022,2,115360,100,2,0,1,0
2025,3,152000,0,2,0,1,0
2024,3,231100,0,2,0,1,0
2025,3,170000,0,2,0,1,0
2025,3,125760,0,2,0,1,0
2024,3,210000,0,2,0,1,0
2024,1,76546,0,2,0,1,0
2025,2,159850,0,2,0,1,0
2025,3,44433,0,2,0,1,0
2025,2,167200,0,2,0,1,0
2024,3,180000,0,2,0,1,0
2024,3,250200,0,2,0,1,0
2025,3,211000,100,2,0,1,0
2025,2,48000,0,2,0,1,0
2024,2,135000,100,2,0,1,0
2024,2,113700,0,2,0,1,0
2024,3,337000,0,2,0,1,0
2024,3,160000,0,2,0,1,0
2024,3,255475,100,2,0,1,0
2024,3,180500,0,2,0,1,0
2024,3,89600,0,3,0,1,0
2023,3,180000,0,2,0,1,0
2024,1,145000,0,2,0,1,0
2025,3,113100,100,2,0,1,0
2025,2,130000,0,2,0,1,0
2024,3,211800,0,2,0,1,0
2025,3,75949,100,2,0,1,0
2024,2,168084,0,2,0,1,0
2024,2,160000,0,2,0,1,0
2024,1,77250,0,2,0,1,0
2025,2,97300,0,2,0,1,0
2025,3,117000,0,2,0,1,0
2024,2,160700,0,2,0,1,0
2024,1,165300,0,2,0,1,0
2024,3,123300,0,2,0,1,0
2024,1,250200,0,2,0,1,0
2025,3,196000,0,2,0,1,0
2024,2,127950,0,2,0,1,0
2025,1,149000,100,2,0,1,0
2024,3,236000,100,2,0,1,0
2024,2,80000,0,2,0,1,0
2025,1,85000,0,2,0,1,0
2024,3,224000,0,2,0,1,0
2025,3,347700,0,2,0,1,0
2024,3,91520,0,2,0,1,0
2024,2,44850,0,2,0,1,0
2024,3,110000,100,2,0,1,0
2024,3,185000,0,2,0,1,0
2024,1,140690,0,2,0,1,0
2024,3,160000,0,2,0,1,0
2025,2,140000,0,2,0,1,0
2024,3,125000,0,2,0,1,0
2024,2,120750,0,2,0,1,0
2025,3,255651,0,2,0,1,0
2024,3,310000,0,2,0,1,0
2025,3,162500,0,2,0,1,0
2024,2,97600,0,2,0,1,0
2025,3,214800,100,2,0,1,0
2025,3,190000,0,2,0,1,0
2025,2,69100,100,2,0,1,0
2024,3,162150,0,2,0,1,0
2025,3,272700,0,2,0,1,0
2023,2,21000,100,1,1,0,0
2024,2,173400,0,2,0,1,0
2025,3,108000,0,2,0,1,0
2024,2,110000,0,2,0,1,0
2025,3,291500,100,2,0,1,0
2025,3,175800,0,2,0,1,0
2024,2,208000,0,2,0,1,0
2024,1,94500,0,2,0,1,0
2025,3,81400,100,2,0,1,0
2024,1,69230,0,2,0,1,0
2024,3,180000,0,2,0,1,0
2025,2,150000,0,2,0,1,0
2023,3,100000,0,2,0,1,0
2024,3,170000,0,2,0,1,0
2025,2,129000,0,2,0,1,0
2024,3,160000,0,2,0,1,0
2025,3,309100,0,2,0,1,0
2025,2,299300,0,2,0,1,0
2025,3,273000,0,2,0,1,0
2024,3,185000,0,2,0,1,0
2025,3,163000,0,2,0,1,0
2024,3,130920,0,2,0,1,0
2024,3,227800,0,2,0,1,0
2024,2,108000,0,2,0,1,0
2025,3,63157,0,2,0,1,0
2023,3,184700,0,2,0,1,0
2025,3,92000,0,2,0,1,0
2025,3,200000,0,2,0,1,0
2025,1,108000,0,2,0,1,0
2025,3,99000,0,2,0,1,0
2025,3,135000,100,2,0,1,0
2024,2,140000,0,2,0,1,0
2024,3,212800,0,2,0,1,0
2025,3,202000,100,2,0,1,0
2025,3,150000,0,2,0,1,0
2025,3,110000,0,2,0,1,0
2025,3,260000,100,2,0,1,0
2023,2,75000,100,2,0,1,0
2024,3,231100,0,2,0,1,0
2024,3,200000,0,2,0,1,0
2025,2,207000,0,2,0,1,0
2024,2,385000,0,2,0,1,0
2024,3,272000,0,2,0,1,0
2025,2,84000,0,2,0,1,0
2025,3,380000,0,2,0,1,0
2024,3,200000,0,2,0,1,0
2025,3,185000,0,2,0,1,0
2025,3,188000,0,2,0,1,0
2024,3,94200,0,2,0,1,0
2025,2,103000,0,2,0,1,0
2022,2,98506,100,2,0,1,0
2025,3,197400,0,2,0,1,0
2023,3,141000,0,2,0,1,0
2024,3,93300,0,2,0,1,0
2025,3,117000,0,2,0,1,0
2022,2,24000,0,2,0,1,0
2024,2,75600,0,2,0,1,0
2023,2,76284,100,2,0,1,0
2024,3,133000,0,2,0,1,0
2025,3,26000,0,2,0,1,0
2023,1,58400,0,2,0,1,0
2023,3,119700,0,2,0,1,0
2024,3,143000,0,2,0,1,0
2024,1,66578,0,2,0,1,0
2024,3,312200,0,2,0,1,0
2024,2,142500,0,2,0,1,0
2024,3,219000,100,2,0,1,0
2025,3,160000,100,2,0,1,0
2023,3,110000,0,2,0,1,0
2025,3,121400,0,2,0,1,0
2024,3,110000,0,2,0,1,0
2025,2,37894,0,2,0,1,0
2025,3,220000,0,2,0,1,0
2024,3,110000,100,2,0,1,0
2024,3,207000,0,2,0,1,0
2024,2,149800,0,2,0,1,0
2025,1,142000,0,2,0,1,0
2025,3,150000,0,2,0,1,0
2024,1,219100,0,2,0,1,0
2024,1,158200,0,2,0,1,0
2024,2,60000,0,2,0,1,0
2025,3,329000,100,2,0,1,0
2025,3,162400,100,2,0,1,0
2024,2,28888,0,2,0,1,0
2024,3,160000,100,2,0,1,0
2024,3,146000,0,2,0,1,0
2024,1,98592,0,2,0,1,0
2024,2,84400,100,2,0,1,0
2024,2,66000,0,2,0,1,0
2024,3,230000,0,2,0,1,0
2025,2,70000,100,2,0,1,0
2025,2,136000,0,3,0,1,0
2025,2,89000,100,2,0,1,0
2025,3,130000,0,2,0,1,0
2025,1,31578,0,2,0,1,0
2024,3,145000,100,2,0,1,0
2023,4,375500,100,2,0,1,0
2025,1,63600,100,2,0,1,0
2024,3,270000,0,2,0,1,0
2024,1,129315,0,2,0,1,0
2024,3,276000,0,2,0,1,0
2025,3,200000,100,2,0,1,0
2024,3,168480,0,2,0,1,0
2023,2,115500,0,2,0,1,0
2025,3,131500,100,2,0,1,0
2025,1,100000,100,2,0,1,0
2025,3,199500,0,2,0,1,0
2024,3,34733,0,2,0,1,0
2024,3,118500,0,2,0,1,0
2024,3,180000,0,2,0,1,0
2025,3,275000,100,2,0,1,0
2024,3,274000,100,2,0,1,0
2024,2,177000,0,2,0,1,0
2025,3,230000,0,2,0,1,0
2025,1,57600,0,2,0,1,0
2025,4,344500,0,2,0,1,0
2025,2,65000,0,2,0,1,0
2024,3,142000,0,2,0,1,0
2022,1,33000,100,1,0,1,0
2025,2,55000,100,2,0,1,0
2025,3,341940,0,2,0,1,0
2024,3,137600,0,2,0,1,0
2025,4,328500,0,2,0,1,0
2025,1,84100,0,2,0,1,0
2025,2,176000,0,2,0,1,0
2024,3,355000,0,2,0,1,0
2024,3,182400,0,2,0,1,0
2025,3,160000,100,2,0,1,0
2024,3,93700,0,2,0,1,0
2025,3,458000,0,2,0,1,0
2025,3,320000,0,2,0,1,0
2025,2,170000,0,2,0,1,0
2025,1,72000,100,2,0,1,0
2024,3,337000,0,2,0,1,0
2025,3,63291,0,2,0,1,0
2024,3,143100,0,2,0,1,0
2025,2,112500,0,2,0,1,0
2024,2,50000,0,2,0,1,0
2024,2,179000,0,2,0,1,0
2024,2,147000,0,2,0,1,0
2024,2,165025,100,2,0,1,0
2024,3,160000,100,2,0,1,0
2024,3,144000,0,2,0,1,0
2025,1,44419,0,2,0,1,0
2025,1,124000,0,2,0,1,0
2024,2,134100,100,2,0,1,0
2024,3,115293,0,2,0,1,0
2024,3,140000,0,2,0,1,0
2025,3,171000,0,2,0,1,0
2024,3,121500,0,2,0,1,0
2025,2,100000,100,2,0,1,0
2024,2,175420,0,2,0,1,0
2025,3,180000,0,2,0,1,0
2025,2,130514,0,2,0,1,0
2024,3,170040,0,2,0,1,0
2024,2,59842,0,2,0,1,0
2024,2,134000,0,2,0,1,0
2025,2,300000,0,2,0,1,0
2023,3,151800,100,2,0,1,0
2024,3,219200,0,2,0,1,0
2024,3,160000,100,2,0,1,0
2025,3,125000,0,2,0,1,0
2024,3,217800,100,2,0,1,0
2025,3,176000,0,2,0,1,0
2024,2,138000,0,2,0,1,0
2024,3,40000,0,2,0,1,0
2024,3,120000,100,2,0,1,0
2025,3,144000,0,2,0,1,0
2024,3,192000,0,2,0,1,0
2024,2,223000,0,2,0,1,0
2024,3,94900,0,2,0,1,0
2024,3,151761,0,2,0,1,0
2025,3,282500,0,2,0,1,0
2025,3,142000,0,2,0,1,0
2024,2,300000,0,2,0,1,0
2025,2,141000,0,2,0,1,0
2023,3,130100,0,2,0,1,0
2024,2,207000,0,2,0,1,0
2025,3,110000,100,2,0,1,0
2025,3,150000,0,2,0,1,0
2024,3,199800,0,2,0,1,0
2025,3,137600,0,2,0,1,0
2024,1,80800,0,2,0,1,0
2024,1,60000,100,2,0,0,1
2024,2,165000,0,2,0,1,0
2023,3,114000,0,2,0,1,0
2024,2,163100,100,2,0,1,0
2024,3,105600,100,2,0,1,0
2025,3,147500,100,2,0,1,0
2024,3,132000,100,2,0,1,0
2024,3,279400,100,2,0,1,0
2024,3,151000,0,2,0,1,0
2023,2,142000,0,2,0,1,0
2024,3,120000,0,2,0,1,0
2025,2,110000,0,2,0,1,0
2024,3,96750,0,2,0,1,0
2025,1,124000,100,2,0,1,0
2025,2,115000,0,2,0,1,0
2024,2,100000,0,2,0,1,0
2024,3,139000,0,2,0,1,0
2022,3,202900,100,3,0,1,0
2025,3,109200,0,2,0,1,0
2025,3,334500,0,2,0,1,0
2024,3,140000,0,2,0,1,0
2024,3,90000,0,2,0,1,0
2023,2,180000,0,2,0,1,0
2025,3,96000,0,2,0,1,0
2024,3,82000,0,2,0,1,0
2024,3,96900,0,2,0,1,0
2025,1,34810,0,2,0,1,0
2025,1,121000,100,2,0,1,0
2025,3,197400,0,2,0,1,0
2025,3,185000,0,2,0,1,0
2024,1,192300,0,2,0,1,0
2024,2,96800,0,2,0,1,0
2025,2,77200,0,2,0,1,0
2025,3,91071,100,2,0,1,0
2024,3,119976,0,2,0,1,0
2024,3,173000,100,2,0,1,0
2024,3,160000,0,2,0,1,0
2024,1,90595,0,2,0,1,0
2025,2,160000,0,2,0,1,0
2024,1,90000,0,2,0,1,0
2025,3,186700,100,2,0,1,0
2024,3,85000,100,2,0,1,0
2024,2,120000,0,2,0,1,0
2024,3,177500,100,2,0,1,0
2024,3,144660,100,2,0,1,0
2025,3,160000,0,2,0,1,0
2024,2,70300,0,2,0,1,0
2025,3,290000,0,2,0,1,0
2025,2,140000,0,2,0,1,0
2024,3,90146,100,2,0,1,0
2025,3,189000,0,2,0,1,0
2025,3,44210,0,2,0,1,0
2025,3,170000,0,2,0,1,0
2025,3,101265,0,2,0,1,0
2024,2,310000,0,2,0,1,0
2025,3,182850,100,2,0,1,0
2024,2,129300,0,3,0,1,0
2025,1,115825,0,2,0,1,0
2023,2,113923,100,2,0,1,0
2024,2,172000,0,2,0,1,0
2025,3,98100,100,2,0,1,0
2025,3,75000,0,2,0,1,0
2025,2,220700,0,2,0,1,0
2022,2,43096,0,2,0,1,0
2024,3,190000,0,2,0,1,0
2024,3,208000,0,2,0,1,0
2024,2,115000,0,2,0,1,0
2024,2,225500,0,2,0,1,0
2024,3,110000,100,2,0,1,0
2023,2,200000,100,2,0,1,0
2025,3,110000,0,2,0,1,0
2025,2,96500,0,2,0,1,0
2024,4,342000,0,2,0,1,0
2025,3,157300,100,2,0,1,0
2024,2,83200,0,2,0,1,0
2024,3,115000,0,2,0,1,0
2025,3,240000,0,2,0,1,0
2025,3,114600,100,2,0,0,1
2025,2,207965,0,3,0,1,0
2025,2,135000,0,2,0,1,0
2024,3,194000,100,2,0,1,0
2024,3,300000,0,2,0,1,0
2025,4,160000,0,2,0,1,0
2024,2,83300,0,2,0,1,0
2025,2,49816,0,2,0,1,0
2024,2,227600,0,2,0,1,0
2024,2,137000,0,2,0,1,0
2024,3,419750,0,2,0,1,0
2023,3,222200,0,3,0,1,0
2025,1,250000,0,2,0,1,0
2025,2,223600,0,3,0,1,0
2024,2,127200,0,2,0,1,0
2024,3,195000,0,2,0,1,0
2024,3,171000,0,2,0,1,0
2025,3,303600,0,2,0,1,0
2025,3,314400,0,2,0,1,0
2025,1,82000,0,2,0,1,0
2024,2,132500,0,2,0,1,0
2025,2,150002,0,2,0,1,0
2025,2,87000,0,2,0,1,0
2024,1,51375,0,2,0,1,0
2024,1,237500,0,2,0,1,0
2025,2,250000,0,2,0,1,0
2025,1,70000,0,2,0,1,0
2025,2,65500,0,2,0,1,0
2025,3,170000,0,2,0,1,0
2022,2,80036,100,2,0,1,0
2024,2,147463,100,2,0,1,0
2025,3,192720,100,2,0,1,0
2025,3,145000,0,2,0,1,0
2025,3,156000,0,2,0,1,0
2024,3,137600,0,2,0,1,0
2025,2,58841,0,2,0,1,0
2025,3,46315,0,2,0,1,0
2024,2,110000,100,2,0,1,0
2024,3,122222,100,1,0,1,0
2025,4,234240,0,2,0,1,0
2024,3,123554,0,2,0,1,0
2025,2,264200,0,2,0,1,0
2024,3,137000,0,2,0,1,0
2023,3,230300,0,2,0,1,0
2024,2,135500,100,2,0,1,0
2025,3,157000,0,2,0,1,0
2024,3,108500,100,2,0,1,0
2024,2,99200,0,2,0,1,0
2025,3,150000,100,2,0,1,0
2025,3,110000,100,2,0,1,0
2024,3,125000,0,2,0,1,0
2024,2,130000,100,2,0,1,0
2024,2,68561,0,2,0,1,0
2025,1,84000,0,2,0,1,0
2024,2,53248,0,2,0,1,0
2025,3,199500,0,2,0,1,0
2024,3,189000,0,2,0,1,0
2024,3,125000,100,2,0,1,0
2024,3,225000,0,2,0,1,0
2024,3,163680,0,2,0,1,0
2025,3,250200,0,2,0,1,0
2025,1,231100,100,2,0,1,0
2024,3,350000,0,2,0,1,0
2025,3,155000,0,2,0,1,0
2024,3,172000,0,2,0,1,0
2024,3,370300,0,2,0,1,0
2024,3,199500,100,2,0,1,0
2025,3,92900,0,2,0,1,0
2025,3,170000,0,2,0,1,0
2023,2,154000,0,2,0,1,0
2025,2,85000,0,2,0,1,0
2024,3,160284,0,2,0,1,0
2025,3,168000,0,2,0,1,0
2025,2,92405,0,2,0,1,0
2024,2,83028,0,2,0,1,0
2024,2,334750,100,2,0,1,0
2025,3,251600,0,2,0,1,0
2024,3,247600,0,3,0,1,0
2025,2,51789,0,2,0,1,0
2024,3,168700,0,2,0,1,0
2023,3,190000,0,2,0,1,0
2025,2,100960,0,2,0,1,0
2025,2,150000,100,2,0,1,0
2024,2,192000,0,2,0,1,0
2024,2,81700,0,2,0,1,0
2024,3,225000,100,2,0,1,0
2025,2,103796,0,2,0,1,0
2025,2,57142,0,2,0,1,0
2024,2,100000,0,2,0,1,0
2024,3,141440,0,2,0,1,0
2025,3,244000,0,2,0,1,0
2024,3,123000,0,2,0,1,0
2024,3,185000,100,2,0,1,0
2025,3,110000,0,2,0,1,0
2025,1,56500,0,2,0,1,0
2025,2,160000,100,2,0,1,0
2024,3,96000,0,2,0,1,0
2025,3,174000,0,2,0,1,0
2024,3,177100,0,2,0,1,0
2024,2,119200,100,2,0,1,0
2025,3,93600,0,2,0,1,0
2024,2,94300,0,2,0,1,0
2024,3,206000,100,2,0,1,0
2022,2,160000,0,2,0,1,0
2024,2,130000,0,2,0,1,0
2025,4,85000,0,2,0,1,0
2025,3,180000,0,2,0,1,0
2024,3,337250,0,2,0,1,0
2024,2,107525,0,2,0,1,0
2024,2,140000,0,2,0,1,0
2024,3,184300,0,2,0,1,0
2024,2,68000,100,2,0,1,0
2025,2,115000,0,2,0,1,0
2025,3,131400,100,2,0,1,0
2024,3,160000,0,2,0,1,0
2024,3,75600,0,2,0,1,0
2025,2,140000,0,2,0,1,0
2025,3,160000,0,2,0,1,0
2025,3,135000,0,2,0,1,0
2024,3,250200,0,2,0,1,0
2024,2,220000,0,2,0,1,0
2025,1,86500,100,2,0,1,0
2025,3,227950,0,2,0,1,0
2025,2,164280,0,2,0,1,0
2023,1,115100,0,2,0,1,0
2024,3,154000,0,2,0,1,0
2025,2,120000,100,2,0,1,0
2025,3,289460,0,2,0,1,0
2024,3,176000,0,2,0,1,0
2024,2,211180,100,2,0,1,0
2025,4,125000,100,2,0,1,0
2024,3,106250,0,2,0,1,0
2024,3,104000,0,2,0,1,0
2024,3,155000,0,2,0,1,0
2024,2,64000,100,2,0,1,0
2025,2,78947,100,2,0,1,0
2023,3,130000,100,2,0,1,0
2024,3,251000,0,2,0,1,0
2025,1,67100,0,2,0,1,0
2025,2,233000,100,2,0,1,0
2025,3,250000,100,2,0,1,0
2024,3,137600,0,2,0,1,0
2024,3,98400,0,2,0,1,0
2025,1,100000,100,2,0,1,0
2024,2,189000,0,2,0,1,0
2024,3,166600,0,2,0,1,0
2024,3,130000,100,2,0,1,0
2024,3,234000,0,2,0,1,0
2025,3,120000,0,2,0,1,0
2024,3,153000,0,2,0,1,0
2024,3,199700,0,2,0,1,0
2025,3,150000,100,2,0,1,0
2025,3,157000,0,2,0,1,0
2025,3,178100,0,2,0,1,0
2025,3,136000,0,2,0,1,0
2024,3,312200,0,2,0,1,0
2025,2,146500,0,2,0,1,0
2025,2,175800,100,2,0,1,0
2025,3,175000,100,2,0,1,0
2024,3,115000,0,2,0,1,0
2025,3,223400,0,3,0,1,0
2024,3,145000,0,2,0,1,0
2025,2,135720,0,2,0,1,0
2024,2,162500,0,2,0,1,0
2024,3,164250,0,2,0,1,0
2024,1,60500,100,2,0,1,0
2024,2,150000,100,2,0,1,0
2024,2,92307,0,2,0,1,0
2025,2,144400,0,2,0,1,0
2025,3,163064,100,2,0,1,0
2025,2,97000,100,2,0,1,0
2025,2,173000,0,2,0,1,0
2025,2,132000,0,2,0,1,0
2024,2,80000,100,2,0,1,0
2025,3,123700,100,2,0,1,0
2025,3,238000,0,2,0,1,0
2023,3,170000,0,2,0,1,0
2024,3,234000,0,2,0,1,0
2024,2,56763,0,2,0,1,0
2025,3,121924,0,2,0,1,0
2024,3,185000,0,2,0,1,0
2024,3,122500,0,2,0,1,0
2024,3,283780,0,2,0,1,0
2025,2,74880,0,2,0,1,0
2024,3,304496,100,2,0,1,0
2024,2,150000,0,2,0,1,0
2022,3,153600,0,2,0,1,0
2024,2,144500,0,2,0,1,0
2024,3,214300,0,2,0,1,0
2025,3,88607,0,2,0,1,0
2023,3,110000,100,2,0,1,0
2023,3,190200,0,2,0,1,0
2025,3,163200,0,2,0,1,0
2025,3,252000,0,2,0,1,0
2024,2,70000,0,2,0,1,0
2022,2,75000,100,2,0,1,0
2025,2,420000,0,2,0,1,0
2024,3,359400,0,2,0,1,0
2025,3,225000,0,2,0,1,0
2024,3,92000,100,2,0,1,0
2025,2,117000,0,2,0,1,0
2025,3,51262,0,2,0,1,0
2025,3,198000,100,2,0,1,0
2025,1,50526,0,2,0,1,0
2024,2,220000,0,2,0,1,0
2025,3,177100,0,2,0,1,0
2022,3,195400,100,3,0,1,0
2024,2,149300,0,2,0,1,0
2025,3,172000,0,2,0,1,0
2023,2,59059,100,2,0,1,0
2025,2,241000,0,2,0,1,0
2024,3,161800,0,2,0,1,0
2024,3,270400,0,2,0,1,0
2025,2,130000,100,2,0,1,0
2025,3,175500,0,2,0,1,0
2025,2,88607,0,2,0,0,0
2024,3,96600,0,2,0,1,0
2024,2,500000,0,2,0,1,0
2025,2,186000,100,2,0,1,0
2025,2,171250,0,2,0,1,0
2025,1,116210,0,2,0,1,0
2024,3,170760,0,2,0,1,0
2024,3,177000,100,2,0,1,0
2024,1,430000,0,2,0,1,0
2025,2,215000,0,2,0,1,0
2023,1,155750,100,2,0,1,0
2024,3,239000,0,2,0,1,0
2024,3,190000,0,2,0,1,0
2025,3,200000,100,2,0,1,0
2024,4,197689,0,2,0,1,0
2023,2,55000,0,2,0,1,0
2024,1,114000,0,2,0,1,0
2025,3,234000,0,2,0,1,0
2024,3,126800,100,2,0,1,0
2024,2,202700,0,3,0,1,0
2025,2,87300,0,2,0,1,0
2025,3,280600,0,2,0,1,0
2025,3,115000,100,2,0,1,0
2024,3,140000,0,2,0,1,0
2024,3,144000,0,2,0,1,0
2025,3,179300,0,2,0,1,0
2025,3,182000,0,2,0,1,0
2025,3,113000,100,2,0,1,0
2024,3,138000,100,2,0,1,0
2024,3,122000,100,2,0,1,0
2025,3,110000,0,2,0,1,0
2024,3,253000,0,2,0,1,0
2025,2,147390,0,2,0,1,0
2024,3,95013,0,2,0,1,0
2024,3,108000,100,2,0,1,0
2022,4,130000,100,2,0,1,0
2024,1,125000,0,2,0,1,0
2024,3,122887,100,2,0,1,0
2024,3,80500,0,2,0,1,0
2025,1,145000,0,2,0,1,0
2025,3,114000,0,2,0,1,0
2025,1,103646,0,2,0,1,0
2025,2,179982,0,2,0,1,0
2025,2,186000,0,2,0,1,0
2025,2,292412,0,2,0,1,0
2025,3,312200,0,2,0,1,0
2025,3,200000,100,2,0,1,0
2025,3,75600,0,2,0,1,0
2025,2,87050,0,2,0,1,0
2024,3,250000,0,2,0,1,0
2025,3,270000,0,2,0,1,0
2024,2,137930,0,2,0,1,0
2024,3,92160,0,2,0,1,0
2024,2,97875,0,2,0,1,0
2025,3,120000,100,2,0,1,0
2024,2,146000,0,2,0,1,0
2024,3,206000,0,2,0,1,0
2025,3,113840,0,2,0,1,0
2025,3,214170,100,2,0,1,0
2024,2,200000,0,2,0,1,0
2024,3,410000,0,2,0,1,0
2024,3,104800,100,2,0,1,0
2025,3,190600,100,2,0,1,0
2025,2,144000,0,2,0,1,0
2024,2,64000,0,2,0,1,0
2025,4,300000,0,2,0,1,0
2025,1,90000,100,2,0,1,0
2025,2,115000,0,2,0,1,0
2024,1,137000,0,2,0,1,0
2023,3,90000,0,2,0,1,0
2024,3,250200,0,2,0,1,0
2024,2,90000,0,2,0,1,0
2024,3,188500,0,2,0,1,0
2025,2,194000,0,2,0,1,0
2025,1,82100,0,2,0,1,0
2025,1,72150,100,2,0,1,0
2024,2,250000,0,2,0,1,0
2024,3,105000,0,2,0,1,0
2024,3,90408,100,2,0,1,0
2024,3,119700,0,2,0,1,0
2024,3,165000,100,2,0,1,0
2025,2,158600,0,2,0,1,0
2024,3,256500,0,2,0,1,0
2025,3,93682,0,2,0,1,0
2025,3,215600,0,2,0,1,0
2024,2,180393,0,2,0,1,0
2025,4,156160,0,2,0,1,0
2025,1,94000,0,2,0,1,0
2024,2,235000,100,2,0,1,0
2023,3,150000,100,2,0,1,0
2023,3,156400,0,2,0,1,0
2025,3,243340,0,2,0,1,0
2025,3,219600,0,2,0,1,0
2025,1,52000,0,2,0,1,0
2025,3,132825,0,2,0,1,0
2024,2,98300,0,2,0,1,0
2025,3,154160,100,2,0,1,0
2024,4,228000,0,2,0,1,0
2024,3,160000,100,2,0,1,0
2025,2,126000,0,2,0,1,0
2024,2,100000,0,2,0,1,0
2024,1,65000,0,2,0,1,0
2024,2,100000,100,2,0,0,0
2025,2,252000,0,2,0,1,0
2024,3,230000,0,2,0,1,0
2025,1,69000,0,2,0,1,0
2023,3,161000,0,2,0,1,0
2025,3,205000,100,2,0,1,0
2025,3,145000,0,2,0,1,0
2025,3,101000,0,2,0,1,0
2024,2,112900,0,2,0,1,0
2025,2,125000,100,2,0,1,0
2024,3,264000,0,2,0,1,0
2025,3,133000,0,2,0,1,0
2024,3,125000,0,2,0,1,0
2025,3,139900,0,2,0,1,0
2024,1,66000,100,2,0,1,0
2024,1,28428,0,2,0,1,0
2024,3,96000,0,2,0,1,0
2024,2,100000,0,2,0,1,0
2025,3,90000,0,2,0,1,0
2024,2,143100,0,2,0,1,0
2024,3,185000,0,2,0,1,0
2024,2,127000,0,2,0,1,0
2024,3,150000,0,2,0,1,0
2024,3,85000,0,2,0,1,0
2025,3,100500,100,2,0,1,0
2023,3,138860,0,2,0,1,0
2024,3,115200,0,2,0,1,0
2024,2,100000,0,2,0,1,0
2024,2,127000,0,2,0,1,0
2024,3,228800,0,2,0,1,0
2025,3,210250,0,2,0,1,0
2025,3,297000,0,2,0,1,0
2024,3,180000,100,2,0,1,0
2025,3,204600,0,2,0,1,0
2024,2,72100,0,2,0,1,0
2024,2,127000,0,2,0,1,0
2025,3,163000,0,2,0,1,0
2024,2,700000,0,2,0,1,0
2025,3,180000,0,2,0,1,0
2025,2,38000,100,2,0,1,0
2024,2,140000,100,2,0,0,0
2025,2,88600,100,2,0,1,0
2023,1,163800,100,2,0,1,0
2024,3,355000,0,2,0,1,0
2024,4,200000,100,2,0,1,0
2025,2,108650,0,2,0,1,0
2024,1,49576,0,2,0,1,0
2025,2,155367,0,2,0,1,0
2024,2,66800,0,3,0,1,0
2023,3,172500,0,2,0,1,0
2025,3,237000,0,2,0,1,0
2023,3,140000,0,2,0,1,0
2025,3,125900,0,2,0,1,0
2024,3,160000,100,2,0,1,0
2024,3,175000,0,2,0,1,0
2025,3,185150,0,2,0,1,0
2024,2,64300,0,2,0,1,0
2024,3,168300,0,2,0,1,0
2024,2,112500,0,2,0,1,0
2025,3,156310,0,2,0,1,0
2025,3,352524,0,2,0,1,0
2025,3,126100,100,2,0,1,0
2025,2,70000,100,2,0,1,0
2025,3,150000,0,2,0,0,0
2025,2,46428,0,2,0,1,0
2024,3,110000,0,2,0,1,0
2025,2,136000,0,3,0,1,0
2025,2,110000,0,2,0,1,0
2025,3,175800,0,2,0,1,0
2024,3,86000,0,2,0,1,0
2024,3,223000,100,2,0,1,0
2025,3,75286,0,2,0,1,0
2025,2,45316,0,2,0,1,0
2025,3,175200,100,2,0,1,0
2025,3,126582,0,2,0,1,0
2024,3,239190,100,2,0,1,0
2025,3,113368,0,2,0,1,0
2025,3,237100,0,2,0,1,0
2024,2,100000,0,2,0,1,0
2024,1,150000,0,2,0,1,0
2025,3,140487,0,2,0,1,0
2024,3,261500,100,2,0,1,0
2023,3,160000,100,2,0,1,0
2023,3,167200,100,2,0,1,0
2025,1,140000,0,2,0,1,0
2022,2,49253,100,2,0,1,0
2025,3,135000,0,2,0,1,0
2025,3,150000,100,2,0,1,0
2025,3,160000,0,2,0,1,0
2024,3,165060,0,2,0,1,0
2025,3,155000,0,2,0,1,0
2024,2,110000,0,2,0,1,0
2024,2,106000,0,2,0,1,0
2025,2,80000,100,2,0,1,0
2025,3,99808,0,2,0,1,0
2025,3,130000,0,2,0,1,0
2024,3,185500,100,2,0,1,0
2024,2,210255,0,2,0,1,0
2024,2,66330,0,2,0,1,0
2024,3,190000,0,2,0,1,0
2024,3,105000,0,2,0,1,0
2025,3,364254,0,2,0,1,0
2025,3,84600,0,2,0,1,0
2025,3,86000,100,2,0,1,0
2025,2,168000,0,2,0,1,0
2024,2,134275,100,2,0,1,0
2023,3,100000,0,2,0,1,0
2025,3,215000,0,2,0,1,0
2023,2,144000,100,2,0,1,0
2025,3,153500,0,2,0,1,0
2024,2,130000,100,2,0,1,0
2024,3,200000,0,2,0,1,0
2024,3,220000,0,2,0,1,0
2025,2,105000,0,2,0,1,0
2024,3,150000,100,2,0,1,0
2024,2,94700,0,2,0,1,0
2025,3,174720,0,2,0,1,0
2024,3,139800,0,2,0,1,0
2025,3,160000,0,2,0,1,0
2024,1,170000,0,2,0,1,0
2024,2,77000,0,2,0,1,0
2024,2,240960,0,2,0,1,0
2024,2,185000,0,3,0,1,0
2025,2,60714,0,2,0,1,0
2024,1,23888,50,3,0,1,0
2024,3,296300,0,2,0,1,0
2025,3,110000,0,2,0,1,0
2025,3,150000,0,2,0,1,0
2025,3,231000,0,2,0,1,0
2024,2,100000,100,2,0,1,0
2024,3,130000,100,2,0,1,0
2024,3,97335,0,2,0,1,0
2025,3,142800,0,2,0,1,0
2025,2,283400,0,2,0,1,0
2024,3,203275,100,2,0,1,0
2024,3,166600,0,2,0,1,0
2024,3,119000,0,2,0,1,0
2024,2,266000,0,2,0,1,0
2025,1,18644,0,2,0,1,0
2025,3,147500,0,2,0,1,0
2023,3,128000,0,2,0,1,0
2023,3,101570,100,2,0,1,0
2025,1,78000,100,2,0,1,0
2025,2,80000,0,2,0,1,0
2024,2,107900,0,2,0,1,0
2025,3,135150,100,2,0,1,0
2024,3,185000,0,2,0,1,0
2025,3,240000,100,2,0,1,0
2025,2,180000,0,2,0,1,0
2025,3,172500,100,2,0,1,0
2025,2,24210,0,2,0,1,0
2024,2,135000,0,2,0,1,0
2023,3,90700,0,2,0,1,0
2025,3,180000,0,2,0,1,0
2024,3,115000,0,2,0,1,0
2025,2,82570,0,2,0,1,0
2024,2,110900,0,2,0,1,0
2025,3,207000,0,2,0,1,0
2025,1,36300,0,2,0,0,1
2024,3,140000,0,2,0,0,0
2024,1,59400,0,2,0,1,0
2024,2,70000,0,2,0,1,0
2023,3,174000,0,2,0,1,0
2025,1,52531,0,2,0,1,0
2024,3,110000,0,2,0,1,0
2025,3,125000,0,2,0,1,0
2024,3,245400,0,2,0,1,0
2025,3,30000,100,2,0,1,0
2023,3,84000,100,2,0,1,0
2023,2,130000,0,2,0,1,0
2024,2,144200,0,2,0,1,0
2024,2,130000,0,2,0,1,0
2025,3,110240,0,2,0,1,0
2024,1,166000,100,2,0,1,0
2024,3,256000,100,2,0,1,0
2025,3,113840,0,2,0,1,0
2024,3,110000,100,2,0,1,0
2025,3,262000,100,2,0,1,0
2023,3,138000,100,2,0,1,0
2024,3,238600,0,2,0,1,0
2024,3,275000,100,2,0,1,0
2025,2,88000,0,2,0,1,0
2024,2,165000,0,2,0,1,0
2024,3,101000,0,2,0,1,0
2025,3,220300,0,2,0,1,0
2024,3,250200,0,2,0,1,0
2024,3,198600,0,2,0,1,0
2024,2,56281,0,2,0,1,0
2025,1,48101,0,2,0,0,0
2025,2,140000,0,2,0,1,0
2024,2,67600,0,2,0,1,0
2024,3,165825,0,2,0,1,0
2024,2,130000,0,2,0,1,0
2025,3,123191,100,2,0,1,0
2024,3,132000,0,2,0,1,0
2025,3,291500,0,2,0,1,0
2025,3,202000,0,2,0,1,0
2025,3,174500,0,2,0,1,0
2024,3,170000,0,2,0,1,0
2024,3,68640,0,2,0,1,0
2025,3,220000,0,2,0,1,0
2025,2,220700,0,2,0,1,0
2024,2,111862,0,2,0,1,0
2024,2,112500,0,2,0,1,0
2024,1,170000,0,2,0,1,0
2024,2,120000,0,2,0,1,0
2024,3,319000,0,2,0,1,0
2025,3,272000,0,2,0,1,0
2025,3,150000,100,2,0,1,0
2022,2,134000,0,2,0,1,0
2024,1,167300,0,2,0,1,0
2025,2,86700,0,2,0,1,0
2025,3,201000,0,3,0,1,0
2025,3,164500,0,2,0,1,0
2024,3,236250,0,2,0,1,0
2024,3,101970,0,2,0,1,0
2025,3,132000,0,2,0,1,0
2025,3,157590,0,2,0,1,0
2025,2,108000,0,2,0,1,0
2025,3,460800,0,2,0,1,0
2024,3,65300,0,2,0,1,0
2024,2,220000,0,2,0,1,0
2024,3,320000,0,2,0,1,0
2024,3,200000,100,2,0,1,0
2023,2,179000,0,2,0,1,0
2024,2,158000,0,2,0,1,0
2024,3,215000,0,2,0,1,0
2025,4,165000,0,2,0,1,0
2024,3,294000,0,2,0,1,0
2025,3,200000,0,2,0,1,0
2024,2,269200,0,2,0,1,0
2025,3,180000,100,2,0,1,0
2024,2,200200,0,2,0,1,0
2025,3,160000,0,2,0,1,0
2025,2,96900,0,2,0,1,0
2024,3,110000,100,2,0,1,0
2024,1,88200,0,2,0,1,0
2025,3,40421,0,2,0,1,0
2025,2,86800,0,2,0,1,0
2025,2,25743,0,2,0,1,0
2024,2,78500,0,2,0,1,0
2024,1,90360,0,2,0,1,0
2025,2,175000,0,2,0,1,0
2024,3,81978,100,2,0,1,0
2025,4,104350,0,2,0,1,0
2024,3,55155,0,2,0,1,0
2025,3,200000,100,2,0,1,0
2023,3,291500,0,2,0,1,0
2025,3,174000,0,2,0,1,0
2024,2,143000,0,2,0,1,0
2025,3,189600,100,2,0,1,0
2024,3,82471,100,2,0,1,0
2024,3,214471,0,2,0,1,0
2024,2,250600,0,2,0,1,0
2025,2,144000,100,2,0,1,0
2025,2,40000,0,2,0,1,0
2024,2,100000,0,2,0,1,0
2025,1,44000,100,2,0,1,0
2024,2,389500,0,2,0,1,0
2023,3,224000,0,2,0,1,0
2025,2,144000,0,2,0,1,0
2025,3,251600,0,2,0,1,0
2024,3,252000,0,2,0,1,0
2024,3,213500,0,2,0,1,0
2025,3,90000,0,2,0,1,0
2024,1,130000,0,2,0,1,0
2024,1,98300,0,2,0,1,0
2025,2,88000,0,2,0,1,0
2024,2,92000,100,2,0,1,0
2024,3,163000,0,3,0,1,0
2025,1,133000,0,2,0,1,0
2024,2,208300,0,2,0,1,0
2025,3,257600,0,2,0,1,0
2024,3,129912,100,2,0,1,0
2025,4,281300,0,2,0,1,0
2023,3,204500,0,2,0,1,0
2024,3,214000,0,2,0,1,0
2025,3,132120,100,2,0,1,0
2025,3,405000,0,2,0,1,0
2024,3,180400,0,2,0,1,0
2024,2,170100,0,2,0,1,0
2024,3,106500,0,2,0,1,0
2024,2,123178,0,2,0,1,0
2025,2,187000,0,2,0,1,0
2025,2,121000,0,2,0,1,0
2024,3,270000,0,2,0,1,0
2025,2,100000,0,2,0,1,0
2024,2,89600,0,3,0,1,0
2024,1,87341,0,2,0,1,0
2025,3,140000,0,2,0,1,0
2023,3,208000,0,2,0,1,0
2025,3,234000,0,2,0,1,0
2025,3,144200,0,2,0,1,0
2024,3,312200,0,2,0,1,0
2024,2,81500,0,2,0,1,0
2025,3,140000,100,2,0,1,0
2023,3,170000,100,2,0,1,0
2025,3,160000,100,2,0,1,0
2024,3,180000,0,2,0,1,0
2025,3,294000,0,2,0,1,0
2025,1,56000,0,2,0,1,0
2024,3,19200,0,2,0,1,0
2024,1,49835,0,2,0,1,0
2023,3,161000,0,2,0,1,0
2024,2,154000,0,2,0,1,0
2023,3,248100,0,2,0,1,0
2024,3,252000,0,2,0,1,0
2024,3,128950,100,2,0,1,0
2025,2,128500,100,2,0,1,0
2024,3,272000,0,2,0,1,0
2024,3,143200,100,2,0,1,0
2024,3,172500,0,2,0,1,0
2024,3,75000,0,2,0,1,0
2024,3,207530,100,2,0,1,0
2024,3,186000,0,2,0,1,0
2025,1,69000,0,2,0,1,0
2024,3,104800,100,2,0,1,0
2024,3,206000,0,2,0,1,0
2025,2,200000,100,1,0,1,0
2025,3,133100,0,2,0,1,0
2024,2,183600,0,2,0,1,0
2024,3,161000,0,2,0,1,0
2025,3,130023,0,2,0,1,0
2023,3,113900,100,2,0,1,0
2025,2,155500,0,2,0,1,0
2025,2,200000,0,3,0,1,0
2024,3,130900,0,2,0,1,0
2024,3,260000,0,3,0,1,0
2025,1,120000,0,2,0,1,0
2025,3,115000,0,2,0,1,0
2024,3,179500,0,2,0,1,0
2025,3,160000,100,2,0,1,0
2024,3,165100,0,2,0,1,0
2023,2,133000,0,2,0,1,0
2024,2,350000,0,2,0,1,0
2024,3,199500,0,2,0,1,0
2025,3,92423,0,2,0,1,0
2025,3,165000,0,2,0,1,0
2024,3,300000,0,2,0,1,0
2025,3,220000,100,2,0,1,0
2024,1,96506,0,2,0,1,0
2024,2,208000,0,2,0,1,0
2025,3,116300,0,2,0,1,0
2025,3,97870,100,2,0,1,0
2023,3,36912,100,1,0,1,0
2024,1,95000,0,2,0,1,0
2025,2,138000,0,2,0,1,0
2024,3,156390,0,2,0,1,0
2023,3,194521,0,2,0,1,0
2024,3,160000,0,2,0,1,0
2024,3,110000,0,2,0,1,0
2024,1,171200,0,2,0,1,0
2024,3,167000,0,2,0,1,0
2024,3,180000,0,2,0,1,0
2024,3,145000,100,2,0,1,0
2024,2,187000,100,2,0,1,0
2025,2,108000,0,2,0,1,0
2024,3,178000,0,2,0,1,0
2024,3,155000,0,2,0,1,0
2025,3,89000,100,2,0,1,0
2024,1,100000,0,2,0,1,0
2024,2,137000,0,2,0,1,0
2025,2,180500,0,2,0,1,0
2024,2,190000,0,2,0,1,0
2024,2,143750,0,2,0,1,0
2023,3,142200,0,2,0,1,0
2025,3,180000,100,2,0,1,0
2025,2,197200,0,2,0,1,0
2024,3,147000,0,2,0,1,0
2025,2,95200,0,2,0,1,0
2022,3,110000,100,2,0,1,0
2025,3,43000,0,2,0,1,0
2025,1,193600,0,2,0,1,0
2024,2,248700,0,2,0,1,0
2024,3,207900,0,2,0,1,0
2024,2,168700,0,2,0,1,0
2024,2,205000,0,2,0,1,0
2024,3,138500,100,2,0,1,0
2024,3,150000,100,2,0,1,0
2024,2,116200,0,2,0,1,0
2025,2,173000,0,2,0,1,0
2024,2,208800,0,2,0,1,0
2025,3,143100,0,2,0,1,0
2024,3,454300,0,2,0,1,0
2023,2,130000,0,2,0,1,0
2024,3,137600,0,2,0,1,0
2025,3,124000,0,2,0,1,0
2025,3,278000,100,2,0,1,0
2025,1,135060,0,2,0,1,0
2025,3,141395,0,2,0,1,0
2025,3,78700,0,2,0,1,0
2024,3,158500,0,2,0,1,0
2025,3,208000,0,2,0,1,0
2024,2,250000,0,2,0,1,0
2024,4,41500,0,2,0,1,0
2024,2,165000,0,2,0,1,0
2025,3,280000,0,2,0,1,0
2024,3,215000,0,2,0,1,0
2025,3,160800,0,2,0,1,0
2024,2,78970,0,2,0,1,0
2024,2,79300,0,2,0,1,0
2024,3,64000,0,2,0,1,0
2024,3,194180,0,2,0,1,0
2024,3,105000,0,2,0,1,0
2023,2,73100,0,2,0,1,0
2025,4,211600,0,2,0,1,0
2023,3,185900,0,2,0,1,0
2024,2,196900,0,2,0,1,0
2025,3,200000,0,2,0,1,0
2024,2,200000,0,2,0,1,0
2024,2,172000,0,2,0,1,0
2025,1,115000,0,2,0,1,0
2023,3,115100,0,3,0,1,0
2024,1,80000,0,2,0,1,0
2024,3,125000,100,2,0,1,0
2025,2,90000,0,2,0,1,0
2024,3,273000,0,2,0,1,0
2025,3,250000,0,2,0,1,0
2025,1,31578,100,1,0,1,0
2025,3,183498,0,2,0,1,0
2025,3,173000,0,2,0,1,0
2024,2,112320,0,2,0,1,0
2025,3,402000,0,2,0,1,0
2024,2,97600,0,2,0,1,0
2023,3,165500,100,2,0,1,0
2025,3,113840,0,2,0,1,0
2024,1,91990,100,2,0,1,0
2024,1,60400,0,2,0,1,0
2024,2,85000,100,2,0,1,0
2025,2,43000,0,2,0,1,0
2024,3,247200,0,2,0,1,0
2025,3,143000,0,2,0,1,0
2024,3,126800,0,2,0,1,0
2025,3,100000,100,2,0,1,0
2025,3,144000,100,2,0,1,0
2024,1,137000,0,2,0,1,0
2022,2,20000,100,1,0,1,0
2025,3,220000,0,2,0,1,0
2024,2,110000,100,2,0,1,0
2025,2,196202,0,2,0,1,0
2024,2,187000,0,2,0,1,0
2025,3,121600,100,2,0,1,0
2024,2,190000,100,2,0,1,0
2024,1,64500,0,2,0,1,0
2023,4,228856,100,2,0,1,0
2025,3,133900,0,3,0,1,0
2024,3,130000,0,2,0,1,0
2025,3,246400,0,2,0,1,0
2025,3,120000,100,2,0,1,0
2025,2,250000,0,2,0,1,0
2025,1,227000,0,2,0,1,0
2024,2,125000,0,2,0,1,0
2024,2,75000,100,2,0,1,0
2024,1,90000,0,2,0,1,0
2024,2,122200,0,2,0,1,0
2025,2,333000,0,2,0,1,0
2025,3,175000,100,2,0,1,0
2024,3,146408,0,2,0,1,0
2024,2,130000,0,2,0,1,0
2024,4,170000,0,2,0,1,0
2024,3,140000,0,2,0,1,0
2024,3,106700,0,2,0,1,0
2025,1,64100,0,2,0,1,0
2025,3,144200,0,2,0,1,0
2024,3,252000,0,2,0,1,0
2024,3,124000,0,3,0,1,0
2024,2,204000,0,2,0,1,0
2025,2,44210,0,2,0,1,0
2025,3,150000,0,2,0,1,0
2024,3,180000,0,2,0,1,0
2024,2,75600,0,2,0,1,0
2025,4,124500,0,2,0,1,0
2024,3,155000,0,2,0,1,0
2025,4,141361,0,2,0,1,0
2024,3,297000,0,2,0,1,0
2024,3,204600,0,2,0,1,0
2024,3,300000,0,2,0,1,0
2024,3,196900,0,2,0,1,0
2024,3,199700,0,2,0,1,0
2025,2,157600,0,2,0,1,0
2024,3,207300,100,2,0,1,0
2024,2,166000,0,2,0,1,0
2025,3,265800,0,2,0,1,0
2025,3,131077,0,2,0,1,0
2024,2,80770,100,2,0,1,0
2024,3,167200,0,2,0,1,0
2025,3,175000,0,2,0,1,0
2025,3,65800,0,2,0,1,0
2025,3,160000,100,2,0,1,0
2025,3,194500,0,2,0,1,0
2025,1,99000,100,2,0,1,0
2024,3,172000,0,2,0,1,0
2024,2,58333,0,2,0,1,0
2025,3,163800,0,2,0,1,0
2024,2,68200,0,2,0,1,0
2025,1,97000,0,2,0,1,0
2024,3,76000,0,2,0,1,0
2025,2,166300,100,2,0,1,0
2025,3,193000,0,2,0,1,0
2023,2,73824,0,2,0,1,0
2023,3,109400,0,2,0,1,0
2024,3,89700,0,2,0,1,0
2025,3,106000,0,2,0,1,0
2025,2,216600,0,2,0,1,0
2025,3,335720,100,2,0,1,0
2025,3,199500,0,2,0,1,0
2024,1,84000,0,2,0,1,0
2024,3,142500,0,2,0,1,0
2025,3,324000,0,2,0,1,0
2024,2,94000,100,2,0,1,0
2025,2,231000,0,2,0,1,0
2024,2,62500,0,2,0,1,0
2024,1,75000,0,2,0,1,0
2025,3,190000,100,2,0,1,0
2025,3,160000,100,2,0,1,0
2023,3,180000,0,2,0,1,0
2025,3,116500,0,2,0,1,0
2025,2,230000,0,2,0,1,0
2024,2,222200,0,3,0,1,0
2025,2,201000,0,2,0,1,0
2024,1,177777,0,2,0,1,0
2024,3,180000,0,1,0,1,0
2024,2,95000,0,2,0,1,0
2025,1,60000,0,2,0,1,0
2025,2,62200,100,2,0,1,0
2024,3,277500,0,2,0,1,0
2025,2,158400,0,2,0,1,0
2025,2,143100,0,2,0,1,0
2024,3,155000,0,2,0,1,0
2025,3,69920,0,2,0,1,0
2025,3,187000,0,2,0,1,0
2025,3,215000,0,2,0,1,0
2025,3,141300,0,2,0,1,0
2025,3,107300,0,2,0,1,0
2022,3,236900,100,3,0,1,0
2024,3,302000,0,2,0,1,0
2025,2,70000,0,2,0,1,0
2025,2,144000,0,2,0,1,0
2024,2,122000,0,2,0,1,0
2024,3,151900,0,2,0,1,0
2025,3,220000,100,2,0,1,0
2024,2,201200,0,3,0,1,0
2025,2,98734,0,2,0,1,0
2025,3,101265,0,2,0,1,0
2025,3,94736,0,2,0,1,0
2025,3,249390,100,2,0,1,0
2025,2,152375,0,2,0,1,0
2024,3,84400,0,2,0,1,0
2025,3,117200,0,2,0,1,0
2024,3,155400,100,2,0,1,0
2025,2,150000,0,2,0,1,0
2025,3,192000,0,2,0,1,0
2024,2,100000,0,2,0,1,0
2024,3,280500,0,2,0,1,0
2024,3,260000,0,3,0,1,0
2024,2,143100,0,2,0,1,0
2025,3,242000,0,2,0,1,0
2025,3,195000,0,2,0,1,0
2024,2,130000,0,2,0,1,0
2024,3,71000,0,2,0,1,0
2024,3,300000,0,2,0,1,0
2025,3,104880,100,2,0,1,0
2024,4,220000,100,2,0,1,0
2024,3,160000,100,2,0,1,0
2025,3,96900,0,2,0,1,0
2024,3,160000,100,2,0,1,0
2023,1,130001,100,2,0,1,0
2024,2,240000,0,2,0,1,0
2024,3,257250,100,2,0,1,0
2024,3,158900,0,2,0,1,0
2024,1,75803,0,2,0,1,0
2025,3,278250,0,2,0,1,0
2024,3,82365,0,2,0,1,0
2025,2,530000,0,2,0,1,0
2024,3,175000,0,2,0,1,0
2024,2,86000,0,2,0,1,0
2024,1,60000,100,2,0,1,0
2024,3,25000,100,2,0,1,0
2025,2,110000,100,2,0,1,0
2024,3,267100,100,2,0,1,0
2025,3,190000,0,2,0,1,0
2024,1,89000,0,2,0,1,0
2024,3,250200,0,2,0,1,0
2025,2,281000,0,2,0,1,0
2024,2,119700,0,2,0,1,0
2024,3,155000,0,2,0,1,0
2025,3,219648,0,2,0,1,0
2024,2,136000,0,3,0,1,0
2025,3,80000,100,2,0,1,0
2025,2,180000,100,2,0,1,0
2024,3,237000,100,2,0,1,0
2024,3,215000,100,2,0,1,0
2024,3,87500,0,2,0,1,0
2025,3,133650,100,2,0,1,0
2024,3,112455,0,2,0,1,0
2024,2,125000,0,2,0,1,0
2025,2,96500,0,2,0,1,0
2024,3,117200,0,2,0,1,0
2024,2,196200,0,2,0,1,0
2024,3,84200,0,2,0,1,0
2025,3,105100,0,2,0,1,0
2024,3,156000,0,2,0,1,0
2023,3,250944,100,2,0,1,0
2024,2,164000,0,2,0,1,0
2025,3,178100,0,2,0,1,0
2024,3,102600,0,2,0,1,0
2024,2,139360,100,2,0,1,0
2024,1,75000,100,2,0,1,0
2024,3,187000,0,2,0,1,0
2024,2,120000,0,2,0,1,0
2025,3,125000,0,2,0,1,0
2024,2,132710,0,2,0,1,0
2024,2,208800,0,2,0,1,0
2024,3,300000,0,2,0,1,0
2024,2,143800,100,2,0,1,0
2023,3,190000,0,2,0,1,0
2025,3,190000,100,2,0,1,0
2023,3,100000,0,2,0,1,0
2024,2,62500,100,2,0,1,0
2025,1,48222,0,2,0,1,0
2024,3,95000,100,2,0,1,0
2024,3,84500,0,2,0,1,0
2025,3,97000,0,2,0,1,0
2025,3,161700,100,2,0,1,0
2025,3,300000,0,2,0,1,0
2024,3,93600,0,2,0,1,0
2024,3,105000,0,2,0,1,0
2024,3,237000,0,2,0,1,0
2024,2,129100,0,3,0,1,0
2025,2,75000,0,2,0,1,0
2024,3,237000,0,2,0,1,0
2024,2,65000,100,2,0,1,0
2023,3,222000,0,2,0,1,0
2023,3,150000,0,2,0,1,0
2024,4,125000,0,2,0,1,0
2024,3,280000,0,2,0,1,0
2025,1,35443,0,2,0,1,0
2025,3,287500,0,2,0,1,0
2024,3,198000,100,2,0,1,0
2025,3,126100,0,2,0,1,0
2024,3,250000,100,2,0,1,0
2025,2,54736,0,2,0,1,0
2023,3,180000,0,2,0,1,0
2025,3,121400,0,2,0,1,0
2024,3,145600,100,2,0,1,0
2024,4,80000,0,2,0,1,0
2023,3,155000,0,2,0,1,0
2024,2,140000,100,2,0,1,0
2025,1,116064,100,2,0,1,0
2025,1,80000,0,2,0,1,0
2025,3,149000,0,2,0,1,0
2025,3,181000,0,2,0,1,0
2024,2,111000,0,2,0,1,0
2024,3,168000,0,2,0,1,0
2025,3,86075,0,2,0,1,0
2025,3,200000,100,2,0,1,0
2025,3,176720,0,2,0,1,0
2025,3,175500,0,2,0,1,0
2024,3,250000,0,2,0,1,0
2024,2,51824,0,2,0,1,0
2025,3,235750,0,2,0,1,0
2024,2,60000,100,2,0,1,0
2025,3,175000,0,2,0,1,0
2025,3,130000,0,2,0,1,0
2021,1,100000,0,3,0,1,0
2024,3,165000,0,2,0,1,0
2025,2,100000,0,2,0,1,0
2024,2,214127,0,2,0,1,0
2023,3,262000,100,2,0,1,0
2025,2,260000,0,2,0,1,0
2024,1,125000,0,2,0,1,0
2025,3,212000,0,2,0,1,0
2024,4,180000,0,2,0,1,0
2023,3,125000,0,2,0,1,0
2024,3,136000,0,2,0,1,0
2024,3,159000,0,2,0,1,0
2025,3,165000,0,2,0,1,0
2025,2,200000,100,2,0,1,0
2025,3,276100,0,2,0,1,0
2024,3,117300,0,3,0,1,0
2025,3,204200,0,2,0,1,0
2024,3,235000,0,2,0,1,0
2025,2,170000,100,2,0,1,0
2025,3,160000,100,2,0,1,0
2024,1,40000,0,2,0,1,0
2025,3,84000,0,2,0,1,0
2025,2,82100,0,2,0,1,0
2024,2,170186,0,2,0,1,0
2024,3,197829,0,2,0,1,0
2024,1,44419,0,2,0,1,0
2023,3,110000,100,1,0,1,0
2024,3,120000,0,2,0,1,0
2024,2,98000,0,2,0,1,0
2024,1,48000,0,2,0,1,0
2025,1,37705,0,2,0,1,0
2025,3,111100,0,2,0,1,0
2024,2,183600,0,2,0,1,0
2023,3,204500,0,2,0,1,0
2024,3,286000,0,2,0,1,0
2025,3,170000,0,2,0,1,0
2025,3,120000,0,2,0,1,0
2025,2,138000,0,2,0,1,0
2024,2,232222,0,2,0,1,0
2024,3,168100,0,2,0,1,0
2024,2,66851,0,2,0,1,0
2024,2,149600,0,2,0,1,0
2025,3,200000,100,2,0,1,0
2024,3,140000,0,2,0,1,0
2024,3,283780,0,2,0,1,0
2024,2,53950,0,2,0,1,0
2023,3,85000,100,2,0,1,0
2024,3,224000,0,2,0,1,0
2025,2,66947,0,3,0,1,0
2023,3,131000,0,2,0,1,0
2024,3,79000,0,2,0,1,0
2024,2,137750,0,2,0,1,0
2025,3,59282,100,2,0,1,0
2025,2,128544,0,2,0,1,0
2025,3,109400,0,2,0,1,0
2025,3,75000,0,2,0,1,0
2025,3,104000,100,2,0,1,0
2024,2,173000,0,2,0,1,0
2025,2,100000,0,2,0,1,0
2025,3,130920,0,2,0,1,0
2024,3,200000,100,2,0,1,0
2025,3,110000,100,2,0,1,0
2024,1,39600,100,2,0,1,0
2025,3,212000,100,2,0,1,0
2024,3,124000,0,3,0,1,0
2025,3,100000,100,2,0,1,0
2025,1,146000,0,2,0,1,0
2025,1,80000,0,2,0,1,0
2024,3,101400,0,2,0,1,0
2025,3,407942,0,2,0,1,0
2025,1,110000,0,2,0,1,0
2025,3,123200,0,2,0,1,0
2024,3,150500,0,2,0,1,0
2023,3,110600,0,2,0,1,0
2024,3,284000,0,2,0,1,0
2025,2,81094,100,2,0,1,0
2025,3,204500,0,2,0,1,0
2025,4,185500,100,2,0,1,0
2023,3,79000,0,2,0,1,0
2025,3,94936,0,2,0,1,0
2025,3,333000,0,2,0,1,0
2025,2,293300,0,2,0,1,0
2024,2,170200,0,2,0,1,0
2024,2,211000,0,2,0,1,0
2025,3,135000,100,2,0,1,0
2025,3,176000,0,2,0,1,0
2024,3,130000,0,2,0,1,0
2023,3,225000,0,2,0,1,0
2025,2,196900,0,2,0,1,0
2024,1,83400,0,2,0,1,0
2024,3,312200,0,2,0,1,0
2025,3,165370,0,2,0,1,0
2024,3,97500,0,2,0,1,0
2024,3,92190,0,2,0,1,0
2024,3,135000,100,2,0,1,0
2025,3,200000,0,2,0,1,0
2024,2,350000,100,2,0,1,0
2025,2,220000,0,2,0,1,0
2025,3,300000,0,2,0,1,0
2025,3,174000,0,2,0,1,0
2025,3,195000,100,2,0,1,0
2025,1,84398,0,2,0,1,0
2025,3,75789,0,2,0,1,0
2025,1,100000,0,2,0,1,0
2025,3,80300,0,2,0,1,0
2025,3,144000,0,2,0,1,0
2025,3,160000,0,2,0,1,0
2025,2,73400,100,2,0,1,0
2025,2,175000,0,2,0,1,0
2024,2,164000,0,2,0,1,0
2024,2,197000,0,2,0,1,0
2025,2,90000,0,2,0,1,0
2025,2,163000,0,2,0,1,0
2025,1,173040,0,2,0,1,0
2025,2,112860,0,2,0,1,0
2024,3,144300,100,2,0,1,0
2024,3,279000,0,2,0,1,0
2024,3,247600,100,2,0,1,0
2024,1,56000,0,2,0,1,0
2025,3,136000,0,2,0,1,0
2024,3,75600,0,2,0,1,0
2024,4,223900,0,2,0,1,0
2025,1,124000,0,2,0,1,0
2024,2,196500,0,2,0,1,0
2024,2,98300,0,2,0,1,0
2024,3,110000,100,2,0,1,0
2023,3,110000,0,2,0,1,0
2025,3,103600,0,2,0,1,0
2024,3,160000,0,2,0,1,0
2025,3,120000,0,2,0,1,0
2022,2,54000,0,2,0,1,0
2025,2,70000,0,2,0,1,0
2025,3,187600,0,2,0,1,0
2024,1,100000,0,2,0,1,0
2025,3,228800,0,2,0,1,0
2025,3,173000,0,2,0,1,0
2024,2,160000,0,2,0,1,0
2024,3,180000,0,2,0,1,0
2025,3,295000,0,2,0,1,0
2023,2,42107,50,2,0,1,0
2025,3,60000,0,2,0,1,0
2024,2,42000,0,2,0,1,0
2024,3,225000,100,2,0,1,0
2024,2,333000,0,2,0,1,0
2025,2,68300,0,2,0,1,0
2024,3,194000,0,2,0,1,0
2025,3,160000,100,2,0,1,0
2025,3,217000,100,2,0,1,0
2025,2,53571,100,2,0,1,0
2025,2,75600,0,2,0,1,0
2025,2,205600,0,2,0,1,0
2025,3,317200,0,2,0,1,0
2024,2,69858,100,2,0,1,0
2025,3,97497,0,2,0,1,0
2024,3,90000,0,2,0,1,0
2023,3,159300,0,2,0,1,0
2024,3,109500,0,2,0,1,0
2024,2,93750,0,2,0,1,0
2024,2,110000,0,2,0,1,0
2024,2,79000,0,2,0,1,0
2023,1,133000,0,2,0,1,0
2025,3,221537,0,2,0,1,0
2022,3,164996,0,2,0,1,0
2023,3,104650,0,2,0,1,0
2023,2,118100,100,2,0,1,0
2024,1,64952,0,2,0,1,0
2024,3,265000,0,2,0,1,0
2024,2,174300,0,2,0,1,0
2024,3,185000,0,2,0,1,0
2023,3,159100,0,3,0,1,0
2025,2,222000,0,2,0,1,0
2024,3,173000,0,2,0,1,0
2025,3,225000,100,2,0,1,0
2024,3,127300,0,2,0,1,0
2025,4,211800,100,2,0,1,0
2024,3,250000,0,2,0,1,0
2023,3,180000,0,2,0,1,0
2024,3,192000,0,2,0,1,0
2025,3,66000,0,2,0,1,0
2025,1,112565,0,2,0,1,0
2025,3,89700,100,2,0,1,0
2025,3,225000,0,2,0,1,0
2025,3,206690,100,2,0,1,0
2025,2,160000,0,2,0,1,0
2025,2,199000,0,2,0,1,0
2024,3,339250,0,2,0,1,0
2024,3,309000,0,2,0,1,0
2024,2,146400,0,2,0,1,0
2024,2,140000,0,2,0,1,0
2024,2,350000,0,2,0,1,0
2024,3,164500,0,2,0,1,0
2024,3,233000,0,2,0,1,0
2025,3,143100,0,2,0,1,0
2024,3,175800,0,2,0,1,0
2023,4,172200,0,2,0,1,0
2024,3,180000,0,2,0,1,0
2024,2,178360,0,2,0,1,0
2024,3,149000,100,2,0,1,0
2025,2,112000,0,2,0,1,0
2025,3,227500,100,2,0,1,0
2024,3,300000,100,2,0,1,0
2025,3,191100,100,2,0,1,0
2025,1,94622,100,2,0,1,0
2024,3,220000,0,2,0,1,0
2024,3,266000,0,2,0,1,0
2024,2,149000,0,2,0,1,0
2024,1,142741,0,2,0,1,0
2024,3,170760,0,2,0,1,0
2024,2,105000,0,2,0,1,0
2024,3,150385,0,2,0,1,0
2025,1,162150,0,2,0,1,0
2025,4,166600,0,2,0,1,0
2025,3,217400,0,2,0,1,0
2024,2,188500,0,2,0,1,0
2024,2,75000,0,2,0,1,0
2024,1,120000,0,2,0,1,0
2025,3,458000,0,2,0,1,0
2025,4,176720,0,2,0,1,0
2024,2,92030,0,2,0,1,0
2023,3,150000,0,2,0,1,0
2023,2,115000,0,2,0,1,0
2024,3,119100,0,2,0,1,0
2024,1,60000,0,2,0,1,0
2024,3,170000,100,2,0,1,0
2025,3,222000,0,2,0,1,0
2024,2,220900,0,2,0,1,0
2025,3,122200,0,2,0,1,0
2025,3,120000,0,2,0,1,0
2025,3,111900,100,2,0,1,0
2024,2,120500,0,2,0,1,0
2025,3,175000,0,2,0,1,0
2024,3,250900,0,2,0,1,0
2025,3,94936,0,2,0,1,0
2025,3,190300,100,2,0,1,0
2024,2,103400,0,2,0,1,0
2024,2,95394,0,2,0,1,0
2024,2,203000,0,2,0,1,0
2025,3,135000,0,2,0,1,0
2025,3,126000,0,2,0,1,0
2024,3,135000,0,2,0,1,0
2025,1,101540,100,2,0,1,0
2025,3,192000,100,2,0,1,0
2024,3,144500,0,2,0,1,0
2024,1,80000,0,2,0,1,0
2023,2,116990,100,2,0,1,0
2025,3,225000,0,2,0,1,0
2024,3,155000,0,2,0,1,0
2023,3,135000,100,2,0,1,0
2025,3,280000,0,2,0,1,0
2025,3,137600,0,2,0,1,0
2024,3,140000,0,2,0,1,0
2025,3,277000,0,2,0,1,0
2024,3,202800,0,3,0,1,0
2025,2,73560,100,2,0,1,0
2024,3,200200,0,2,0,1,0
2024,1,42000,0,2,0,1,0
2025,3,91520,0,2,0,1,0
2024,3,200000,0,2,0,1,0
2025,3,148000,0,2,0,1,0
2025,3,145300,100,2,0,1,0
2025,2,84900,0,2,0,1,0
2025,2,157868,100,2,0,1,0
2025,2,160000,100,2,0,1,0
2024,3,195000,100,2,0,1,0
2025,2,190000,0,2,0,1,0
2024,3,142000,0,2,0,1,0
2024,3,175000,100,2,0,1,0
2024,2,100000,100,2,0,0,1
2024,2,172000,0,2,0,1,0
2024,3,212800,0,3,0,1,0
2024,3,234700,0,2,0,1,0
2022,3,203500,0,2,0,1,0
2024,2,67700,0,2,0,1,0
2023,3,45150,100,2,0,1,0
2024,3,118000,0,2,0,1,0
2024,3,126851,100,2,0,1,0
2025,3,129100,0,2,0,1,0
2025,2,215000,0,2,0,1,0
2025,3,127500,0,2,0,1,0
2024,3,176000,100,2,0,1,0
2024,2,174250,0,2,0,1,0
2023,3,226700,100,2,0,1,0
2024,3,177000,0,2,0,1,0
2024,2,43750,0,2,0,1,0
2021,3,250000,50,3,0,1,0
2025,3,120800,0,2,0,1,0
2024,3,276000,0,2,0,1,0
2024,4,292200,0,2,0,1,0
2024,3,174000,0,2,0,1,0
2025,3,160000,0,2,0,1,0
2024,4,155880,0,2,0,1,0
2024,3,160000,0,2,0,1,0
2024,3,160000,100,2,0,1,0
2024,3,276000,0,2,0,1,0
2025,2,165000,100,2,0,1,0
2024,1,114918,0,2,0,1,0
2024,3,145000,0,2,0,1,0
2025,2,106000,0,2,0,1,0
2025,3,303900,100,2,0,1,0
2024,3,225600,0,2,0,1,0
2025,2,37974,0,2,0,1,0
2025,3,111100,0,2,0,1,0
2024,3,126000,0,2,0,1,0
2023,3,170000,100,2,0,1,0
2024,3,110000,0,2,0,1,0
2024,3,190000,100,2,0,1,0
2025,3,101250,100,2,0,1,0
2025,3,251600,0,2,0,1,0
2025,3,150000,0,2,0,1,0
2025,1,65000,0,2,0,1,0
2025,3,184800,0,2,0,1,0
2025,2,75600,0,2,0,1,0
2024,3,215000,0,2,0,1,0
2025,3,251850,0,2,0,1,0
2025,3,223100,0,2,0,1,0
2025,1,84800,0,2,0,1,0
2025,2,75789,0,2,0,1,0
2025,3,86634,0,2,0,1,0
2023,3,139500,0,2,0,1,0
2024,3,143100,0,2,0,1,0
2025,2,170000,100,2,0,1,0
2023,3,83700,100,2,0,1,0
2023,3,295490,0,2,0,1,0
2024,2,240000,0,2,0,1,0
2025,2,193800,0,2,0,1,0
2024,3,206000,100,2,0,1,0
2024,3,130000,0,2,0,1,0
2024,2,205600,0,3,0,1,0
2024,2,67000,100,2,0,1,0
2024,2,360000,0,2,0,1,0
2025,2,166000,0,2,0,1,0
2025,3,190000,0,2,0,1,0
2024,3,192500,100,2,0,1,0
2024,3,127000,0,2,0,1,0
2025,3,231200,0,2,0,1,0
2024,2,215658,0,2,0,1,0
2025,2,267000,0,2,0,1,0
2024,3,160000,0,2,0,1,0
2025,3,300000,0,2,0,1,0
2024,3,233000,0,2,0,1,0
2023,3,198200,0,2,0,1,0
2024,3,66417,0,2,0,1,0
2024,3,223000,0,2,0,1,0
2025,1,137000,0,2,0,1,0
2025,3,161800,0,2,0,1,0
2025,3,238520,0,2,0,1,0
2024,2,184379,0,2,0,1,0
2024,3,85000,100,2,0,1,0
2025,3,56842,0,2,0,1,0
2025,3,204900,0,2,0,1,0
2024,2,109000,100,2,0,1,0
2024,3,72000,0,2,0,1,0
2025,3,82160,0,2,0,1,0
2024,1,73165,0,2,0,1,0
2022,3,202900,100,3,0,1,0
2025,3,170000,100,2,0,0,0
2025,3,216000,0,2,0,1,0
2024,2,125000,0,2,0,1,0
2024,3,230800,100,2,0,1,0
2025,3,180000,0,2,0,1,0
2024,3,142000,100,2,0,1,0
2025,3,168480,0,2,0,1,0
2024,2,232000,0,2,0,1,0
2025,3,64147,100,2,0,1,0
2024,3,133333,100,2,0,1,0
2024,3,247300,0,2,0,1,0
2024,3,245000,0,2,0,1,0
2025,3,176000,0,2,0,1,0
2025,1,56343,0,2,0,1,0
2024,3,258750,0,2,0,1,0
2024,2,71500,0,2,0,1,0
2023,3,140130,0,2,0,1,0
2024,2,465000,0,2,0,1,0
2024,2,240240,0,2,0,1,0
2024,3,182400,0,2,0,1,0
2024,3,247250,0,2,0,1,0
2025,3,115200,0,2,0,1,0
2025,2,129300,0,3,0,1,0
2024,3,289800,0,2,0,1,0
2025,1,75000,0,2,0,1,0
2024,3,263000,100,2,0,1,0
2025,3,177800,100,2,0,1,0
2024,3,148000,0,2,0,1,0
2024,2,160000,0,2,0,1,0
2025,3,209000,0,2,0,1,0
2025,2,87419,0,2,0,1,0
2024,1,147000,0,2,0,1,0
2025,3,188000,100,2,0,1,0
2025,3,136000,0,2,0,1,0
2025,3,185000,100,2,0,1,0
2025,2,106400,0,3,0,1,0
2024,3,110000,0,2,0,1,0
2024,2,170000,0,2,0,1,0
2025,3,101639,0,2,0,1,0
2023,3,198200,100,2,0,1,0
2024,3,247250,0,2,0,1,0
2023,3,155000,0,2,0,1,0
2025,3,337000,0,2,0,1,0
2024,2,60000,100,2,0,1,0
2025,2,75600,0,2,0,1,0
2025,3,145000,100,2,0,1,0
2025,3,125000,0,2,0,1,0
2025,2,120000,0,2,0,1,0
2024,3,90000,0,2,0,1,0
2025,2,82100,0,2,0,1,0
2024,3,244950,0,2,0,1,0
2025,3,170000,100,2,0,1,0
2025,2,131700,0,2,0,1,0
2025,1,97850,0,2,0,1,0
2025,3,160000,0,2,0,1,0
2025,2,126700,0,2,0,1,0
2023,3,75000,100,2,0,1,0
2023,3,231250,100,2,0,1,0
2023,3,234000,100,2,0,1,0
2024,2,100000,0,2,0,1,0
2024,3,150000,0,2,0,1,0
2025,4,56000,0,2,0,1,0
2025,3,88251,100,2,0,1,0
2023,3,128000,0,2,0,1,0
2024,2,112500,0,2,0,1,0
2025,2,138000,0,2,0,1,0
2025,3,176600,0,2,0,1,0
2024,4,50000,0,2,0,1,0
2024,2,136000,0,2,0,1,0
2024,2,333000,0,2,0,1,0
2024,3,160000,0,2,0,1,0
2024,1,128000,100,2,0,1,0
2024,3,156000,0,2,0,1,0
2024,2,185800,0,2,0,1,0
2024,3,80000,0,2,0,1,0
2023,4,270000,100,2,0,1,0
2024,1,32400,100,2,0,1,0
2025,4,200000,0,2,0,1,0
2025,3,108000,0,2,0,1,0
2025,3,73000,0,2,0,1,0
2025,2,118400,0,2,0,1,0
2024,2,225000,0,2,0,1,0
2025,2,130000,0,2,0,1,0
2025,3,335720,100,2,0,1,0
2025,2,214032,0,2,0,1,0
2025,1,64350,0,2,0,1,0
2025,3,170000,0,2,0,1,0
2024,3,135000,0,2,0,1,0
2024,4,210000,0,2,0,1,0
2025,3,175947,100,2,0,1,0
2024,3,91520,0,2,0,1,0
2025,3,172590,0,2,0,1,0
2022,3,192500,100,2,0,1,0
2025,3,236000,0,2,0,1,0
2025,1,47300,0,2,0,1,0
2024,3,150400,0,3,0,1,0
2025,3,281000,0,2,0,1,0
2024,2,195000,0,2,0,1,0
2025,4,147800,0,2,0,1,0
2025,2,74600,0,2,0,1,0
2025,2,216000,0,2,0,1,0
2025,2,231000,0,2,0,1,0
2025,2,61900,0,2,0,1,0
2025,3,164000,100,2,0,1,0
2024,3,218500,0,2,0,1,0
2025,3,85150,0,2,0,1,0
2025,3,200000,0,2,0,1,0
2024,2,68850,0,2,0,1,0
2025,3,121000,0,2,0,1,0
2025,2,52631,0,2,0,1,0
2024,2,115000,0,2,0,1,0
2024,3,79280,100,2,0,1,0
2023,3,102000,100,2,0,1,0
2025,4,150000,100,2,0,1,0
2024,3,151000,0,2,0,1,0
2025,3,88607,0,2,0,1,0
2025,3,130000,0,2,0,1,0
2025,4,187011,0,2,0,1,0
2024,3,250200,0,2,0,1,0
2025,1,68000,0,2,0,1,0
2024,2,108300,0,2,0,1,0
2024,1,88888,0,2,0,1,0
2025,4,160000,0,2,0,1,0
2025,3,235000,0,2,0,1,0
2025,3,124455,100,2,0,1,0
2024,3,303000,0,2,0,1,0
2024,1,117000,0,2,0,1,0
2024,2,333000,0,2,0,1,0
2024,3,160160,100,2,0,1,0
2024,2,106345,100,2,0,1,0
2025,2,130000,0,2,0,1,0
2024,3,234000,0,2,0,1,0
2025,3,222300,0,2,0,1,0
2025,3,56000,0,2,0,1,0
2024,2,110900,0,2,0,1,0
2025,3,91120,100,2,0,1,0
2024,2,122887,0,2,0,1,0
2025,4,130920,0,2,0,1,0
2024,2,110000,100,2,0,1,0
2024,1,110240,0,2,0,1,0
2024,3,254000,0,2,0,1,0
2024,3,325200,0,2,0,1,0
2023,3,239000,0,2,0,1,0
2024,1,194000,0,2,0,1,0
2024,4,314000,0,2,0,1,0
2024,3,137100,0,2,0,1,0
2025,3,174900,0,2,0,1,0
2025,3,196000,0,2,0,1,0
2023,1,42030,0,2,0,1,0
2024,2,175457,0,2,0,1,0
2024,1,170000,0,2,0,1,0
2025,2,85000,0,2,0,1,0
2024,1,59976,0,2,0,1,0
2025,2,118320,0,2,0,1,0
2025,3,90000,0,2,0,1,0
2024,3,190000,0,2,0,1,0
2025,2,112331,0,2,0,1,0
2023,3,120000,0,2,0,1,0
2024,3,226000,0,2,0,1,0
2025,2,150000,100,2,0,1,0
2025,1,90000,0,2,0,1,0
2024,3,163000,0,2,0,1,0
2025,2,229000,0,2,0,1,0
2024,3,111072,100,2,0,1,0
2024,3,281000,0,2,0,1,0
2025,3,144200,100,2,0,1,0
2025,4,298515,0,2,0,1,0
2025,2,116000,0,2,0,1,0
2024,3,177300,100,2,0,1,0
2025,2,147000,0,2,0,1,0
2025,3,310000,100,2,0,1,0
2025,3,141300,100,2,0,1,0
2024,3,173000,100,2,0,1,0
2025,3,170000,0,2,0,1,0
2025,4,200000,0,2,0,1,0
2025,3,119500,0,2,0,1,0
2025,3,90000,0,2,0,1,0
2025,2,104000,100,2,0,1,0
2025,3,110000,0,2,0,1,0
2024,2,76923,0,2,0,1,0
2024,2,219221,0,2,0,1,0
2025,2,267000,0,2,0,1,0
2025,3,194000,0,2,0,1,0
2023,2,69000,0,2,0,1,0
2025,2,200200,0,2,0,1,0
2024,2,160000,0,2,0,1,0
2024,1,112000,0,2,0,1,0
2025,2,179300,100,2,0,1,0
2024,3,176000,0,2,0,1,0
2024,3,225000,0,2,0,1,0
2023,3,204500,0,2,0,1,0
2024,1,250000,0,2,0,1,0
2024,3,306250,0,2,0,1,0
2025,2,170000,0,2,0,1,0
2024,3,137781,100,2,0,1,0
2025,2,130000,0,2,0,1,0
2024,1,89550,0,2,0,1,0
2024,3,46000,0,2,0,1,0
2024,1,124000,0,2,0,1,0
2024,3,103400,100,2,0,1,0
2025,3,110000,0,2,0,1,0
2025,1,57764,0,2,0,1,0
2024,1,192300,0,3,0,1,0
2024,3,75600,0,2,0,1,0
2025,3,132000,100,2,0,1,0
2025,3,182750,0,2,0,1,0
2025,2,128000,0,2,0,1,0
2025,3,323000,0,2,0,1,0
2025,3,140000,0,2,0,1,0
2025,3,124500,0,2,0,1,0
2025,2,85000,0,2,0,1,0
2024,3,137900,0,2,0,1,0
2023,3,225500,0,2,0,1,0
2024,2,120000,0,2,0,1,0
2025,2,173040,0,2,0,1,0
2024,2,250000,100,2,0,1,0
2024,1,45546,0,2,0,1,0
2025,2,112000,0,2,0,1,0
2024,3,225000,0,2,0,1,0
2024,3,323400,0,2,0,1,0
2024,3,150700,0,2,0,1,0
2025,3,168000,0,2,0,1,0
2024,3,148000,0,2,0,1,0
2023,3,95000,0,2,0,1,0
2025,1,40000,0,2,0,1,0
2024,3,139000,0,2,0,1,0
2024,3,80000,0,2,0,1,0
2023,3,160000,100,2,0,1,0
2025,2,210100,100,2,0,1,0
2022,3,200000,100,2,0,1,0
2024,2,118612,0,2,0,1,0
2024,3,228700,0,2,0,1,0
2025,3,204000,100,2,0,1,0
2024,3,132500,0,2,0,1,0
2025,3,162000,0,2,0,1,0
2025,1,41684,0,2,0,1,0
2025,3,224000,0,2,0,1,0
2025,1,68700,100,2,0,1,0
2024,3,104300,0,3,0,1,0
2025,3,153000,0,2,0,1,0
2025,3,215000,0,2,0,1,0
2024,1,110000,0,2,0,1,0
2024,3,207800,0,2,0,1,0
2024,3,85252,0,2,0,1,0
2025,1,95000,0,2,0,1,0
2025,3,291500,0,2,0,1,0
2024,2,96000,100,2,0,1,0
2025,2,182416,100,2,0,1,0
2025,3,92400,0,2,0,1,0
2025,3,104900,100,2,0,1,0
2024,3,184250,0,2,0,1,0
2024,3,94860,0,2,0,1,0
2025,2,71428,0,2,0,1,0
2025,2,80000,0,2,0,1,0
2024,2,64900,0,2,0,1,0
2022,2,135000,100,2,0,1,0
2023,4,272400,0,3,0,1,0
2025,4,187500,0,2,0,1,0
2024,4,240000,0,2,0,1,0
2024,3,178200,0,2,0,1,0
2022,2,15000,100,2,0,1,0
2023,4,205785,100,2,0,1,0
2024,1,85000,0,2,0,1,0
2024,2,173000,0,2,0,1,0
2024,1,88888,100,2,0,1,0
2025,1,82765,0,2,0,1,0
2024,3,98461,0,2,0,1,0
2025,3,140000,100,2,0,1,0
2025,3,122000,0,2,0,1,0
2024,3,214000,0,2,0,1,0
2024,2,115704,0,2,0,1,0
2024,3,293000,0,2,0,1,0
2025,3,140000,0,2,0,1,0
2024,3,85800,100,2,0,1,0
2024,2,63511,0,2,0,1,0
2024,3,233000,0,2,0,1,0
2025,3,163500,100,2,0,1,0
2024,2,264800,0,2,0,1,0
2025,3,220000,0,2,0,1,0
2025,2,181000,100,2,0,1,0
2024,3,161000,0,2,0,1,0
2025,3,195000,100,2,0,1,0
2024,2,170500,0,2,0,1,0
2025,3,215000,0,2,0,1,0
2024,2,179000,0,2,0,1,0
2024,3,131175,0,2,0,1,0
2025,3,163000,0,2,0,1,0
2024,2,208800,0,2,0,1,0
2024,3,200000,0,2,0,1,0
2025,3,143500,0,2,0,1,0
2024,2,156000,100,2,0,1,0
2025,3,80517,0,2,0,1,0
2025,3,73900,0,2,0,1,0
2025,3,242000,0,2,0,1,0
2024,1,87000,0,2,0,1,0
2025,2,160000,0,2,0,1,0
2022,2,150000,100,3,0,1,0
2025,3,250000,0,2,0,1,0
2025,2,275000,0,2,0,1,0
2024,2,256500,0,2,0,1,0
2024,3,125000,0,2,0,1,0
2025,3,168000,0,2,0,1,0
2024,1,84000,0,2,0,1,0
2025,3,120700,0,2,0,1,0
2025,2,74800,0,2,0,1,0
2025,2,231000,0,2,0,1,0
2024,2,140000,100,2,0,1,0
2024,2,191000,0,2,0,1,0
2023,3,200000,0,2,0,1,0
2025,3,175000,100,2,0,1,0
2023,4,265000,0,2,0,1,0
2024,3,160000,0,2,0,1,0
2024,3,120000,0,2,0,1,0
2025,2,115400,100,2,0,1,0
2024,1,17266,100,2,0,1,0
2025,2,230000,0,2,0,1,0
2024,1,95000,0,2,0,1,0
2024,2,146000,0,2,0,1,0
2024,3,170200,0,2,0,1,0
2024,3,240500,0,2,0,1,0
2024,4,143100,0,2,0,1,0
2024,2,43750,0,2,0,1,0
2025,3,316100,0,2,0,1,0
2025,3,174000,0,2,0,1,0
2024,2,85000,100,2,0,1,0
2024,2,300000,0,2,0,1,0
2025,3,211300,0,2,0,1,0
2023,3,174000,0,2,0,1,0
2025,2,113000,0,2,0,1,0
2024,3,138000,0,2,0,1,0
2025,3,190700,0,2,0,1,0
2024,1,40000,100,2,0,1,0
2025,2,175000,0,2,0,1,0
2024,1,68000,0,2,0,1,0
2025,3,154305,0,2,0,1,0
2025,1,143000,0,2,0,1,0
2025,2,206600,0,2,0,1,0
2024,3,230000,0,2,0,1,0
2024,3,175000,0,2,0,1,0
2024,1,158620,0,2,0,1,0
2025,3,110000,0,2,0,1,0
2024,3,185000,100,2,0,1,0
2024,3,126900,0,2,0,1,0
2024,2,220000,0,2,0,1,0
2025,3,130000,0,2,0,1,0
2024,3,190000,100,2,0,1,0
2024,1,120000,100,2,0,1,0
2025,3,140000,100,2,0,1,0
2025,2,146520,0,2,0,1,0
2025,2,89240,0,2,0,1,0
2024,3,170000,0,2,0,1,0
2023,3,121500,100,2,0,1,0
2024,2,166800,0,2,0,1,0
2025,3,100000,100,2,0,1,0
2024,3,304750,0,2,0,1,0
2025,3,177100,0,2,0,1,0
2024,3,156400,0,2,0,1,0
2025,1,86240,0,2,0,1,0
2024,3,120800,0,2,0,1,0
2024,4,120000,0,2,0,1,0
2024,1,125000,0,2,0,1,0
2023,3,145000,0,2,0,1,0
2025,3,148000,0,2,0,1,0
2024,3,140000,100,2,0,1,0
2023,3,231250,0,2,0,1,0
2025,2,102400,100,2,0,1,0
2025,3,205000,0,2,0,1,0
2024,2,64200,0,2,0,1,0
2025,2,70000,0,2,0,1,0
2024,2,236474,100,2,0,1,0
2025,3,189000,0,2,0,1,0
2025,3,144400,0,2,0,1,0
2024,3,140000,0,2,0,1,0
2025,3,197100,0,2,0,1,0
2024,3,204000,0,2,0,1,0
2025,3,213000,0,2,0,1,0
2024,3,194688,100,2,0,1,0
2024,3,90000,0,2,0,1,0
2025,3,159000,0,2,0,1,0
2025,2,70000,0,2,0,1,0
2025,3,185000,0,2,0,1,0
2025,4,61000,0,2,0,1,0
2023,3,139000,0,2,0,1,0
2024,3,246000,0,2,0,1,0
2025,3,196800,100,2,0,1,0
2024,3,340000,0,2,0,1,0
2024,3,98960,0,2,0,1,0
2024,2,76923,0,2,0,1,0
2025,1,127800,0,2,0,1,0
2025,3,93000,0,2,0,1,0
2024,3,160000,100,2,0,1,0
2024,2,131651,0,2,0,1,0
2025,3,100000,0,2,0,1,0
2024,3,145000,100,2,0,1,0
2024,3,110000,100,2,0,1,0
2024,3,243000,0,2,0,1,0
2023,2,114000,100,2,0,1,0
2025,3,200000,0,2,0,1,0
2024,2,67200,0,2,0,1,0
2025,2,81600,0,2,0,1,0
2024,2,120000,0,2,0,1,0
2024,2,220000,0,2,0,1,0
2024,2,145000,0,2,0,1,0
2024,2,214032,0,2,0,1,0
2024,2,185000,0,2,0,1,0
2025,3,91000,100,2,0,1,0
2024,3,131841,100,2,0,1,0
2024,3,258750,0,2,0,1,0
2024,3,229438,0,2,0,1,0
2024,3,135000,0,2,0,1,0
2024,3,195000,0,2,0,1,0
2025,3,184706,0,2,0,1,0
2024,3,149000,100,2,0,1,0
2024,3,170000,0,2,0,1,0
2025,3,175000,0,2,0,1,0
2024,3,160000,0,2,0,1,0
2023,3,51962,0,2,0,1,0
2024,2,123000,0,2,0,1,0
2025,1,75805,0,2,0,1,0
2024,3,246500,0,2,0,1,0
2023,3,205670,0,2,0,1,0
2025,2,88290,0,2,0,1,0
2024,3,164000,0,2,0,1,0
2024,3,180000,0,2,0,1,0
2025,2,283100,0,2,0,1,0
2025,3,297000,0,2,0,1,0
2024,3,202750,0,2,0,1,0
2024,3,169000,0,2,0,1,0
2025,3,685000,0,2,0,1,0
2025,3,203940,0,2,0,1,0
2024,3,160000,0,2,0,1,0
2025,1,125000,100,2,0,1,0
2024,2,134000,0,2,0,1,0
2024,3,217400,0,2,0,1,0
2025,3,123500,0,2,0,1,0
2025,3,135000,100,2,0,1,0
2025,3,240000,100,2,0,1,0
2025,3,170000,100,2,0,1,0
2023,2,204500,0,2,0,1,0
2025,3,240000,0,2,0,1,0
2024,2,66330,0,2,0,1,0
2025,3,215100,0,2,0,1,0
2024,3,94444,0,2,0,1,0
2023,2,180000,0,2,0,1,0
2025,3,303000,0,2,0,1,0
2024,3,39900,0,2,0,1,0
2024,2,173000,0,2,0,1,0
2024,2,50000,100,2,0,1,0
2024,2,180000,0,2,0,1,0
2025,2,116334,100,2,0,1,0
2024,3,217000,100,2,0,1,0
2025,1,19238,0,2,0,1,0
2024,2,213900,100,2,0,1,0
2024,2,58500,0,2,0,1,0
2024,3,270000,0,2,0,1,0
2025,1,108000,0,2,0,1,0
2024,1,112320,0,2,0,1,0
2023,3,123000,0,2,0,1,0
2025,2,244900,0,2,0,1,0
2025,2,155000,0,2,0,1,0
2025,1,200000,0,3,0,1,0
2023,1,40000,100,2,0,1,0
2024,3,210000,0,2,0,1,0
2024,2,62100,0,2,0,1,0
2023,3,106020,0,2,0,1,0
2025,3,223000,100,2,0,1,0
2024,3,239900,100,2,0,1,0
2025,2,103000,0,2,0,1,0
2025,3,152000,100,2,0,1,0
2024,3,156000,0,2,0,1,0
2024,3,143300,0,3,0,1,0
2024,3,182437,0,2,0,1,0
2024,3,155000,100,2,0,1,0
2025,2,150000,100,2,0,1,0
2025,3,125000,100,2,0,1,0
2025,2,83616,0,2,0,1,0
2025,3,161400,0,2,0,1,0
2024,3,160000,100,2,0,1,0
2024,3,174000,0,2,0,1,0
2025,1,56962,0,2,0,1,0
2024,2,99900,0,2,0,1,0
2024,3,220000,0,2,0,1,0
2025,3,200000,0,2,0,1,0
2024,3,201000,100,2,0,1,0
2024,3,355000,0,2,0,1,0
2025,3,144900,100,2,0,1,0
2024,3,143100,0,2,0,1,0
2025,2,96000,0,2,0,1,0
2025,1,59640,0,2,0,1,0
2025,1,63600,0,2,0,1,0
2025,3,138000,0,2,0,1,0
2025,2,18947,100,2,0,1,0
2024,3,120000,0,2,0,1,0
2025,3,289000,100,2,0,1,0
2024,1,80000,0,2,0,1,0
2023,3,155000,0,2,0,1,0
2025,2,222200,0,2,0,1,0
2024,1,62000,0,2,0,1,0
2025,2,150000,0,2,0,1,0
2023,2,94400,100,2,0,1,0
2025,1,54000,0,2,0,1,0
2024,2,86600,100,2,0,1,0
2024,3,360000,0,2,0,1,0
2023,3,132500,0,2,0,1,0
2025,3,140000,100,2,0,1,0
2025,3,297600,0,2,0,1,0
2025,3,202800,0,3,0,1,0
2025,1,34000,0,2,0,1,0
2024,3,190000,0,2,0,1,0
2024,2,234500,100,2,0,1,0
2024,1,173450,0,2,0,1,0
2025,2,100000,100,2,0,1,0
2025,3,180000,0,2,0,1,0
2024,2,95000,0,2,0,1,0
2022,2,92350,0,2,0,1,0
2025,3,175000,0,2,0,1,0
2024,3,160000,100,2,0,1,0
2024,2,57027,0,2,0,1,0
2025,1,45000,0,2,0,1,0
2025,3,134500,0,2,0,1,0
2025,2,144000,0,2,0,1,0
2025,3,109130,0,2,0,1,0
2025,1,42105,0,2,0,1,0
2024,2,103685,0,2,0,1,0
2024,2,81000,100,2,0,1,0
2024,2,118900,0,3,0,1,0
2023,2,125000,0,2,0,1,0
2025,4,312350,0,2,0,1,0
2024,2,112500,100,2,0,0,0
2024,3,167000,0,2,0,1,0
2024,3,190000,100,2,0,1,0
2023,2,75000,0,2,0,1,0
2025,1,87568,0,2,0,1,0
2025,1,185000,0,3,0,1,0
2022,3,81666,100,2,0,1,0
2024,3,169000,100,2,0,1,0
2025,1,110000,0,2,0,1,0
2024,3,116000,0,2,0,1,0
2025,3,135000,0,2,0,1,0
2025,4,142250,0,2,0,1,0
2024,2,135000,0,2,0,1,0
2024,2,112000,0,2,0,1,0
2024,2,73100,0,2,0,1,0
2024,2,213815,0,2,0,1,0
2025,3,146000,0,2,0,1,0
2025,3,178500,0,2,0,1,0
2025,3,78947,0,2,0,1,0
2024,3,173000,0,2,0,1,0
2024,2,135400,0,2,0,1,0
2025,3,188000,0,2,0,1,0
2025,3,180000,0,2,0,1,0
2024,3,204000,0,2,0,1,0
2024,3,119000,0,2,0,1,0
2021,2,88654,50,3,0,1,0
2023,3,130410,0,2,0,1,0
2024,3,148000,100,2,0,1,0
2025,1,93770,0,2,0,1,0
2025,2,225000,0,2,0,1,0
2024,2,173000,0,2,0,1,0
2023,4,125000,0,2,0,1,0
2024,3,182400,0,2,0,1,0
2024,3,212800,0,2,0,1,0
2025,3,220000,100,2,0,1,0
2025,3,149550,0,2,0,1,0
2025,1,33684,100,2,0,1,0
2025,2,165760,0,2,0,1,0
2024,1,76800,100,2,0,1,0
2025,3,286000,0,3,0,1,0
2025,1,43037,0,2,0,1,0
2025,2,70200,100,2,0,1,0
2025,2,119650,0,2,0,1,0
2024,2,84630,0,2,0,1,0
2025,1,100000,0,2,0,1,0
2025,3,117000,0,2,0,1,0
2025,2,135000,0,2,0,1,0
2025,3,185482,0,2,0,1,0
2025,1,76944,0,2,0,1,0
2025,3,110000,100,2,0,1,0
2025,2,37894,0,2,0,1,0
2024,3,252000,0,2,0,1,0
2025,2,147300,0,2,0,1,0
2025,3,261500,0,3,0,1,0
2024,3,138900,0,2,0,1,0
2024,3,165500,100,2,0,1,0
2025,3,104600,0,2,0,1,0
2024,3,170000,0,2,0,1,0
2025,4,186900,0,2,0,1,0
2024,2,120000,0,2,0,1,0
2024,3,207800,0,2,0,1,0
2025,3,230000,0,2,0,1,0
2025,3,196400,0,2,0,1,0
2025,2,76000,0,2,0,1,0
2024,2,264200,0,2,0,1,0
2024,2,73100,0,2,0,1,0
2025,3,54500,100,2,0,1,0
2024,1,80080,0,2,0,1,0
2025,3,161400,100,2,0,1,0
2025,2,108311,0,2,0,1,0
2025,1,48505,0,2,0,1,0
2024,3,188000,0,2,0,1,0
2024,3,180000,0,2,0,1,0
2025,1,45700,0,2,0,1,0
2024,3,189000,0,2,0,1,0
2024,2,131700,0,2,0,1,0
2024,3,111000,100,2,0,1,0
2024,2,144200,0,2,0,1,0
2025,3,225000,0,2,0,1,0
2024,3,142166,0,2,0,1,0
2025,3,99100,0,2,0,1,0
2024,3,216000,0,2,0,1,0
2025,2,315000,0,2,0,1,0
2025,2,143000,100,2,0,1,0
2025,3,200000,0,2,0,1,0
2025,3,244000,0,2,0,1,0
2024,2,169000,0,2,0,1,0
2025,2,130000,100,2,0,1,0
2025,3,160000,0,2,0,1,0
2023,3,145000,0,2,0,1,0
2025,1,52054,0,2,0,1,0
2025,2,136500,0,2,0,1,0
2025,2,69620,100,2,0,1,0
2025,3,167200,0,2,0,1,0
2023,3,170000,100,2,0,1,0
2025,2,124500,0,2,0,1,0
2025,3,273930,0,2,0,1,0
2024,3,72000,0,2,0,1,0
2023,2,70000,0,2,0,1,0
2024,2,135700,0,2,0,1,0
2025,2,121300,0,2,0,1,0
2025,3,188300,0,2,0,1,0
2023,3,145000,0,2,0,1,0
2024,3,121800,0,2,0,1,0
2025,3,135000,0,2,0,1,0
2024,3,198100,0,2,0,1,0
2025,2,62484,0,2,0,1,0
2024,3,125760,0,2,0,1,0
2024,2,135283,0,2,0,1,0
2024,2,47706,0,2,0,1,0
2024,3,101970,0,2,0,1,0
2024,3,195000,100,2,0,1,0
2023,3,142200,0,2,0,1,0
2025,3,85000,0,2,0,1,0
2024,3,89000,100,2,0,1,0
2025,2,99367,0,2,0,1,0
2023,3,145900,0,2,0,1,0
2024,2,123500,0,2,0,1,0
2023,1,250800,0,2,0,1,0
2025,3,110000,0,2,0,1,0
2024,3,122200,0,2,0,1,0
2025,2,73230,0,2,0,1,0
2025,1,138700,0,2,0,1,0
2025,2,165600,0,2,0,1,0
2024,3,122200,0,2,0,1,0
2025,3,201840,100,2,0,1,0
2024,3,175000,100,2,0,1,0
2025,3,82105,0,2,0,1,0
2025,2,252900,0,2,0,1,0
2025,1,56000,0,2,0,1,0
2025,3,264000,0,2,0,1,0
2023,3,202350,0,2,0,1,0
2025,3,164000,0,2,0,1,0
2025,2,112000,0,2,0,1,0
2023,2,90000,0,2,0,1,0
2025,3,247280,0,2,0,1,0
2025,3,162000,0,2,0,1,0
2024,3,200000,0,2,0,1,0
2024,3,160000,100,2,0,1,0
2025,1,90000,0,2,0,1,0
2024,2,264200,0,2,0,1,0
2025,2,208000,0,2,0,1,0
2025,1,110000,0,2,0,1,0
2024,1,180000,0,2,0,1,0
2025,2,65822,0,2,0,1,0
2024,1,86000,100,2,0,1,0
2023,1,49000,100,2,0,1,0
2025,3,144900,100,2,0,1,0
2024,2,82800,100,2,0,1,0
2025,3,224000,0,2,0,1,0
2025,2,143500,100,2,0,1,0
2025,1,62935,0,2,0,1,0
2024,2,224000,0,2,0,1,0
2025,2,79310,0,2,0,1,0
2025,2,105000,0,2,0,1,0
2024,1,26575,0,2,0,1,0
2025,2,120000,0,2,0,1,0
2025,3,159000,100,2,0,1,0
2025,3,118700,0,2,0,1,0
2025,2,256900,100,2,0,1,0
2025,2,104200,0,2,0,1,0
2024,1,144200,0,2,0,1,0
2025,3,253000,0,2,0,1,0
2025,3,212333,100,2,0,1,0
2024,2,170000,0,2,0,1,0
2025,3,195000,0,2,0,1,0
2024,3,170000,0,2,0,1,0
2024,3,224000,0,2,0,1,0
2025,2,234500,0,2,0,1,0
2024,1,215300,0,2,0,1,0
2024,2,180000,0,2,0,1,0
2024,3,355000,0,2,0,1,0
2025,1,186900,0,2,0,1,0
2024,1,50000,0,2,0,1,0
2024,3,94444,0,2,0,1,0
2025,2,86500,0,2,0,1,0
2024,3,245400,0,2,0,1,0
2024,3,152000,0,2,0,1,0
2025,1,15281,0,2,0,1,0
2025,3,190000,0,2,0,1,0
2023,3,114080,0,2,0,1,0
2024,3,85000,100,2,0,1,0
2025,2,286000,0,3,0,1,0
2025,3,80000,100,2,0,1,0
2024,2,174600,0,2,0,1,0
2024,2,90000,0,2,0,1,0
2025,3,97300,0,2,0,1,0
2025,3,90000,0,2,0,1,0
2024,3,263600,0,2,0,1,0
2024,3,230000,0,2,0,1,0
2025,2,160000,100,2,0,1,0
2024,1,156000,0,3,0,1,0
2024,2,104800,0,2,0,1,0
2025,3,240000,0,2,0,1,0
2023,3,165000,0,2,0,1,0
2024,1,59000,100,2,0,1,0
2025,2,173040,0,2,0,1,0
2024,2,235750,0,2,0,1,0
2024,3,55555,0,2,0,1,0
2025,2,84000,0,2,0,1,0
2025,1,48000,0,2,0,1,0
2024,3,264200,0,2,0,1,0
2024,3,69500,100,2,0,1,0
2025,3,115000,100,2,0,1,0
2025,3,117200,0,2,0,1,0
2024,2,107712,100,2,0,1,0
2025,2,250000,100,2,0,1,0
2024,2,296000,0,2,0,1,0
2024,2,111425,0,2,0,1,0
2024,3,192000,0,2,0,1,0
2024,3,229900,0,2,0,1,0
2024,3,252000,0,2,0,1,0
2025,3,225000,0,2,0,1,0
2025,2,125000,0,2,0,1,0
2025,3,150000,0,2,0,1,0
2024,3,136852,0,2,0,1,0
2025,3,141670,100,2,0,1,0
2024,2,138000,0,2,0,1,0
2025,2,107120,0,2,0,1,0
2025,3,111890,0,2,0,1,0
2025,2,98875,100,2,0,1,0
2025,1,150000,0,2,0,1,0
2023,2,150000,100,2,0,1,0
2025,2,108800,0,2,0,1,0
2024,3,190000,0,2,0,1,0
2024,3,120000,0,2,0,1,0
2024,3,176000,0,2,0,1,0
2024,3,190000,0,2,0,1,0
2025,2,56962,0,2,0,1,0
2023,3,172040,100,2,0,1,0
2024,3,168000,0,2,0,1,0
2025,2,82500,0,2,0,1,0
2024,3,231500,100,2,0,1,0
2025,3,59795,0,2,0,1,0
2024,3,204500,0,2,0,1,0
2025,3,132600,0,2,0,1,0
2025,1,162150,0,2,0,1,0
2024,3,175000,0,2,0,1,0
2023,3,268000,100,2,0,1,0
2024,3,181900,0,2,0,1,0
2025,3,265000,0,2,0,1,0
2024,3,330146,100,2,0,1,0
2024,3,220000,0,2,0,1,0
2025,3,250000,0,2,0,1,0
2023,2,155000,0,2,0,1,0
2025,4,440190,0,2,0,1,0
2024,3,212800,0,3,0,1,0
2025,3,140000,0,2,0,1,0
2025,1,94600,100,2,0,1,0
2025,3,161000,0,2,0,1,0
2024,2,102500,0,2,0,1,0
2024,3,126400,0,2,0,1,0
2025,2,400000,0,2,0,1,0
2025,3,216000,100,2,0,1,0
2024,3,195000,0,2,0,1,0
2025,3,74810,0,2,0,1,0
2024,3,180000,0,2,0,1,0
2024,2,265000,0,2,0,1,0
2024,3,130000,0,2,0,1,0
2024,2,143100,0,2,0,1,0
2024,2,94300,0,2,0,1,0
2023,3,160000,0,2,0,1,0
2025,3,160000,100,2,0,1,0
2024,3,212124,0,2,0,1,0
2025,2,120000,100,2,0,1,0
2025,3,265000,0,2,0,1,0
2025,2,250000,0,2,0,1,0
2024,3,73100,0,2,0,1,0
2025,2,126880,0,2,0,1,0
2025,3,170600,0,2,0,1,0
2024,4,110000,0,2,0,1,0
2024,2,184800,0,2,0,1,0
2024,3,266400,100,2,0,1,0
2023,3,162000,0,2,0,1,0
2025,3,286080,0,2,0,1,0
2024,3,69257,0,2,0,1,0
2025,2,200000,0,2,0,1,0
2024,1,40000,0,2,0,1,0
2023,3,153000,100,2,0,1,0
2024,3,300000,0,2,0,1,0
2024,2,149300,0,2,0,1,0
2024,3,263500,100,2,0,1,0
2023,3,155000,100,2,0,1,0
2025,4,179098,0,2,0,1,0
2024,3,192000,0,2,0,1,0
2023,3,129300,0,2,0,1,0
2025,1,110000,0,2,0,1,0
2024,2,128000,0,2,0,1,0
2024,3,84111,0,2,0,1,0
2025,3,135000,0,2,0,1,0
2024,2,360000,0,2,0,1,0
2024,3,155000,100,2,0,1,0
2025,1,144000,0,2,0,1,0
2024,2,106700,0,2,0,1,0
2024,1,98100,100,2,0,1,0
2023,3,131100,0,2,0,1,0
2025,2,75949,0,2,0,1,0
2024,3,179000,0,2,0,1,0
2025,3,300000,0,2,0,1,0
2023,3,296100,0,2,0,1,0
2025,4,110136,0,2,0,1,0
2025,3,75949,0,2,0,1,0
2024,3,137600,0,2,0,1,0
2024,2,178200,0,2,0,1,0
2024,3,190800,100,2,0,1,0
2025,2,405000,0,2,0,1,0
2025,3,63291,0,2,0,1,0
2024,2,172000,0,2,0,1,0
2024,3,120000,100,2,0,1,0
2025,2,115000,100,2,0,1,0
2024,3,165000,100,2,0,1,0
2023,4,465000,0,2,0,1,0
2025,2,180000,0,2,0,1,0
2024,2,208000,0,2,0,1,0
2024,3,510720,0,2,0,1,0
2025,3,215000,100,2,0,1,0
2025,2,113100,0,2,0,1,0
2023,3,101570,100,2,0,1,0
2024,3,188698,0,2,0,1,0
2024,1,128250,0,2,0,1,0
2024,3,158000,100,2,0,1,0
2024,3,123000,0,2,0,1,0
2024,3,139200,100,2,0,1,0
2025,1,25263,50,2,0,1,0
2024,1,97000,0,2,0,1,0
2024,2,78700,0,2,0,1,0
2025,3,174570,0,2,0,1,0
2025,4,252900,0,2,0,1,0
2024,2,143000,0,2,0,1,0
2024,3,144000,0,2,0,1,0
2024,2,93000,0,2,0,1,0
2022,1,45600,100,2,0,1,0
2024,1,130000,100,2,0,1,0
2025,2,114080,0,2,0,1,0
2025,4,250000,100,2,0,1,0
2024,1,76095,0,2,0,1,0
2025,3,96600,0,2,0,1,0
2025,2,105314,0,2,0,1,0
2023,2,237400,0,2,0,1,0
2025,3,223450,0,2,0,1,0
2024,4,152000,100,2,0,1,0
2024,1,97760,0,2,0,1,0
2025,1,117180,0,2,0,1,0
2025,3,105000,100,2,0,1,0
2025,2,183000,0,2,0,1,0
2023,2,87500,100,2,0,1,0
2024,1,73000,100,2,0,1,0
2023,4,140000,0,2,0,1,0
2025,3,129400,0,2,0,1,0
2025,2,138600,0,2,0,1,0
2025,1,70000,100,2,0,1,0
2024,3,160000,100,2,0,1,0
2025,3,142600,0,2,0,1,0
2025,1,73600,0,2,0,1,0
2024,3,210000,0,2,0,1,0
2024,3,280000,0,2,0,1,0
2025,3,140000,0,2,0,1,0
2025,3,228600,0,2,0,1,0
2022,3,210000,100,2,0,1,0
2024,2,80769,0,2,0,1,0
2024,3,143100,0,2,0,1,0
2024,2,140000,0,2,0,1,0
2024,1,64000,0,2,0,1,0
2025,3,160000,0,2,0,1,0
2025,2,163000,0,2,0,1,0
2024,3,148000,0,2,0,1,0
2024,2,75000,100,2,0,1,0
2024,3,96000,0,2,0,1,0
2025,3,129000,100,2,0,1,0
2025,2,155250,0,2,0,1,0
2025,3,180000,0,2,0,1,0
2024,3,101000,0,2,0,1,0
2025,3,160000,0,2,0,1,0
2025,3,157750,100,2,0,1,0
2022,3,215000,0,2,0,1,0
2024,3,117300,0,3,0,1,0
2025,3,196000,100,2,0,1,0
2024,4,550000,0,2,0,1,0
2024,3,168300,0,2,0,1,0
2024,3,140250,100,2,0,1,0
2024,3,226800,100,2,0,1,0
2024,2,167400,0,2,0,1,0
2025,1,57120,0,2,0,1,0
2025,1,25263,0,2,0,1,0
2025,2,72000,100,2,0,1,0
2025,2,146775,0,2,0,1,0
2024,3,225300,0,2,0,1,0
2023,3,52500,0,2,0,1,0
2025,3,111000,100,2,0,1,0
2024,3,189000,0,2,0,1,0
2023,3,222200,0,3,0,1,0
2024,3,185000,0,2,0,1,0
2022,1,15000,0,3,0,1,0
2024,3,88907,0,2,0,1,0
2025,3,325500,100,2,0,1,0
2025,3,181000,0,2,0,1,0
2024,2,99800,0,2,0,1,0
2024,2,100000,0,2,0,1,0
2024,2,72800,100,2,0,1,0
2024,2,195000,0,2,0,1,0
2025,3,125000,0,2,0,1,0
2025,1,80000,0,2,0,1,0
2024,3,75000,0,2,0,1,0
2025,2,125700,0,2,0,1,0
2025,3,330000,0,2,0,1,0
2024,3,136800,0,2,0,1,0
2024,3,345000,100,2,0,1,0
2023,3,159300,0,2,0,1,0
2025,3,245400,0,2,0,1,0
2025,3,217000,0,2,0,1,0
2025,3,180000,0,2,0,1,0
2025,4,246835,0,2,0,1,0
2025,2,120750,0,2,0,1,0
2024,1,84100,0,2,0,1,0
2024,3,251600,0,2,0,1,0
2025,2,135000,0,2,0,1,0
2024,3,130000,0,2,0,1,0
2024,1,185000,0,3,0,1,0
2024,2,189000,0,2,0,1,0
2024,2,45555,0,2,0,1,0
2024,3,208000,0,2,0,1,0
2024,3,178750,0,2,0,1,0
2025,3,281900,0,2,0,1,0
2025,1,130000,0,2,0,0,0
2025,3,90000,0,2,0,1,0
2024,3,201000,100,2,0,1,0
2025,3,123200,100,2,0,1,0
2024,3,240500,0,3,0,1,0
2025,3,230800,0,2,0,1,0
2025,3,149200,0,2,0,1,0
2025,4,120253,0,2,0,1,0
2024,3,322100,100,2,0,1,0
2024,2,95825,100,2,0,1,0
2025,1,29090,0,2,0,1,0
2024,3,140000,0,2,0,1,0
2024,3,276000,0,2,0,1,0
2024,2,150000,0,2,0,1,0
2024,2,184000,0,2,0,1,0
2023,1,132200,0,2,0,1,0
2024,3,152375,100,2,0,1,0
2025,3,88607,0,2,0,1,0
2024,1,72000,0,2,0,1,0
2025,3,113000,0,2,0,1,0
2025,3,100000,0,2,0,1,0
2024,2,187000,0,2,0,1,0
2025,3,160680,0,2,0,1,0
2025,3,210000,0,2,0,1,0
2025,2,67700,0,2,0,1,0
2025,3,88500,0,2,0,1,0
2025,3,238050,0,2,0,1,0
2025,4,43919,0,2,0,1,0
2024,2,240000,0,2,0,1,0
2024,2,140000,0,2,0,1,0
2024,1,58333,0,2,0,1,0
2025,3,192400,0,2,0,1,0
2025,2,63157,0,2,0,1,0
2025,2,42000,0,2,0,1,0
2025,3,160000,100,2,0,1,0
2024,1,81900,0,2,0,1,0
2025,3,141840,100,2,0,1,0
2025,1,73600,100,2,0,1,0
2024,2,235400,0,2,0,1,0
2024,3,240240,0,2,0,1,0
2024,2,176000,0,2,0,1,0
2024,3,214000,0,2,0,1,0
2025,3,220000,100,2,0,1,0
2024,2,256300,0,2,0,1,0
2024,1,99548,0,2,0,1,0
2025,3,116000,0,2,0,1,0
2024,3,192000,100,2,0,1,0
2023,3,139500,0,2,0,1,0
2025,3,206000,0,2,0,1,0
2025,3,54000,0,2,0,1,0
2025,3,178100,0,2,0,1,0
2024,3,143100,0,2,0,1,0
2024,1,174600,0,2,0,1,0
2025,2,172370,100,2,0,1,0
2025,2,40421,100,2,0,1,0
2025,1,74400,0,2,0,1,0
2025,1,135000,0,2,0,1,0
2024,3,209000,100,2,0,1,0
2025,2,82000,100,2,0,1,0
2025,3,75949,0,2,0,1,0
2024,3,91000,0,2,0,1,0
2024,3,82783,100,2,0,1,0
2025,3,120500,0,2,0,1,0
2024,2,95000,100,2,0,1,0
2023,3,224250,0,2,0,1,0
2024,3,100000,0,2,0,1,0
2025,3,160000,0,2,0,1,0
2023,3,133300,0,2,0,1,0
2024,3,150000,100,2,0,1,0
2024,3,91500,0,2,0,1,0
2024,2,32075,50,3,0,1,0
2025,3,290000,100,2,0,1,0
2024,1,83300,0,2,0,1,0
2024,3,112000,0,2,0,1,0
2024,3,243100,0,2,0,1,0
2024,2,130000,100,2,0,1,0
2024,2,87500,0,2,0,1,0
2024,2,154500,100,2,0,1,0
2025,3,175500,0,2,0,1,0
2025,3,119600,100,2,0,1,0
2022,2,118208,0,2,0,1,0
2025,3,220000,0,2,0,1,0
2024,2,110000,0,2,0,1,0
2024,2,168700,0,2,0,1,0
2024,3,189000,0,2,0,1,0
2025,3,137600,0,2,0,1,0
2025,3,200000,0,2,0,1,0
2025,1,60000,100,2,0,1,0
2025,3,200000,100,2,0,1,0
2024,1,64000,100,2,0,0,1
2024,2,105700,0,3,0,1,0
2024,2,77000,0,2,0,1,0
2025,2,124000,0,2,0,1,0
2024,3,166000,0,2,0,1,0
2025,2,112400,100,2,0,1,0
2025,3,325500,0,2,0,1,0
2024,3,159000,0,2,0,1,0
2025,3,173160,0,2,0,1,0
2025,3,173100,0,2,0,1,0
2025,2,131000,0,2,0,1,0
2025,3,224400,0,2,0,1,0
2024,3,261500,0,3,0,1,0
2024,3,170100,0,2,0,1,0
2024,1,52500,0,2,0,1,0
2025,3,68571,0,2,0,1,0
2025,3,175000,0,2,0,1,0
2023,2,155000,0,2,0,1,0
2025,3,136000,0,2,0,1,0
2025,2,72250,0,2,0,1,0
2025,3,169000,100,2,0,1,0
2024,3,208000,100,2,0,1,0
2024,1,70000,0,2,0,1,0
2024,3,185100,0,2,0,1,0
2025,2,333000,0,2,0,1,0
2024,3,211800,0,2,0,1,0
2024,3,79000,0,2,0,1,0
2025,2,177000,0,2,0,1,0
2025,2,65000,0,2,0,1,0
2024,3,71500,100,2,0,1,0
2024,3,337000,0,2,0,1,0
2025,3,180000,0,2,0,1,0
2024,2,145100,0,2,0,1,0
2024,1,115000,100,2,0,1,0
2025,2,246600,100,2,0,1,0
2025,3,153440,0,2,0,1,0
2025,3,184600,100,2,0,1,0
2024,3,93125,0,2,0,1,0
2025,2,180000,0,2,0,1,0
2024,2,296400,0,2,0,1,0
2024,2,86600,0,2,0,1,0
2025,3,140000,100,2,0,1,0
2025,3,150000,0,2,0,1,0
2024,2,97000,0,2,0,1,0
2024,3,206300,0,2,0,1,0
2024,3,170800,0,2,0,1,0
2024,2,171835,0,3,0,1,0
2024,1,117000,0,2,0,1,0
2025,2,138899,0,2,0,1,0
2025,3,160000,100,2,0,1,0
2025,3,155000,100,2,0,1,0
2025,2,136000,0,3,0,1,0
2025,3,111260,100,2,0,1,0
2024,2,51824,0,2,0,1,0
2024,3,323400,0,2,0,1,0
2024,3,167900,0,2,0,1,0
2025,3,116000,0,2,0,1,0
2024,3,106000,0,2,0,1,0
2025,3,186000,0,2,0,1,0
2025,2,164000,100,2,0,1,0
2025,2,89000,0,2,0,1,0
2024,3,471500,0,2,0,1,0
2024,3,172500,0,2,0,1,0
2025,3,90000,0,2,0,1,0
2025,3,160000,100,2,0,1,0
2025,3,170000,0,2,0,1,0
2025,2,120000,0,2,0,1,0
2025,3,155500,0,2,0,1,0
2024,2,104000,100,2,0,1,0
2024,1,28125,0,2,0,1,0
2024,1,94000,100,2,0,1,0
2025,2,164556,0,2,0,1,0
2023,3,199000,0,2,0,1,0
2024,3,205000,0,2,0,1,0
2024,2,138000,0,2,0,1,0
2025,3,249000,0,2,0,1,0
2024,3,74900,0,2,0,1,0
2025,3,195378,0,2,0,1,0
2025,3,242050,0,2,0,1,0
2024,3,160000,100,2,0,1,0
2023,3,205500,0,2,0,1,0
2024,3,117300,0,2,0,1,0
2025,3,139400,0,2,0,1,0
2024,3,140000,100,2,0,1,0
2024,3,227200,0,2,0,1,0
2024,2,50308,0,2,0,1,0
2024,2,89280,100,2,0,1,0
2025,2,96500,100,2,0,1,0
2025,2,245000,0,2,0,1,0
2024,2,97750,0,2,0,1,0
2024,2,177320,0,2,0,1,0
2023,3,213800,0,2,0,1,0
2025,4,200000,0,2,0,1,0
2024,2,137000,0,2,0,1,0
2024,3,125000,0,2,0,1,0
2024,3,203350,0,2,0,1,0
2024,1,62500,0,2,0,1,0
2024,3,117000,0,2,0,1,0
2025,3,194086,0,2,0,1,0
2025,2,195000,0,2,0,1,0
2024,2,86691,0,2,0,1,0
2023,3,130000,0,2,0,1,0
2024,3,215050,0,2,0,1,0
2025,2,101800,0,2,0,1,0
2022,3,110000,100,2,0,1,0
2025,2,136000,100,3,0,1,0
2025,2,161000,0,2,0,1,0
2025,2,50000,0,2,0,1,0
2024,2,132000,0,2,0,1,0
2024,1,100144,0,2,0,1,0
2025,2,173000,0,2,0,1,0
2025,2,143100,0,2,0,1,0
2025,3,129000,100,2,0,1,0
2025,3,150000,0,2,0,1,0
2024,3,227000,0,2,0,1,0
2024,3,115000,0,2,0,1,0
2024,3,234000,0,2,0,1,0
2024,2,90000,0,2,0,1,0
2024,3,74270,0,2,0,1,0
2023,1,49216,100,2,0,1,0
2024,3,70000,0,2,0,1,0
2024,3,146000,0,2,0,1,0
2025,3,28649,0,2,0,1,0
2025,1,57894,0,2,0,1,0
2025,3,113840,0,2,0,1,0
2025,3,178100,0,2,0,1,0
2024,3,193300,0,2,0,1,0
2025,2,138000,0,2,0,1,0
2025,1,70800,100,2,0,1,0
2025,1,120000,0,2,0,1,0
2025,2,100000,0,2,0,1,0
2024,2,124935,0,2,0,1,0
2024,3,355000,0,2,0,1,0
2024,3,150000,100,2,0,1,0
2025,3,248594,0,2,0,1,0
2025,2,253500,0,2,0,1,0
2024,3,85000,0,2,0,1,0
2024,3,180200,0,2,0,1,0
2024,2,196900,0,2,0,1,0
2024,2,137500,0,2,0,1,0
2024,3,250000,0,2,0,1,0
2025,2,132000,0,2,0,1,0
2024,2,117000,0,2,0,1,0
2025,3,230000,0,2,0,1,0
2025,3,217000,0,2,0,1,0
2025,2,75600,0,2,0,1,0
2025,3,224000,0,2,0,1,0
2024,2,90000,0,2,0,1,0
2025,2,440000,0,2,0,1,0
2024,3,337300,0,2,0,1,0
2025,3,212750,0,2,0,1,0
2025,3,143418,0,2,0,1,0
2025,3,170760,0,2,0,1,0
2025,3,133365,0,2,0,1,0
2025,4,160000,0,2,0,1,0
2025,3,163977,0,2,0,1,0
2025,3,224000,0,2,0,1,0
2024,2,111350,0,2,0,1,0
2024,3,151000,0,2,0,1,0
2025,3,135800,0,2,0,1,0
2025,2,204000,0,2,0,1,0
2023,3,218000,100,2,0,1,0
2024,3,130500,0,2,0,1,0
2025,3,251000,0,2,0,1,0
2024,3,150600,0,2,0,1,0
2025,2,303900,100,2,0,1,0
2025,2,127100,100,2,0,1,0
2024,3,158200,0,2,0,1,0
2024,3,145400,0,2,0,1,0
2024,3,77000,100,2,0,1,0
2024,3,151000,0,2,0,1,0
2025,2,280100,0,2,0,1,0
2025,3,258000,0,2,0,1,0
2023,3,164000,100,2,0,1,0
2024,2,41540,0,2,0,1,0
2025,3,138500,100,2,0,1,0
2024,2,150500,100,2,0,1,0
2024,3,110000,0,2,0,1,0
2025,1,120000,0,2,0,1,0
2024,3,220000,0,2,0,1,0
2025,4,195000,0,2,0,1,0
2024,2,151700,0,2,0,1,0
2024,3,275000,0,2,0,1,0
2025,3,227000,0,2,0,1,0
2024,2,129400,0,3,0,1,0
2024,3,137000,0,2,0,1,0
2025,1,51824,0,2,0,1,0
2023,3,252000,0,2,0,1,0
2024,2,156000,0,2,0,1,0
2025,3,47368,0,2,0,1,0
2025,2,175950,0,2,0,1,0
2025,1,56000,0,2,0,1,0
2025,3,287500,0,2,0,1,0
2024,3,294000,0,2,0,1,0
2024,1,143700,0,2,0,1,0
2025,3,208761,100,2,0,1,0
2024,3,149000,0,2,0,1,0
2024,2,100000,0,2,0,1,0
2025,1,300000,100,2,0,1,0
2023,1,100000,0,2,0,1,0
2025,3,152000,100,2,0,1,0
2025,3,260000,0,2,0,1,0
2025,3,97600,0,2,0,1,0
2024,2,419750,0,2,0,1,0
2025,3,224000,0,2,0,1,0
2024,3,252000,0,2,0,1,0
2024,3,72222,100,2,0,1,0
2024,2,171210,0,2,0,1,0
2025,3,111240,0,2,0,1,0
2025,2,196100,0,2,0,1,0
2024,2,160000,0,2,0,1,0
2024,3,220000,100,2,0,1,0
2025,2,124000,0,2,0,1,0
2024,1,80600,0,2,0,1,0
2024,3,180000,100,2,0,1,0
2024,3,350000,0,2,0,1,0
2024,3,160000,100,2,0,1,0
2023,4,207000,100,2,0,1,0
2025,2,75949,0,2,0,1,0
2025,3,207000,0,2,0,1,0
2025,3,162000,0,2,0,1,0
2024,3,164600,0,2,0,1,0
2024,2,264200,0,2,0,1,0
2024,3,172000,0,2,0,1,0
2024,1,106100,0,2,0,1,0
2024,3,175392,0,2,0,1,0
2025,3,299200,100,2,0,1,0
2025,2,126582,0,2,0,1,0
2025,3,158200,0,2,0,1,0
2025,3,100000,0,2,0,1,0
2025,3,180000,0,2,0,1,0
2024,3,64160,0,2,0,1,0
2024,3,274800,0,2,0,1,0
2025,3,110000,0,2,0,1,0
2024,3,311900,0,2,0,1,0
2025,2,220000,0,2,0,1,0
2024,2,201250,0,2,0,1,0
2024,2,165600,0,3,0,1,0
2024,3,200000,0,2,0,1,0
2024,2,220000,0,2,0,1,0
2024,3,81000,0,2,0,1,0
2022,3,180000,100,3,0,1,0
2024,2,221596,0,2,0,1,0
2025,2,133000,0,2,0,1,0
2024,3,237000,0,2,0,1,0
2023,2,270000,0,3,0,1,0
2025,3,68700,100,2,0,1,0
2024,2,176000,0,2,0,1,0
2025,3,157600,0,2,0,1,0
2025,3,200200,0,2,0,1,0
2025,3,67700,0,2,0,1,0
2025,2,213400,0,2,0,1,0
2024,2,54000,0,2,0,1,0
2024,2,329600,0,2,0,1,0
2025,3,75000,0,2,0,1,0
2025,3,150000,100,2,0,1,0
2025,3,259700,0,2,0,1,0
2023,3,156400,0,2,0,1,0
2024,2,170000,0,2,0,1,0
2024,3,150400,0,3,0,1,0
2025,2,200000,0,2,0,1,0
2024,3,92190,0,2,0,1,0
2023,3,170000,100,2,0,1,0
2025,3,320000,0,2,0,1,0
2025,2,133900,0,2,0,1,0
2025,2,25263,100,2,0,1,0
2025,3,180000,0,2,0,1,0
2025,3,124400,0,2,0,1,0
2024,3,121056,0,2,0,1,0
2025,3,140000,0,2,0,1,0
2025,3,85040,0,2,0,1,0
2024,2,176580,0,2,0,1,0
2024,2,172200,0,2,0,1,0
2024,3,110000,100,2,0,1,0
2024,1,45400,0,2,0,0,1
2024,2,80527,0,2,0,1,0
2025,3,153000,100,2,0,1,0
2025,2,31578,0,2,0,1,0
2025,3,62000,100,2,0,1,0
2024,2,165000,100,2,0,1,0
2024,3,199000,0,2,0,1,0
2024,3,103275,100,2,0,1,0
2025,3,98000,0,2,0,1,0
2025,3,343100,0,2,0,1,0
2024,3,210000,0,2,0,1,0
2025,3,180840,0,2,0,1,0
2024,3,60000,0,2,0,1,0
2024,2,117120,100,2,0,1,0
2024,2,240240,0,2,0,1,0
2025,2,107682,0,2,0,1,0
2025,3,160000,100,2,0,1,0
2025,4,165621,0,2,0,1,0
2025,3,160000,100,2,0,1,0
2025,3,245000,0,2,0,1,0
2025,3,170000,0,2,0,1,0
2024,3,192000,0,2,0,1,0
2024,2,65000,100,2,0,1,0
2025,3,212850,0,2,0,1,0
2025,2,129300,0,3,0,1,0
2025,2,177905,0,2,0,1,0
2024,3,210000,100,2,0,1,0
2025,3,170000,0,2,0,1,0
2024,1,145000,0,2,0,1,0
2024,2,172000,0,2,0,1,0
2025,3,103000,0,2,0,1,0
2024,4,233500,0,2,0,1,0
2024,3,145000,0,2,0,1,0
2025,3,149076,0,2,0,1,0
2025,2,77200,0,2,0,1,0
2025,2,126000,0,2,0,1,0
2025,2,75000,0,2,0,1,0
2024,3,170000,100,2,0,1,0
2025,3,100000,100,2,0,1,0
2024,3,196900,0,2,0,1,0
2025,3,111100,0,2,0,1,0
2024,2,220000,0,2,0,1,0
2025,1,137750,0,2,0,1,0
2025,4,184000,0,2,0,1,0
2025,2,130500,0,2,0,1,0
2024,3,128000,100,2,0,1,0
2023,3,299500,0,2,0,1,0
2024,3,194000,0,2,0,1,0
2025,3,215000,0,2,0,1,0
2025,1,59368,0,2,0,1,0
2025,3,140000,0,2,0,1,0
2025,2,140000,0,2,0,1,0
2023,2,162000,0,2,0,1,0
2025,3,189600,100,2,0,1,0
2025,2,65500,0,2,0,1,0
2025,3,328500,0,2,0,1,0
2024,3,207120,0,2,0,1,0
2025,3,175800,0,2,0,1,0
2025,3,30896,0,2,0,1,0
2025,3,202500,0,2,0,1,0
2025,3,224000,0,2,0,1,0
2024,3,214032,0,2,0,1,0
2024,3,243400,0,2,0,1,0
2024,3,189000,0,2,0,1,0
2024,2,175000,0,2,0,1,0
2025,2,71500,0,3,0,1,0
2025,3,152000,0,2,0,1,0
2024,3,166600,0,2,0,1,0
2025,3,154000,0,2,0,1,0
2024,3,250000,100,2,0,1,0
2025,3,97750,0,2,0,1,0
2025,2,133768,0,2,0,1,0
2024,3,132000,0,2,0,1,0
2024,3,358000,0,2,0,1,0
2024,3,124000,0,2,0,1,0
2024,2,97935,0,2,0,1,0
2024,2,183000,0,2,0,1,0
2025,3,175000,0,2,0,1,0
2024,3,153040,0,2,0,1,0
2024,2,216200,0,2,0,1,0
2024,3,115000,0,2,0,1,0
2025,3,68421,100,2,0,1,0
2023,3,104650,100,2,0,1,0
2025,3,94936,0,2,0,1,0
2025,3,234300,0,2,0,1,0
2025,2,163410,0,2,0,1,0
2025,4,223900,0,2,0,1,0
2025,1,218000,0,2,0,1,0
2024,2,203000,0,2,0,1,0
2024,3,143100,0,2,0,1,0
2024,2,152300,0,2,0,1,0
2025,2,195000,100,2,0,1,0
2025,1,105000,0,2,0,1,0
2024,3,180000,100,2,0,1,0
2025,3,178890,100,2,0,1,0
2024,1,150000,100,2,0,1,0
2025,1,26315,0,2,0,1,0
2025,3,114939,0,2,0,1,0
2024,3,252000,0,2,0,1,0
2025,3,319000,0,2,0,1,0
2024,2,86600,100,2,0,1,0
2024,3,144300,100,2,0,1,0
2024,3,247600,0,3,0,1,0
2023,3,139500,0,2,0,1,0
2024,2,104000,0,2,0,1,0
2025,3,162000,0,2,0,1,0
2024,3,110000,0,2,0,1,0
2025,3,295000,0,2,0,1,0
2024,3,112000,0,2,0,1,0
2024,2,98000,100,2,0,1,0
2025,3,204000,100,2,0,1,0
2025,2,100000,100,2,0,1,0
2025,2,425000,0,2,0,1,0
2024,3,160000,100,2,0,1,0
2024,2,110000,0,2,0,1,0
2024,2,75600,0,2,0,1,0
2024,2,135111,0,2,0,1,0
2025,2,145000,0,2,0,1,0
2024,2,208800,0,2,0,1,0
2024,3,201000,0,2,0,1,0
2024,3,190000,100,2,0,1,0
2024,2,50470,0,2,0,1,0
2025,3,172800,0,2,0,1,0
2025,2,73826,100,2,0,1,0
2024,2,172000,0,2,0,1,0
2025,3,113840,0,2,0,1,0
2024,2,81500,0,2,0,1,0
2025,4,60792,0,2,0,1,0
2024,3,195000,0,2,0,1,0
2023,1,94035,100,2,0,1,0
2023,3,291500,0,2,0,1,0
2025,3,166000,0,2,0,1,0
2024,3,276000,0,2,0,1,0
2024,2,49750,0,2,0,1,0
2023,3,255000,0,2,0,1,0
2024,3,284000,0,2,0,1,0
2025,3,38096,0,2,0,1,0
2025,3,190575,0,2,0,1,0
2025,3,65178,0,2,0,1,0
2024,3,124100,0,2,0,1,0
2025,1,58397,0,2,0,1,0
2024,3,120000,0,2,0,1,0
2025,3,104650,0,2,0,1,0
2024,3,92700,0,2,0,1,0
2025,2,70000,0,2,0,1,0
2025,3,248000,0,2,0,1,0
2024,3,283400,0,2,0,1,0
2025,3,88607,0,2,0,1,0
2025,3,151800,100,2,0,1,0
2024,2,57582,100,2,0,1,0
2024,3,203591,0,2,0,1,0
2025,3,152200,100,2,0,1,0
2024,3,201000,100,2,0,1,0
2025,3,167500,0,2,0,1,0
2024,2,180000,0,2,0,1,0
2024,3,102000,0,2,0,1,0
2024,3,119800,0,2,0,1,0
2025,2,223600,0,3,0,1,0
2024,3,87500,0,2,0,1,0
2024,2,112000,0,2,0,1,0
2025,3,117500,0,2,0,1,0
2024,2,166000,0,2,0,1,0
2024,3,155937,0,2,0,1,0
2025,3,154000,0,2,0,1,0
2025,3,250000,100,2,0,1,0
2025,3,131100,0,2,0,1,0
2025,3,278000,0,2,0,1,0
2024,2,172000,0,2,0,1,0
2025,1,54600,0,2,0,1,0
2024,3,145000,0,2,0,1,0
2024,3,150000,100,2,0,1,0
2024,3,140000,0,2,0,1,0
2025,2,170000,0,2,0,1,0
2025,3,231770,0,2,0,1,0
2024,3,120100,0,2,0,1,0
2025,2,340900,0,2,0,1,0
2024,4,250000,0,2,0,1,0
2024,2,185000,0,2,0,1,0
2024,3,144000,0,2,0,1,0
2025,3,309000,0,2,0,1,0
2025,3,210000,0,2,0,1,0
2024,3,196000,0,2,0,1,0
2024,3,175800,0,2,0,1,0
2025,2,83597,0,3,0,1,0
2024,3,285000,0,2,0,1,0
2024,3,77280,0,2,0,1,0
2025,3,147000,100,2,0,1,0
2024,2,120000,0,1,0,1,0
2025,2,195000,0,2,0,1,0
2025,3,234000,0,2,0,1,0
2025,2,93150,0,2,0,1,0
2024,3,274400,0,2,0,1,0
2024,2,92700,100,2,0,1,0
2024,2,166363,0,2,0,1,0
2025,2,96400,0,2,0,1,0
2024,1,80000,100,2,0,1,0
2023,3,122900,0,3,0,1,0
2024,1,58717,0,2,0,1,0
2025,3,203900,0,2,0,1,0
2024,2,166000,0,2,0,1,0
2024,2,274206,100,2,0,1,0
2023,3,87980,0,2,0,1,0
2024,3,230000,0,2,0,1,0
2024,1,145000,0,2,0,1,0
2023,3,235000,100,2,0,1,0
2025,2,177000,0,2,0,1,0
2024,3,320000,0,2,0,1,0
2024,3,165500,0,2,0,1,0
2025,3,220000,100,2,0,1,0
2025,3,209500,100,2,0,1,0
2024,2,123200,0,2,0,1,0
2024,3,164071,0,2,0,1,0
2025,2,223600,0,3,0,1,0
2024,2,100500,100,2,0,1,0
2025,2,166000,0,2,0,1,0
2025,3,65900,0,2,0,1,0
2025,1,170500,0,2,0,1,0
2024,3,220000,0,2,0,1,0
2025,2,101208,0,2,0,1,0
2025,3,185000,0,2,0,1,0
2024,2,146100,0,2,0,1,0
2024,2,105000,0,2,0,1,0
2024,3,170700,0,2,0,1,0
2025,3,150000,0,2,0,1,0
2024,2,94400,0,2,0,1,0
2024,2,304000,0,2,0,1,0
2025,2,124300,0,2,0,1,0
2025,3,181000,0,2,0,1,0
2024,1,70000,0,2,0,1,0
2025,3,130000,0,2,0,1,0
2025,2,130000,100,2,0,1,0
2024,2,264200,0,2,0,1,0
2024,2,234500,100,2,0,1,0
2025,2,96900,0,2,0,1,0
2025,3,150000,0,2,0,1,0
2025,3,314400,0,2,0,1,0
2024,2,75000,0,2,0,1,0
2023,4,174500,0,2,0,1,0
2025,2,98300,0,2,0,1,0
2025,2,106300,0,2,0,1,0
2025,1,95000,0,2,0,1,0
2025,1,84100,0,2,0,1,0
2025,3,320000,0,2,0,1,0
2025,3,188250,0,2,0,1,0
2024,3,80000,0,2,0,1,0
2024,3,109000,0,2,0,1,0
2024,3,250000,0,2,0,1,0
2024,2,110000,0,2,0,1,0
2025,4,300000,0,2,0,1,0
2025,3,128600,0,2,0,1,0
2025,4,120000,0,2,0,1,0
2024,3,150385,0,2,0,1,0
2025,3,290000,0,2,0,1,0
2024,3,140000,100,2,0,1,0
2023,2,186000,0,2,0,1,0
2025,1,63000,0,2,0,1,0
2024,2,91984,0,2,0,1,0
2022,3,185900,0,2,0,1,0
2025,3,110000,0,2,0,1,0
2025,3,170000,0,2,0,1,0
2024,3,122500,100,2,0,1,0
2025,1,90000,0,2,0,1,0
2024,3,175000,0,2,0,1,0
2024,3,175500,0,2,0,1,0
2024,1,26575,0,2,0,1,0
2025,2,126100,0,2,0,1,0
2023,2,185000,100,2,0,1,0
2024,3,170000,0,2,0,1,0
2025,3,154000,100,2,0,1,0
2025,3,187000,0,2,0,1,0
2025,3,92627,0,2,0,1,0
2023,3,211000,100,2,0,1,0
2024,1,93400,0,2,0,1,0
2024,3,234000,0,2,0,1,0
2023,1,47840,0,2,0,1,0
2023,3,135000,0,2,0,1,0
2025,3,273930,0,2,0,1,0
2025,3,210000,100,2,0,1,0
2024,3,65500,0,2,0,1,0
2024,2,180000,0,2,0,1,0
2024,3,137500,0,2,0,1,0
2025,2,228000,0,2,0,1,0
2023,3,230000,0,2,0,1,0
2025,2,126000,0,2,0,1,0
2024,3,168000,0,2,0,1,0
2025,3,92900,0,2,0,1,0
2025,2,79000,100,2,0,1,0
2025,3,190000,100,2,0,1,0
2025,2,140920,0,2,0,1,0
2025,1,208800,0,2,0,1,0
2025,1,145000,0,2,0,1,0
2024,3,192000,0,2,0,1,0
2024,3,208000,0,2,0,1,0
2024,3,114000,0,2,0,1,0
2024,3,180000,0,2,0,1,0
2024,3,75000,0,2,0,1,0
2024,2,64300,0,2,0,1,0
2024,2,78400,100,3,0,1,0
2025,3,197500,0,2,0,1,0
2025,3,168400,0,2,0,1,0
2024,3,185100,0,2,0,1,0
2025,1,16000,100,2,0,0,0
2025,2,121958,0,2,0,1,0
2025,2,152405,100,2,0,1,0
2025,3,76000,0,2,0,1,0
2025,2,165000,0,2,0,1,0
2025,3,190000,0,2,0,1,0
2025,2,222000,0,2,0,1,0
2025,3,135000,0,2,0,1,0
2025,3,105200,0,2,0,1,0
2025,3,132292,0,2,0,1,0
2024,1,80000,0,2,0,1,0
2024,3,105000,100,2,0,1,0
2025,3,144200,0,2,0,1,0
2024,3,201500,100,2,0,1,0
2025,2,110000,0,2,0,1,0
2025,3,93288,0,2,0,1,0
2024,3,158400,0,2,0,1,0
2025,3,152800,0,2,0,1,0
2025,2,66460,100,2,0,1,0
2025,1,93000,0,2,0,1,0
2024,3,225300,0,2,0,1,0
2025,2,180000,0,2,0,1,0
2024,3,135400,0,2,0,1,0
2024,2,68640,0,2,0,1,0
2024,3,200000,0,2,0,1,0
2025,3,200000,0,2,0,1,0
2025,3,113000,100,2,0,1,0
2025,3,233800,0,2,0,1,0
2025,2,150200,0,2,0,1,0
2025,1,36000,0,2,0,1,0
2024,3,200000,100,2,0,1,0
2024,3,355000,0,2,0,1,0
2024,3,293000,0,2,0,1,0
2025,2,100000,0,2,0,1,0
2025,1,90000,0,2,0,1,0
2024,3,136000,0,2,0,1,0
2025,3,120000,100,2,0,1,0
2024,2,52073,0,2,0,1,0
2025,3,213000,0,2,0,1,0
2024,3,500000,0,2,0,1,0
2025,3,212160,0,2,0,1,0
2025,3,225000,100,2,0,1,0
2025,3,138200,0,3,0,1,0
2024,3,188640,0,2,0,1,0
2025,3,235500,0,2,0,1,0
2025,2,72000,100,2,0,1,0
2024,3,157000,0,2,0,1,0
2025,3,75949,0,2,0,1,0
2025,3,119800,0,2,0,1,0
2025,3,220000,0,2,0,1,0
2025,3,180000,0,2,0,1,0
2024,2,196900,0,2,0,1,0
2024,3,210000,100,2,0,1,0
2024,3,137600,0,2,0,1,0
2024,3,200700,0,2,0,1,0
2024,2,105500,100,2,0,1,0
2023,3,110400,0,2,0,1,0
2024,3,116500,100,2,0,1,0
2025,3,190200,0,2,0,1,0
2025,2,237000,100,2,0,1,0
2025,3,113100,0,2,0,1,0
2024,3,166600,100,2,0,1,0
2024,2,86700,100,2,0,1,0
2025,3,180250,0,2,0,1,0
2025,3,99400,0,2,0,1,0
2024,2,83000,100,2,0,1,0
2024,1,341734,0,2,0,1,0
2024,1,40000,0,2,0,1,0
2024,3,140000,0,2,0,1,0
2023,3,215050,0,2,0,1,0
2025,1,78000,100,2,0,1,0
2024,3,142000,0,2,0,1,0
2024,2,85000,0,2,0,1,0
2025,3,147500,0,2,0,1,0
2025,3,97500,0,2,0,1,0
2024,3,176000,0,2,0,1,0
2024,3,170000,100,2,0,1,0
2024,2,189000,0,2,0,1,0
2025,4,200000,0,2,0,1,0
2023,3,155000,0,2,0,1,0
2025,2,51037,0,2,0,1,0
2025,2,140000,0,2,0,1,0
2025,2,166000,0,2,0,0,1
2024,3,105301,0,2,0,1,0
2025,2,355000,0,2,0,1,0
2024,3,112586,0,2,0,1,0
2024,2,57753,0,2,0,1,0
2025,3,101265,0,2,0,1,0
2024,2,265200,0,2,0,1,0
2024,3,105000,0,2,0,1,0
2024,2,192000,0,2,0,1,0
2025,2,144000,0,2,0,1,0
2025,2,80000,0,2,0,1,0
2025,3,68300,0,2,0,1,0
2025,3,230000,100,2,0,1,0
2025,3,85000,0,2,0,1,0
2024,2,136000,0,2,0,1,0
2025,3,57798,0,2,0,1,0
2024,3,93600,0,2,0,1,0
2025,1,80000,0,2,0,1,0
2022,1,105000,100,3,0,1,0
2025,2,117000,0,2,0,1,0
2025,3,94500,0,2,0,1,0
2024,3,136800,0,2,0,1,0
2024,3,143000,0,2,0,1,0
2025,2,65000,0,2,0,1,0
2025,2,61391,0,2,0,0,1
2022,1,17684,100,2,0,1,0
2025,3,131500,0,2,0,1,0
2024,3,212160,0,2,0,1,0
2025,1,89000,0,2,0,1,0
2025,2,338000,100,2,0,1,0
2025,3,111240,0,2,0,1,0
2024,2,146000,0,2,0,1,0
2024,3,239000,0,3,0,1,0
2024,2,171600,0,2,0,1,0
2024,3,165000,0,2,0,1,0
2023,3,157000,0,2,0,1,0
2025,3,228000,100,2,0,1,0
2025,3,184000,0,2,0,1,0
2024,2,143000,100,2,0,1,0
2024,3,139000,0,2,0,1,0
2024,3,140000,0,2,0,1,0
2025,3,175000,0,2,0,1,0
2024,3,185000,100,2,0,1,0
2025,4,280000,100,2,0,1,0
2025,3,178200,0,2,0,1,0
2024,2,130000,100,2,0,1,0
2024,2,281700,0,2,0,1,0
2024,3,220000,0,2,0,1,0
2024,3,160000,100,2,0,1,0
2024,3,252000,0,2,0,1,0
2024,3,130000,100,2,0,1,0
2024,2,60400,0,2,0,1,0
2023,2,93300,0,2,0,1,0
2024,2,170000,0,2,0,1,0
2024,3,160000,100,2,0,1,0
2024,3,90000,0,2,0,1,0
2024,2,195700,0,2,0,1,0
2025,2,116000,0,2,0,1,0
2025,2,97500,0,2,0,1,0
2025,1,65000,0,2,0,1,0
2025,2,98000,0,2,0,1,0
2025,2,84936,0,2,0,1,0
2024,3,202600,0,2,0,1,0
2024,1,137000,0,2,0,1,0
2025,2,150000,0,2,0,1,0
2025,2,211420,0,2,0,1,0
2024,1,50308,0,2,0,1,0
2025,2,93600,0,2,0,1,0
2024,3,223900,0,2,0,1,0
2025,3,198000,100,2,0,1,0
2025,2,158000,0,2,0,1,0
2025,2,141000,0,2,0,1,0
2025,2,120000,0,2,0,1,0
2024,3,108000,100,2,0,1,0
2025,3,76000,0,2,0,1,0
2025,3,203000,0,2,0,1,0
2024,2,305900,100,2,0,1,0
2024,3,145000,100,2,0,1,0
2025,4,227500,0,2,0,1,0
2025,3,250000,100,2,0,1,0
2024,3,117200,0,2,0,1,0
2024,3,158200,0,2,0,1,0
2024,2,188500,0,2,0,1,0
2025,3,69800,0,2,0,1,0
2025,3,286300,0,2,0,1,0
2023,3,79032,0,2,0,1,0
2025,3,86600,0,2,0,1,0
2025,2,214500,0,2,0,1,0
2025,3,89100,0,2,0,1,0
2024,2,148000,0,2,0,1,0
2025,3,110000,100,2,0,1,0
2023,3,80000,100,2,0,1,0
2025,3,147200,0,2,0,1,0
2025,3,240000,0,2,0,1,0
2025,2,132800,0,2,0,1,0
2025,2,67000,0,2,0,1,0
2024,1,92000,0,2,0,1,0
2024,4,230000,0,2,0,1,0
2025,1,180800,0,2,0,1,0
2024,3,190000,0,2,0,1,0
2024,3,139603,0,3,0,1,0
2024,2,79000,0,2,0,1,0
2024,2,137000,0,2,0,1,0
2024,4,230000,0,2,0,1,0
2024,3,253430,0,2,0,1,0
2025,2,150000,0,2,0,1,0
2025,3,223000,0,2,0,1,0
2025,3,166280,0,2,0,1,0
2025,3,190000,0,2,0,1,0
2025,3,117600,100,2,0,1,0
2024,3,162468,0,2,0,1,0
2025,1,95000,0,2,0,1,0
2024,3,145000,0,2,0,1,0
2025,2,110000,100,2,0,1,0
2025,3,130000,0,2,0,1,0
2025,2,204300,0,3,0,1,0
2025,3,67145,0,2,0,1,0
2025,3,130000,100,2,0,1,0
2025,1,135000,0,2,0,1,0
2022,3,94500,0,2,0,1,0
2023,2,185000,0,2,0,1,0
2024,1,68436,0,2,0,1,0
2024,3,295000,100,2,0,1,0
2024,3,277500,0,2,0,1,0
2024,3,192000,0,2,0,1,0
2023,2,133000,0,2,0,1,0
2024,3,149500,0,2,0,1,0
2024,3,170760,0,2,0,1,0
2025,2,135000,0,2,0,1,0
2025,2,113924,0,2,0,1,0
2024,3,150700,0,2,0,1,0
2024,3,165500,0,2,0,1,0
2024,3,250200,0,2,0,1,0
2025,3,60840,0,2,0,1,0
2024,3,355000,0,2,0,1,0
2025,2,100000,0,2,0,1,0
2025,4,60000,0,2,0,1,0
2025,3,251000,0,2,0,1,0
2024,3,165000,0,2,0,1,0
2025,3,144200,0,2,0,1,0
2024,3,139800,0,2,0,1,0
2024,1,80000,100,2,0,1,0
2025,2,168000,0,2,0,1,0
2025,3,145000,100,2,0,1,0
2024,2,168300,100,2,0,1,0
2025,3,143000,0,2,0,1,0
2024,1,153000,100,2,0,1,0
2025,3,145600,0,2,0,1,0
2025,3,220000,0,2,0,1,0
2024,2,186000,0,2,0,1,0
2024,3,159300,0,2,0,1,0
2025,2,200000,0,2,0,1,0
2023,3,154000,100,2,0,1,0
2024,2,98300,0,2,0,1,0
2025,1,137000,0,2,0,1,0
2025,2,92900,100,2,0,1,0
2025,3,160000,100,2,0,1,0
2024,3,157000,0,2,0,1,0
2024,3,160000,100,2,0,1,0
2025,2,130000,0,2,0,1,0
2025,3,110000,0,2,0,1,0
2025,2,75000,0,2,0,1,0
2024,3,110900,0,2,0,1,0
2024,3,247500,100,2,0,1,0
2025,2,131000,0,2,0,1,0
2024,3,252000,0,2,0,1,0
2024,3,170000,100,2,0,1,0
2024,1,205000,0,2,0,1,0
2024,2,96800,0,2,0,1,0
2024,3,96600,0,2,0,1,0
2025,2,130000,0,2,0,1,0
2025,3,218900,100,2,0,1,0
2025,3,136000,0,2,0,1,0
2025,3,70907,0,2,0,1,0
2024,3,138200,0,2,0,1,0
2024,2,137000,0,2,0,1,0
2024,3,185000,100,2,0,1,0
2024,3,176000,100,2,0,1,0
2024,1,123000,0,2,0,1,0
2025,2,21473,100,2,0,1,0
2025,3,284280,0,2,0,1,0
2024,2,105000,100,2,0,1,0
2025,3,184000,0,2,0,1,0
2025,3,175800,0,2,0,1,0
2025,3,180000,100,2,0,1,0
2025,2,129851,0,2,0,1,0
2025,2,198000,0,2,0,1,0
2024,3,187370,0,2,0,1,0
2025,3,148014,0,2,0,1,0
2025,4,185000,0,2,0,1,0
2024,2,70800,0,2,0,1,0
2025,1,79380,0,2,0,1,0
2024,2,252000,0,2,0,1,0
2023,3,75000,100,2,0,1,0
2025,3,195200,0,3,0,1,0
2023,3,258000,0,2,0,1,0
2024,2,105000,0,2,0,1,0
2025,3,160000,0,2,0,1,0
2024,2,200000,0,2,0,1,0
2024,2,70000,0,2,0,1,0
2025,3,110000,0,2,0,1,0
2024,2,240000,0,2,0,1,0
2024,3,216700,100,2,0,1,0
2024,3,97700,0,2,0,1,0
2025,1,61900,0,2,0,1,0
2024,3,188000,0,2,0,1,0
2025,2,167575,100,2,0,1,0
2024,3,142200,0,2,0,1,0
2025,2,60900,0,2,0,1,0
2024,3,170000,0,2,0,1,0
2025,2,65000,0,2,0,1,0
2024,3,160000,100,2,0,1,0
2025,3,29000,0,2,0,0,1
2025,1,31645,0,2,0,1,0
2024,3,289400,100,2,0,1,0
2024,3,125500,0,2,0,1,0
2024,3,116000,0,2,0,1,0
2025,2,128000,0,2,0,1,0
2025,1,94563,0,2,0,1,0
2024,2,278800,0,2,0,1,0
2024,2,85000,0,2,0,1,0
2024,3,212800,0,3,0,1,0
2024,3,223000,0,2,0,1,0
2025,3,125000,0,2,0,1,0
2024,3,160000,0,2,0,1,0
2024,2,294000,0,2,0,1,0
2024,3,110000,0,2,0,1,0
2025,1,185000,0,3,0,1,0
2025,3,142000,0,2,0,1,0
2025,2,154000,0,2,0,1,0
2024,3,169625,0,2,0,1,0
2025,2,167400,100,2,0,1,0
2024,2,115000,0,2,0,1,0
2025,3,172599,100,2,0,1,0
2025,2,120000,0,2,0,1,0
2024,2,204500,0,2,0,1,0
2025,2,75000,0,2,0,1,0
2024,2,207900,0,2,0,1,0
2024,3,339250,100,2,0,1,0
2023,3,193500,100,2,0,1,0
2024,2,162300,0,2,0,1,0
2025,3,114000,0,2,0,1,0
2024,3,215000,0,2,0,1,0
2024,3,130000,0,2,0,1,0
2025,3,96601,100,2,0,1,0
2025,3,131500,0,2,0,1,0
2024,2,96700,0,2,0,1,0
2025,2,300000,0,2,0,1,0
2025,1,108000,0,2,0,1,0
2025,3,110000,100,2,0,1,0
2024,3,159000,0,2,0,1,0
2025,3,73008,100,2,0,1,0
2024,2,85000,100,2,0,1,0
2024,3,169700,0,2,0,1,0
2025,2,85040,0,2,0,1,0
2025,3,245000,0,2,0,1,0
2024,3,130000,100,2,0,1,0
2024,3,65300,0,2,0,1,0
2024,1,54000,0,2,0,1,0
2025,3,209000,0,2,0,1,0
2024,2,188500,0,2,0,1,0
2024,3,154280,0,2,0,1,0
2024,2,88995,0,2,0,1,0
2024,3,100006,0,2,0,1,0
2024,2,136300,0,2,0,1,0
2024,3,165100,0,2,0,1,0
2024,2,48000,100,2,0,1,0
2025,3,164000,0,2,0,1,0
2025,2,180800,0,2,0,1,0
2025,3,280600,0,2,0,1,0
2024,3,143000,100,2,0,1,0
2025,2,219700,100,2,0,1,0
2025,3,252100,100,2,0,0,1
2024,3,89423,0,2,0,1,0
2024,3,410000,0,2,0,1,0
2024,3,123000,0,2,0,1,0
2024,3,165000,0,2,0,1,0
2024,2,205600,0,3,0,1,0
2024,1,137000,0,2,0,1,0
2024,3,160600,0,2,0,1,0
2025,2,132765,0,2,0,1,0
2025,2,405000,0,2,0,1,0
2022,3,68293,0,2,0,1,0
2025,3,207000,100,2,0,1,0
2025,3,170000,0,2,0,1,0
2023,2,106500,0,2,0,1,0
2024,2,219221,0,2,0,1,0
2025,3,234300,0,2,0,1,0
2024,2,71920,0,2,0,1,0
2024,2,95000,100,2,0,1,0
2025,3,137600,0,2,0,1,0
2025,2,110000,0,2,0,1,0
2023,2,130000,0,2,0,1,0
2025,3,160000,0,2,0,1,0
2024,3,148637,0,2,0,1,0
2025,1,99450,0,2,0,1,0
2023,3,145900,0,2,0,1,0
2024,1,49100,0,2,0,1,0
2025,4,142250,0,2,0,1,0
2025,3,151000,0,2,0,1,0
2024,3,187415,0,2,0,1,0
2025,3,120800,0,2,0,1,0
2025,3,162600,100,2,0,1,0
2024,3,355000,0,2,0,1,0
2024,3,207000,0,2,0,1,0
2025,3,128000,0,2,0,1,0
2024,2,137000,100,2,0,1,0
2024,2,110000,0,2,0,1,0
2024,2,96800,100,2,0,1,0
2025,3,93000,0,2,0,1,0
2023,1,150000,0,2,0,1,0
2025,2,90000,100,2,0,1,0
2025,4,399100,0,2,0,1,0
2025,3,96000,0,2,0,1,0
2025,2,254000,0,2,0,1,0
2025,2,112100,0,2,0,1,0
2024,3,194000,100,2,0,1,0
2025,3,110000,100,2,0,1,0
2025,1,84000,0,2,0,1,0
2024,3,60833,100,2,0,1,0
2025,2,90300,0,2,0,1,0
2025,2,175000,0,2,0,1,0
2025,2,145000,100,2,0,1,0
2023,3,110000,100,2,0,1,0
2025,3,161300,0,2,0,1,0
2024,2,64300,0,2,0,1,0
2024,3,139810,0,2,0,1,0
2025,3,210000,0,2,0,1,0
2025,3,220000,0,2,0,1,0
2025,2,176000,0,2,0,1,0
2024,3,258100,0,2,0,1,0
2023,3,164000,100,2,0,1,0
2024,3,210000,0,2,0,1,0
2025,3,200000,0,2,0,1,0
2024,2,200000,0,2,0,1,0
2025,2,175900,0,2,0,1,0
2024,1,150000,0,2,0,1,0
2025,2,137860,0,2,0,1,0
2024,3,288400,0,2,0,1,0
2025,2,81645,0,2,0,1,0
2024,1,150000,100,2,0,1,0
2025,3,204000,0,2,0,1,0
2025,3,180000,0,2,0,1,0
2024,2,133000,100,2,0,1,0
2025,2,177600,0,2,0,1,0
2024,3,53333,0,2,0,1,0
2021,2,36259,50,3,0,1,0
2025,2,90000,0,2,0,1,0
2025,1,49473,0,2,0,1,0
2025,2,100800,100,2,0,1,0
2024,4,225000,0,2,0,1,0
2024,2,151800,0,2,0,1,0
2025,3,52964,0,2,0,1,0
2024,2,108500,0,2,0,1,0
2024,2,65600,100,2,0,1,0
2024,2,42666,0,2,0,1,0
2025,2,314400,0,2,0,1,0
2024,2,172100,0,2,0,1,0
2025,2,97760,0,2,0,1,0
2024,3,132100,0,2,0,1,0
2023,3,130000,100,2,0,1,0
2024,3,178200,0,2,0,1,0
2024,2,91728,0,2,0,1,0
2025,3,70000,100,2,0,1,0
2024,2,188400,0,2,0,1,0
2025,2,182583,0,2,0,1,0
2025,2,145000,0,2,0,1,0
2024,3,145000,0,2,0,1,0
2025,3,157000,0,2,0,1,0
2025,3,204600,0,2,0,1,0
2025,2,70720,0,2,0,1,0
2025,2,203000,100,2,0,1,0
2024,1,158200,0,2,0,1,0
2025,2,165000,0,2,0,1,0
2024,3,190000,0,2,0,1,0
2024,3,234000,0,2,0,1,0
2024,2,120000,0,2,0,1,0
2025,3,125000,0,2,0,1,0
2025,2,141000,0,2,0,1,0
2024,3,272000,0,2,0,1,0
2025,3,118000,0,2,0,1,0
2025,3,129400,0,3,0,1,0
2024,2,105490,0,2,0,1,0
2025,3,245200,100,2,0,1,0
2025,2,168790,0,2,0,1,0
2025,3,471500,0,2,0,1,0
2024,4,408500,0,2,0,1,0
2024,2,87500,0,2,0,1,0
2023,3,148000,0,2,0,1,0
2025,1,150987,0,2,0,1,0
2024,2,112200,0,2,0,1,0
2024,2,206000,0,2,0,1,0
2024,3,144200,0,2,0,1,0
2022,3,113000,100,2,0,1,0
2024,2,222200,0,3,0,1,0
2023,3,110000,0,2,0,1,0
2024,3,187000,100,2,0,1,0
2025,3,210000,100,2,0,1,0
2024,3,190000,0,2,0,1,0
2025,2,123300,0,2,0,1,0
2025,3,144600,0,2,0,1,0
2023,3,79600,0,3,0,1,0
2024,2,172000,0,2,0,1,0
2025,2,223600,0,3,0,1,0
2024,3,237500,0,2,0,1,0
2025,3,230000,0,2,0,1,0
2024,3,160000,0,2,0,1,0
2024,3,128000,0,2,0,1,0
2024,2,222200,0,3,0,1,0
2025,3,95000,0,2,0,1,0
2024,2,81500,0,2,0,1,0
2025,3,135000,100,2,0,1,0
2024,2,124000,0,2,0,1,0
2024,2,102739,0,2,0,1,0
2024,4,291500,0,2,0,1,0
2024,1,43750,0,2,0,1,0
2025,1,68000,0,2,0,1,0
2024,3,165100,0,2,0,1,0
2024,3,165600,0,2,0,1,0
2024,3,205000,0,2,0,1,0
2024,1,77000,0,2,0,1,0
2025,1,89532,0,2,0,1,0
2025,3,158100,100,2,0,1,0
2025,3,52800,0,2,0,1,0
2024,2,166500,100,2,0,1,0
2025,3,180000,0,2,0,1,0
2024,3,235400,0,2,0,1,0
2024,2,96450,100,2,0,1,0
2024,2,181600,100,2,0,1,0
2024,2,43750,0,2,0,1,0
2025,2,112000,0,2,0,1,0
2024,2,151800,0,2,0,1,0
2025,3,138000,0,2,0,1,0
2025,3,96200,0,2,0,1,0
2024,3,140000,0,2,0,1,0
2025,4,200000,0,2,0,1,0
2024,1,75600,0,2,0,1,0
2025,1,44303,0,2,0,1,0
2023,2,200000,0,2,0,1,0
2024,3,162000,0,2,0,1,0
2024,3,220000,0,2,0,1,0
2024,1,145000,0,2,0,1,0
2024,1,106029,0,2,0,1,0
2024,2,165000,100,2,0,1,0
2025,2,190000,100,2,0,1,0
2024,2,240240,0,2,0,1,0
2024,3,212000,0,2,0,1,0
2024,3,168000,0,2,0,1,0
2024,4,200000,0,2,0,1,0
2025,1,86000,0,2,0,1,0
2024,2,108000,0,2,0,1,0
2025,2,120000,0,2,0,1,0
2024,3,171000,0,2,0,1,0
2025,2,51262,0,2,0,1,0
2025,3,117200,0,2,0,1,0
2024,3,237000,100,2,0,1,0
2024,3,500000,0,2,0,1,0
2025,2,89000,0,2,0,1,0
2025,3,100900,0,2,0,1,0
2025,3,126406,0,2,0,1,0
2025,2,89532,0,2,0,1,0
2024,1,123760,100,2,0,1,0
2024,3,320500,0,2,0,1,0
2025,1,122800,0,2,0,1,0
2025,3,198000,0,2,0,1,0
2025,3,138000,0,2,0,1,0
2024,3,266000,0,2,0,1,0
2024,1,52500,100,2,0,1,0
2024,3,276000,0,2,0,1,0
2024,3,94200,0,2,0,1,0
2024,1,96000,100,2,0,1,0
2025,1,237500,0,2,0,1,0
2024,3,100000,0,2,0,1,0
2024,2,85000,100,2,0,1,0
2024,1,84813,0,2,0,1,0
2024,3,110000,100,2,0,1,0
2025,2,40000,0,2,0,1,0
2025,2,48000,0,2,0,1,0
2024,3,254000,0,2,0,1,0
2024,3,146994,0,2,0,1,0
2024,3,137600,0,2,0,1,0
2024,3,175000,0,2,0,1,0
2024,2,135000,100,2,0,1,0
2024,3,165000,100,2,0,1,0
2025,3,125800,100,2,0,1,0
2025,3,110000,0,2,0,1,0
2025,3,170000,100,2,0,1,0
2024,3,135000,0,2,0,1,0
2024,2,166600,0,2,0,1,0
2025,2,178100,0,2,0,1,0
2023,3,172200,0,2,0,1,0
2024,3,280000,0,2,0,1,0
2024,1,128000,0,2,0,1,0
2024,2,107950,100,2,0,1,0
2021,1,28399,100,2,0,1,0
2025,2,63291,0,2,0,1,0
2025,3,160000,0,2,0,1,0
2024,3,115900,0,2,0,1,0
2023,3,100400,0,2,0,1,0
2025,3,182000,0,2,0,1,0
2025,1,84400,0,2,0,1,0
2025,3,225000,0,2,0,1,0
2025,3,220000,0,2,0,1,0
2025,3,97500,0,3,0,1,0
2024,3,219236,0,2,0,1,0
2024,3,235400,0,2,0,1,0
2025,2,112690,0,2,0,1,0
2025,2,70550,0,2,0,1,0
2025,3,250000,0,2,0,1,0
2024,1,53700,0,2,0,1,0
2025,3,91520,0,2,0,1,0
2024,3,140000,0,2,0,1,0
2024,1,105000,0,2,0,1,0
2024,3,180000,0,2,0,1,0
2024,2,50000,0,2,0,1,0
2024,2,180000,0,2,0,1,0
2024,2,91322,100,2,0,1,0
2024,3,137600,0,2,0,1,0
2025,2,184900,100,2,0,1,0
2025,2,41197,0,2,0,1,0
2024,2,175800,0,2,0,1,0
2022,3,243000,100,2,0,1,0
2025,3,200000,0,2,0,1,0
2025,3,159000,0,2,0,1,0
2024,3,162950,100,2,0,1,0
2024,3,142600,0,2,0,1,0
2025,3,111100,0,2,0,1,0
2024,3,124700,0,2,0,1,0
2024,3,207000,0,2,0,1,0
2024,3,234000,0,2,0,1,0
2025,3,166000,0,2,0,1,0
2024,2,189000,0,2,0,1,0
2025,3,141000,0,2,0,1,0
2025,3,145000,0,2,0,1,0
2024,3,101080,0,2,0,1,0
2025,3,132800,0,2,0,1,0
2024,2,88400,0,3,0,1,0
2024,3,168480,100,2,0,1,0
2024,3,97600,0,2,0,1,0
2024,2,149000,0,2,0,1,0
2025,3,148240,100,2,0,1,0
2024,3,204000,100,2,0,1,0
2024,2,140000,0,2,0,1,0
2025,2,123000,0,2,0,1,0
2025,2,178000,100,2,0,1,0
2025,3,124000,100,2,0,1,0
2025,1,55000,100,2,0,1,0
2025,2,100000,0,2,0,1,0
2025,3,196200,0,2,0,1,0
2025,3,92050,100,2,0,1,0
2024,2,161762,0,2,0,1,0
2025,3,180000,0,2,0,1,0
2025,3,133000,0,2,0,1,0
2025,3,160000,100,2,0,1,0
2023,3,212000,0,2,0,1,0
2024,2,222200,0,3,0,1,0
2024,2,214500,0,2,0,1,0
2024,3,175000,100,2,0,1,0
2024,2,46500,0,2,0,1,0
2025,1,105943,0,2,0,1,0
2025,3,185000,0,2,0,1,0
2025,3,171600,100,2,0,1,0
2025,2,445500,0,2,0,1,0
2024,3,55200,0,2,0,1,0
2023,3,85000,100,2,0,1,0
2025,1,135000,0,2,0,1,0
2025,3,73800,100,2,0,1,0
2024,3,212800,0,2,0,1,0
2024,2,186000,0,2,0,1,0
2025,3,115175,100,2,0,1,0
2025,3,160000,0,2,0,1,0
2025,3,198770,0,2,0,1,0
2025,3,151300,0,3,0,1,0
2025,3,300000,0,2,0,1,0
2025,1,85000,100,2,0,1,0
2023,3,127300,0,3,0,1,0
2025,2,100000,0,2,0,1,0
2025,3,151300,0,3,0,1,0
2024,2,90000,100,2,0,1,0
2025,1,294000,0,2,0,1,0
2024,3,110000,100,2,0,1,0
2024,4,320000,0,2,0,1,0
2024,3,212000,100,2,0,1,0
2024,3,130000,0,2,0,1,0
2024,3,168110,0,2,0,1,0
2025,2,142000,0,2,0,1,0
2025,3,184150,100,2,0,1,0
2025,3,110000,100,2,0,1,0
2024,2,102540,0,2,0,1,0
2025,2,104000,0,2,0,1,0
2025,3,110000,100,2,0,1,0
2024,2,370000,0,2,0,1,0
2024,2,136000,0,3,0,1,0
2025,3,290004,0,2,0,1,0
2024,3,303400,100,2,0,1,0
2024,2,100000,0,2,0,1,0
2024,1,104000,100,2,0,1,0
2024,1,55751,0,2,0,1,0
2025,3,140000,100,2,0,1,0
2025,3,160000,0,2,0,1,0
2025,2,180800,0,2,0,1,0
2025,3,218500,0,2,0,1,0
2024,1,77000,0,2,0,1,0
2025,3,186200,0,2,0,1,0
2024,3,264200,0,2,0,1,0
2024,3,200200,0,2,0,1,0
2024,3,110000,100,2,0,1,0
2025,2,173000,0,2,0,1,0
2024,2,75401,0,2,0,1,0
2024,1,63750,0,2,0,1,0
2025,3,92000,0,2,0,1,0
2025,3,137600,0,2,0,1,0
2025,3,200000,0,2,0,1,0
2025,2,120000,0,2,0,1,0
2025,3,198000,0,2,0,1,0
2025,3,314400,0,2,0,1,0
2024,3,100000,0,2,0,1,0
2025,1,89760,0,2,0,1,0
2024,2,115500,0,2,0,1,0
2025,3,425000,0,2,0,1,0
2023,3,260000,0,3,0,1,0
2025,1,65400,0,2,0,1,0
2025,3,307000,100,2,0,1,0
2024,1,75600,0,2,0,1,0
2024,3,75000,0,2,0,1,0
2024,3,152375,100,2,0,1,0
2024,3,193200,0,2,0,1,0
2025,2,98000,0,2,0,1,0
2025,3,205000,0,2,0,1,0
2023,3,106500,0,2,0,1,0
2025,3,103900,0,2,0,1,0
2024,3,285000,0,2,0,1,0
2024,3,125000,0,2,0,1,0
2025,3,95000,100,2,0,1,0
2025,2,180000,0,2,0,1,0
2024,4,232000,0,2,0,1,0
2025,3,188400,0,2,0,1,0
2023,3,79976,100,3,0,1,0
2024,2,79900,100,2,0,1,0
2025,3,115000,0,2,0,1,0
2024,3,160000,100,2,0,1,0
2024,2,85000,0,2,0,1,0
2025,3,149000,0,2,0,1,0
2024,3,140000,100,2,0,1,0
2025,3,110000,100,2,0,1,0
2025,3,264200,0,2,0,1,0
2025,2,172000,0,2,0,1,0
2024,3,180000,0,2,0,1,0
2024,2,149000,0,2,0,1,0
2024,2,110000,100,2,0,1,0
2024,2,167537,0,2,0,1,0
2024,3,96800,0,2,0,1,0
2024,3,75000,0,2,0,1,0
2023,3,210000,0,2,0,1,0
2023,3,97500,100,2,0,1,0
2025,3,110000,0,2,0,1,0
2024,2,272400,0,3,0,1,0
2024,3,93000,0,2,0,1,0
2024,3,155000,0,2,0,1,0
2025,3,196200,0,2,0,1,0
2024,2,135000,0,2,0,1,0
2025,4,160300,0,2,0,1,0
2025,3,144650,100,2,0,1,0
2025,3,120000,0,2,0,1,0
2023,3,62000,0,2,0,1,0
2024,2,59000,0,2,0,1,0
2024,2,237000,100,2,0,1,0
2025,3,65832,0,2,0,1,0
2023,3,190000,0,2,0,1,0
2024,2,100000,0,2,0,1,0
2025,3,160000,0,2,0,1,0
2024,3,194000,100,2,0,1,0
2025,3,265200,0,2,0,1,0
2024,3,124200,0,2,0,1,0
2025,2,138000,0,2,0,1,0
2024,2,155000,0,2,0,1,0
2024,2,179630,0,2,0,1,0
2024,3,117200,0,2,0,1,0
2024,3,90000,100,2,0,1,0
2021,3,76833,50,1,0,1,0
2024,3,170700,0,2,0,1,0
2025,3,248594,0,2,0,1,0
2024,1,60300,0,2,0,0,1
2025,3,96400,0,2,0,1,0
2024,2,63600,0,2,0,1,0
2023,3,70000,0,2,0,1,0
2023,3,105500,0,2,0,1,0
2024,2,67500,0,2,0,1,0
2025,4,197156,0,2,0,1,0
2024,2,237500,0,2,0,1,0
2024,3,55200,0,2,0,1,0
2025,2,135000,0,2,0,1,0
2024,3,166000,0,2,0,1,0
2023,3,139000,100,2,0,1,0
2025,3,200000,0,2,0,1,0
2024,1,200000,0,3,0,1,0
2023,3,189110,0,2,0,1,0
2025,3,75000,100,2,0,1,0
2025,3,158000,0,2,0,1,0
2025,3,140000,0,2,0,1,0
2024,3,160000,100,2,0,1,0
2024,2,120000,0,2,0,1,0
2025,3,189000,0,2,0,1,0
2025,3,120000,0,3,0,1,0
2025,3,121000,0,2,0,1,0
2023,2,73100,0,2,0,1,0
2024,1,156750,0,2,0,1,0
2025,1,93974,0,2,0,1,0
2023,3,172800,0,2,0,1,0
2024,3,149702,0,2,0,1,0
2024,2,205000,0,2,0,1,0
2025,3,117200,0,2,0,1,0
2025,1,120000,0,2,0,1,0
2024,2,320000,0,2,0,1,0
2025,2,97000,0,2,0,1,0
2024,3,261500,0,2,0,1,0
2025,3,170000,100,2,0,1,0
2025,2,157000,100,2,0,1,0
2024,3,225300,0,2,0,1,0
2023,3,105200,0,2,0,1,0
2024,3,184300,0,2,0,1,0
2024,2,195000,0,2,0,1,0
2025,2,151000,0,2,0,1,0
2024,3,190000,0,2,0,1,0
2024,2,118800,100,2,0,1,0
2024,3,250000,0,2,0,1,0
2024,2,290004,0,2,0,1,0
2025,3,100000,0,2,0,1,0
2025,1,23768,0,2,0,1,0
2025,3,120750,0,2,0,1,0
2025,3,130000,100,2,0,1,0
2024,1,134200,0,2,0,1,0
2025,2,159000,0,2,0,1,0
2025,3,181500,0,2,0,1,0
2024,2,80000,0,2,0,1,0
2025,3,214500,100,2,0,1,0
2024,3,288000,0,2,0,1,0
2025,2,60948,0,2,0,1,0
2025,2,98000,0,2,0,1,0
2023,3,144000,100,2,0,1,0
2024,3,273500,0,2,0,1,0
2025,2,107594,0,2,0,1,0
2024,3,99000,0,2,0,1,0
2025,3,200000,0,2,0,1,0
2024,3,149200,0,2,0,1,0
2024,1,116300,0,2,0,1,0
2024,3,80000,0,2,0,1,0
2024,3,246000,100,2,0,1,0
2025,2,100000,0,2,0,1,0
2024,4,255000,0,2,0,1,0
2025,2,158400,0,2,0,1,0
2022,3,156600,100,2,0,1,0
2025,2,174100,0,2,0,1,0
2024,2,104668,0,2,0,1,0
2024,3,145000,0,2,0,1,0
2025,3,98400,0,2,0,1,0
2025,4,180000,0,2,0,1,0
2025,2,120000,0,2,0,1,0
2024,2,165600,0,3,0,1,0
2024,3,107000,100,2,0,1,0
2024,3,81250,0,2,0,1,0
2025,2,55000,0,2,0,1,0
2024,3,145990,0,2,0,1,0
2025,2,175800,0,2,0,1,0
2024,3,110000,100,2,0,1,0
2023,2,135000,100,2,0,1,0
2025,3,231200,0,2,0,1,0
2024,3,90000,0,2,0,1,0
2025,3,250545,0,2,0,1,0
2025,3,172150,0,2,0,1,0
2024,2,140000,0,2,0,1,0
2024,2,165400,0,2,0,1,0
2025,2,135443,100,2,0,1,0
2024,3,152375,100,2,0,1,0
2024,3,72000,100,2,0,1,0
2025,1,82700,0,2,0,1,0
2024,1,145000,0,2,0,1,0
2024,2,90000,0,2,0,1,0
2024,3,210000,100,2,0,1,0
2025,3,47968,0,2,0,1,0
2024,3,147800,0,2,0,1,0
2025,3,114000,0,2,0,1,0
2025,3,192000,0,2,0,1,0
2024,2,75000,0,2,0,1,0
2024,2,200200,0,2,0,1,0
2025,3,112500,0,2,0,1,0
2024,2,92000,0,2,0,1,0
2025,3,160000,0,2,0,1,0
2025,1,50000,0,2,0,1,0
2025,2,107666,0,2,0,1,0
2025,3,152950,0,2,0,1,0
2024,3,146900,0,2,0,1,0
2025,2,156000,0,2,0,1,0
2025,1,50000,0,2,0,1,0
2024,3,145000,0,2,0,1,0
2025,2,150450,0,2,0,1,0
2025,3,100000,0,2,0,1,0
2024,1,47500,100,2,0,1,0
2025,2,231000,0,2,0,1,0
2025,3,156160,0,2,0,1,0
2025,3,85000,100,2,0,1,0
2025,3,256000,0,2,0,1,0
2023,2,166000,0,2,0,1,0
2024,3,264200,0,2,0,1,0
2025,3,154660,0,2,0,1,0
2025,2,107100,0,2,0,1,0
2025,3,82278,0,2,0,1,0
2024,2,98300,100,2,0,1,0
2025,3,260000,0,3,0,1,0
2025,2,86100,0,2,0,1,0
2025,3,188885,0,2,0,1,0
2025,2,208800,0,2,0,1,0
2024,2,326800,0,2,0,1,0
2024,3,177905,0,2,0,1,0
2024,3,153200,100,2,0,1,0
2025,3,180000,0,2,0,1,0
2025,1,60000,0,2,0,1,0
2025,3,89400,0,2,0,1,0
2024,3,140000,0,2,0,1,0
2023,3,135000,100,2,0,1,0
2025,3,139874,0,2,0,1,0
2025,3,125882,100,2,0,1,0
2025,2,173000,0,2,0,1,0
2024,3,117200,0,2,0,1,0
2023,3,248100,0,2,0,1,0
2025,2,231700,0,2,0,1,0
2025,3,198000,0,2,0,1,0
2025,3,227950,0,2,0,1,0
2024,2,136800,0,2,0,1,0
2025,3,240750,0,2,0,1,0
2025,3,168480,0,2,0,1,0
2024,3,110000,0,2,0,1,0
2025,3,140000,100,2,0,1,0
2024,2,250600,0,2,0,1,0
2025,2,60040,100,2,0,1,0
2024,3,337250,0,2,0,1,0
2024,3,141000,100,2,0,1,0
2024,1,93400,0,2,0,1,0
2025,3,141900,0,2,0,1,0
2024,1,261250,0,2,0,1,0
2024,3,324000,100,2,0,1,0
2023,2,110000,0,2,0,1,0
2024,3,160000,0,2,0,1,0
2024,1,95450,0,2,0,1,0
2025,3,297600,0,2,0,1,0
2024,3,248700,0,2,0,1,0
2025,3,200000,0,2,0,1,0
2025,1,60000,0,2,0,1,0
2025,1,98000,0,2,0,1,0
2024,2,179000,0,2,0,1,0
2024,3,230000,0,2,0,1,0
2025,3,147500,0,2,0,1,0
2024,3,79874,0,2,0,1,0
2024,1,34666,0,2,0,1,0
2025,2,109700,100,2,0,1,0
2025,3,220500,100,2,0,1,0
2024,2,123600,0,2,0,1,0
2024,3,146000,100,2,0,1,0
2024,1,75000,0,2,0,1,0
2025,2,96600,0,2,0,1,0
2025,3,230000,0,2,0,1,0
2025,2,275000,100,2,0,1,0
2025,3,184800,0,2,0,1,0
2024,2,60300,0,2,0,1,0
2024,3,229091,0,2,0,1,0
2025,3,51477,0,2,0,1,0
2025,3,100000,100,2,0,1,0
2025,3,270250,0,2,0,1,0
2025,3,142000,0,2,0,1,0
2023,3,234000,100,2,0,1,0
2025,2,100000,0,2,0,1,0
2025,2,163000,0,2,0,1,0
2024,2,72000,0,2,0,1,0
2024,2,208800,0,2,0,1,0
2023,3,173000,0,2,0,1,0
2024,2,75600,0,2,0,1,0
2025,2,170000,100,2,0,1,0
2025,3,191100,100,2,0,1,0
2023,3,132000,0,2,0,1,0
2024,3,168000,0,2,0,1,0
2025,2,132000,0,2,0,1,0
2024,3,145125,0,2,0,1,0
2024,3,104000,0,2,0,1,0
2024,1,90600,0,2,0,1,0
2024,3,180000,0,2,0,1,0
2025,2,50000,0,2,0,1,0
2025,3,177567,0,2,0,1,0
2025,3,41684,0,2,0,1,0
2025,3,125000,0,2,0,1,0
2024,3,193995,100,2,0,1,0
2025,3,180000,0,2,0,1,0
2025,2,248000,100,2,0,1,0
2024,3,200000,0,2,0,1,0
2024,2,204600,0,2,0,1,0
2025,3,170000,0,2,0,1,0
2024,3,148049,100,2,0,1,0
2024,2,100000,0,2,0,1,0
2025,3,68700,100,2,0,1,0
2024,4,288000,100,2,0,1,0
2024,3,284900,0,2,0,1,0
2025,4,354430,0,2,0,1,0
2024,3,172900,0,2,0,1,0
2025,3,240000,0,2,0,1,0
2024,3,156145,100,2,0,1,0
2024,2,160000,0,2,0,1,0
2025,3,130000,0,2,0,1,0
2025,2,57688,0,2,0,1,0
2025,1,62047,0,2,0,1,0
2024,2,206500,100,2,0,1,0
2025,3,105860,100,2,0,1,0
2023,3,109400,0,2,0,1,0
2025,3,213000,0,2,0,1,0
2025,2,137400,0,2,0,1,0
2024,3,91800,0,2,0,1,0
2025,2,120000,0,2,0,1,0
2025,1,110000,100,2,0,1,0
2025,3,180000,0,2,0,1,0
2024,2,192871,0,2,0,1,0
2024,3,240000,100,2,0,1,0
2024,3,196720,0,2,0,1,0
2025,2,159200,0,2,0,1,0
2025,1,50866,0,2,0,1,0
2025,1,85300,0,2,0,1,0
2024,2,127000,0,2,0,1,0
2025,3,162800,100,2,0,1,0
2025,3,273500,0,2,0,1,0
2025,3,145000,100,2,0,1,0
2025,3,108800,0,2,0,1,0
2024,2,140000,0,2,0,1,0
2024,3,150000,100,2,0,1,0
2023,3,122000,0,2,0,1,0
2025,2,169620,0,2,0,1,0
2024,2,146000,0,2,0,1,0
2024,1,127000,0,2,0,1,0
2025,2,160000,0,2,0,1,0
2024,3,183800,0,2,0,1,0
2025,3,105000,0,2,0,1,0
2023,3,218213,100,2,0,1,0
2023,3,92280,0,2,0,1,0
2025,3,175000,100,2,0,1,0
2025,1,84000,0,2,0,1,0
2024,3,201500,100,2,0,1,0
2025,2,215000,0,2,0,1,0
2025,3,210000,0,2,0,1,0
2024,2,130000,0,2,0,1,0
2025,2,199500,0,2,0,1,0
2023,3,198200,0,2,0,1,0
2024,2,144200,0,2,0,1,0
2024,3,87943,0,2,0,1,0
2024,3,210000,0,2,0,1,0
2025,2,325000,0,2,0,1,0
2025,3,240080,100,2,0,1,0
2024,2,160455,0,2,0,1,0
2025,3,104000,0,2,0,1,0
2024,3,117400,0,2,0,1,0
2024,2,246200,0,2,0,1,0
2024,3,96600,0,2,0,1,0
2025,2,253000,0,2,0,1,0
2024,1,58542,0,2,0,1,0
2024,1,75000,0,2,0,1,0
2025,3,188100,0,2,0,1,0
2024,3,250800,0,2,0,1,0
2025,3,154700,100,2,0,1,0
2024,3,130000,0,2,0,1,0
2024,3,117200,0,2,0,1,0
2025,2,119000,0,2,0,1,0
2024,2,310000,0,2,0,1,0
2025,2,304043,100,2,0,1,0
2025,1,100000,100,2,0,1,0
2024,2,114028,0,2,0,1,0
2024,3,164000,0,2,0,1,0
2025,2,113900,0,2,0,1,0
2025,3,127254,0,2,0,1,0
2024,3,150798,0,2,0,1,0
2025,1,18556,0,2,0,1,0
2024,3,247500,0,2,0,1,0
2024,2,90011,0,2,0,1,0
2025,3,180000,100,2,0,1,0
2024,2,62100,0,2,0,1,0
2024,3,127500,0,2,0,1,0
2025,2,132043,0,2,0,1,0
2024,2,56250,0,2,0,1,0
2025,3,215000,0,2,0,1,0
2025,2,113999,0,2,0,1,0
2025,3,293000,0,2,0,1,0
2024,1,96000,100,2,0,1,0
2025,3,126650,0,2,0,1,0
2024,1,58000,0,2,0,1,0
2024,3,84600,0,2,0,1,0
2023,3,252000,0,2,0,1,0
2024,2,108000,0,2,0,1,0
2024,3,55200,0,2,0,1,0
2023,2,145000,0,2,0,1,0
2025,2,149468,0,2,0,1,0
2025,3,88607,0,2,0,1,0
2025,3,293000,0,2,0,1,0
2024,2,128000,0,2,0,1,0
2025,3,250000,0,2,0,1,0
2025,3,121030,0,2,0,1,0
2025,2,118900,0,3,0,1,0
2025,3,248700,0,2,0,1,0
2024,3,99502,100,2,0,1,0
2023,3,190000,100,2,0,1,0
2025,2,238000,0,2,0,1,0
2025,3,253425,100,2,0,1,0
2025,3,323000,100,2,0,1,0
2024,3,85000,0,2,0,1,0
2024,2,120000,100,2,0,1,0
2024,3,100000,0,2,0,1,0
2024,3,220800,0,2,0,1,0
2025,2,281300,0,2,0,1,0
2025,3,197000,100,2,0,1,0
2025,3,210000,0,2,0,1,0
2025,3,140000,0,2,0,1,0
2024,3,144000,0,2,0,1,0
2025,3,95500,0,2,0,1,0
2025,2,220000,0,2,0,1,0
2025,3,270000,0,2,0,1,0
2025,3,234500,0,2,0,1,0
2024,3,86700,100,2,0,1,0
2025,3,90000,0,2,0,1,0
2025,3,160000,100,2,0,1,0
2024,2,230000,0,2,0,1,0
2025,2,118000,0,2,0,1,0
2025,2,120000,0,2,0,1,0
2025,2,147200,0,2,0,1,0
2023,3,160000,0,2,0,1,0
2025,3,144000,0,2,0,1,0
2024,2,147000,100,2,0,1,0
2024,3,200000,0,2,0,1,0
2025,3,59122,0,2,0,1,0
2025,3,220000,0,2,0,1,0
2024,1,135600,0,2,0,1,0
2024,2,242888,100,2,0,1,0
2025,1,125130,0,2,0,1,0
2024,3,106250,0,2,0,1,0
2024,1,88200,100,2,0,1,0
2025,3,246043,100,2,0,1,0
2024,3,172900,0,2,0,1,0
2024,2,38000,100,2,0,1,0
2024,1,75000,0,2,0,1,0
2025,3,175000,0,2,0,1,0
2025,3,170000,0,2,0,1,0
2024,3,172800,100,2,0,1,0
2024,2,250600,0,2,0,1,0
2024,3,190000,100,2,0,1,0
2024,3,128500,0,2,0,1,0
2022,3,140000,100,2,0,1,0
2025,3,150000,0,2,0,1,0
2025,3,176000,100,2,0,1,0
2025,4,180500,0,2,0,1,0
2025,3,145000,100,2,0,1,0
2025,3,338500,0,2,0,1,0
2025,2,90000,0,2,0,1,0
2024,2,187040,0,2,0,1,0
2024,2,72708,0,2,0,1,0
2025,1,143900,100,2,0,1,0
2024,3,282000,0,2,0,1,0
2024,2,173233,100,2,0,1,0
2024,2,145000,0,2,0,1,0
2024,3,70000,100,2,0,1,0
2025,3,150000,0,2,0,1,0
2025,4,257000,0,2,0,1,0
2023,3,105200,0,2,0,1,0
2024,3,148543,0,2,0,1,0
2024,2,188600,0,2,0,1,0
2024,3,280000,0,2,0,1,0
2024,3,196100,0,2,0,1,0
2024,1,219000,0,2,0,1,0
2025,3,158950,100,2,0,1,0
2024,2,98300,0,2,0,1,0
2025,3,181000,0,2,0,1,0
2025,3,249700,100,2,0,1,0
2024,2,360200,0,2,0,1,0
2024,3,95000,0,2,0,1,0
2024,2,350000,100,2,0,1,0
2025,2,85000,0,2,0,1,0
2025,3,252000,0,2,0,1,0
2025,3,150000,0,2,0,1,0
2025,2,20210,0,2,0,1,0
2025,2,130000,0,2,0,1,0
2024,3,176355,0,2,0,1,0
2024,3,110000,100,2,0,1,0
2022,2,100000,0,2,0,1,0
2025,3,93300,0,2,0,1,0
2024,1,140000,0,2,0,0,0
2024,2,172000,0,2,0,1,0
2025,2,185000,0,2,0,1,0
2025,2,126720,0,2,0,1,0
2025,3,73700,0,2,0,1,0
2024,2,115400,0,2,0,1,0
2025,3,300000,0,2,0,1,0
2025,3,109116,0,2,0,1,0
2024,2,222200,0,3,0,1,0
2025,2,90000,100,2,0,1,0
2025,2,189000,0,2,0,1,0
2024,2,259000,0,2,0,1,0
2024,3,210000,0,2,0,1,0
2024,3,294000,0,2,0,1,0
2025,3,250000,0,2,0,1,0
2022,1,61566,100,2,0,1,0
2025,3,197400,0,2,0,1,0
2024,2,179000,0,2,0,1,0
2024,3,165600,100,2,0,1,0
2024,3,333000,0,2,0,1,0
2025,3,291800,0,2,0,1,0
2025,3,264000,0,2,0,1,0
2025,1,76000,0,2,0,1,0
2025,3,210000,0,2,0,1,0
2024,1,254270,0,2,0,1,0
2023,3,152600,0,2,0,1,0
2024,2,203000,0,2,0,1,0
2025,3,161300,100,2,0,1,0
2024,3,117000,0,2,0,1,0
2025,3,197000,0,2,0,1,0
2024,3,218900,100,2,0,1,0
2025,3,149500,0,2,0,1,0
2025,3,175800,0,2,0,1,0
2025,3,110000,100,2,0,1,0
2024,3,175000,100,2,0,1,0
2024,2,115500,0,2,0,1,0
2025,3,129200,0,2,0,1,0
2024,1,114080,0,2,0,1,0
2025,3,78605,0,2,0,1,0
2025,3,163000,0,2,0,1,0
2024,3,276000,100,2,0,1,0
2024,3,146875,0,2,0,1,0
2024,3,150300,0,2,0,1,0
2025,1,98140,0,2,0,1,0
2025,2,110000,0,2,0,1,0
2024,3,235000,0,2,0,1,0
2025,2,200200,0,2,0,1,0
2025,1,155000,100,2,0,1,0
2025,3,142300,100,2,0,1,0
2025,3,84000,0,2,0,1,0
2023,3,148594,0,2,0,1,0
2024,2,95000,100,2,0,1,0
2024,1,95000,100,2,0,1,0
2025,3,153925,100,2,0,1,0
2024,2,122000,0,2,0,1,0
2025,3,119200,100,2,0,1,0
2025,2,180000,0,2,0,1,0
2024,2,92190,0,2,0,1,0
2024,3,72300,0,2,0,1,0
2024,3,160000,100,2,0,1,0
2025,3,192500,100,2,0,1,0
2024,3,113900,0,2,0,1,0
2024,3,122256,0,2,0,1,0
2025,2,96000,0,2,0,1,0
2025,3,205000,100,2,0,1,0
2025,2,75000,0,2,0,1,0
2025,3,205000,0,2,0,1,0
2024,2,113071,100,2,0,1,0
2025,2,109480,0,2,0,1,0
2024,2,99473,0,2,0,1,0
2024,2,68900,100,3,0,1,0
2024,2,208800,0,2,0,1,0
2025,3,196000,0,2,0,1,0
2024,4,130000,0,2,0,1,0
2025,3,252000,0,2,0,1,0
2025,3,212750,0,2,0,1,0
2025,2,103500,100,2,0,1,0
2024,2,84700,0,2,0,1,0
2024,2,131000,0,2,0,1,0
2025,1,87500,0,2,0,1,0
2024,3,170000,0,2,0,1,0
2024,3,220611,0,2,0,1,0
2024,2,174000,0,2,0,1,0
2024,3,260000,0,2,0,1,0
2024,3,389500,0,2,0,1,0
2024,3,150000,0,2,0,1,0
2024,3,156600,0,2,0,1,0
2024,3,243300,0,2,0,1,0
2024,3,103331,0,2,0,1,0
2025,3,125000,100,2,0,1,0
2025,2,245100,0,2,0,1,0
2025,1,90000,100,2,0,0,0
2025,2,76800,0,2,0,1,0
2024,3,105600,0,2,0,1,0
2025,3,102100,0,2,0,1,0
2024,3,190000,100,2,0,1,0
2025,3,75600,0,2,0,1,0
2024,1,137750,0,2,0,1,0
2025,2,156400,0,2,0,1,0
2025,2,138000,0,2,0,1,0
2024,3,132000,0,2,0,1,0
2024,2,106890,0,2,0,1,0
2024,3,148000,0,2,0,1,0
2024,3,194000,0,3,0,1,0
2025,3,120000,0,2,0,1,0
2024,3,143860,0,2,0,1,0
2025,3,200000,0,2,0,1,0
2025,2,110000,100,2,0,1,0
2021,4,141846,0,3,0,1,0
2024,3,182000,0,2,0,1,0
2024,3,138500,100,2,0,1,0
2025,3,285200,0,2,0,1,0
2025,2,61625,0,2,0,1,0
2025,3,181000,0,2,0,1,0
2024,3,192500,0,2,0,1,0
2024,3,195000,0,2,0,1,0
2024,3,98500,0,2,0,1,0
2024,3,184000,0,2,0,1,0
2024,2,70000,0,2,0,1,0
2024,3,128000,0,2,0,1,0
2024,2,80000,100,2,0,1,0
2024,2,114500,0,2,0,1,0
2025,2,178250,0,2,0,1,0
2024,3,265200,0,2,0,1,0
2025,3,119600,0,2,0,1,0
2025,3,243000,0,2,0,1,0
2024,3,290000,0,2,0,1,0
2022,2,150000,0,2,0,1,0
2025,3,116000,0,2,0,1,0
2025,3,189000,0,2,0,1,0
2021,3,20171,50,3,0,1,0
2024,3,182549,0,2,0,1,0
2025,3,150000,0,2,0,1,0
2025,1,140000,0,2,0,1,0
2025,3,170000,100,2,0,1,0
2022,3,135000,100,2,0,1,0
2025,2,112000,0,2,0,1,0
2024,2,172000,0,2,0,1,0
2024,3,205776,100,2,0,1,0
2025,1,66000,0,2,0,1,0
2025,2,68354,0,2,0,1,0
2024,3,100000,0,2,0,1,0
2024,3,114720,0,2,0,1,0
2024,2,132000,100,2,0,1,0
2024,2,101777,0,2,0,1,0
2024,3,166700,0,3,0,1,0
2024,3,241000,100,2,0,1,0
2024,1,58343,0,2,0,1,0
2024,2,63500,0,2,0,1,0
2024,3,110000,100,2,0,1,0
2024,3,131040,100,2,0,1,0
2024,3,180000,0,2,0,1,0
2025,2,100000,0,2,0,1,0
2024,4,215000,100,2,0,1,0
2025,1,40506,0,2,0,1,0
2025,1,152000,0,2,0,1,0
2024,3,138000,0,2,0,1,0
2024,2,155000,0,2,0,1,0
2024,3,88888,0,2,0,1,0
2024,1,65500,0,2,0,1,0
2025,3,199200,0,2,0,1,0
2024,3,294700,0,3,0,1,0
2023,1,95000,100,2,0,1,0
2023,3,222200,0,3,0,1,0
2025,3,293000,0,2,0,1,0
2025,3,214200,0,2,0,1,0
2024,1,237500,0,2,0,1,0
2024,2,58717,0,2,0,1,0
2025,3,133800,0,2,0,1,0
2024,3,160000,100,2,0,1,0
2024,2,243500,0,2,0,1,0
2024,3,120000,0,2,0,1,0
2023,3,189750,100,2,0,1,0
2024,3,110000,100,2,0,1,0
2025,3,150000,100,2,0,1,0
2024,2,180000,0,2,0,1,0
2024,2,250000,0,2,0,1,0
2024,2,130000,0,2,0,1,0
2025,3,237000,100,2,0,1,0
2022,3,115573,100,2,0,1,0
2025,2,124950,0,2,0,1,0
2023,3,150000,100,2,0,1,0
2024,2,160000,0,2,0,1,0
2024,3,90000,100,2,0,1,0
2025,4,191400,0,2,0,1,0
2024,1,64000,100,2,0,1,0
2024,3,220000,0,2,0,1,0
2025,2,80000,0,2,0,1,0
2024,1,104669,0,2,0,0,0
2025,3,50000,100,2,0,1,0
2023,3,95000,100,2,0,1,0
2025,3,178300,100,2,0,1,0
2024,3,92000,0,2,0,1,0
2025,3,150000,0,2,0,1,0
2024,2,104000,100,2,0,1,0
2024,3,244000,0,2,0,1,0
2024,2,170112,0,2,0,1,0
2024,3,160000,0,2,0,1,0
2024,2,124800,0,2,0,1,0
2025,1,218540,0,2,0,1,0
2023,3,136000,0,2,0,1,0
2025,3,200700,0,2,0,1,0
2024,2,102000,100,2,0,1,0
2025,1,105000,0,2,0,1,0
2024,2,79310,0,2,0,1,0
2024,2,170000,0,2,0,1,0
2023,2,105000,0,2,0,1,0
2025,2,120120,0,2,0,1,0
2024,3,165100,0,2,0,1,0
2023,3,260000,0,2,0,1,0
2025,2,315000,0,2,0,1,0
2025,3,162400,0,2,0,1,0
2025,3,327200,100,2,0,1,0
2025,1,37500,0,2,0,1,0
2024,2,200200,0,2,0,1,0
2024,3,117200,0,2,0,1,0
2025,3,84000,0,2,0,1,0
2024,4,220000,100,2,0,1,0
2025,2,63000,0,2,0,1,0
2025,3,405000,0,2,0,1,0
2024,3,130000,100,2,0,1,0
2024,3,72467,0,2,0,1,0
2025,2,112000,0,2,0,1,0
2025,3,351600,0,2,0,1,0
2022,2,100000,100,2,0,1,0
2025,4,213390,0,2,0,1,0
2024,1,75000,0,2,0,1,0
2025,2,118789,0,2,0,1,0
2025,3,158600,0,2,0,1,0
2024,3,140000,0,2,0,1,0
2024,1,74500,0,2,0,1,0
2024,3,144000,0,2,0,1,0
2025,1,70000,0,2,0,1,0
2024,2,161700,0,2,0,1,0
2024,3,173000,0,2,0,1,0
2024,2,74250,100,2,0,1,0
2025,2,240000,0,2,0,1,0
2025,2,184600,0,2,0,1,0
2024,3,233200,0,2,0,1,0
2024,2,79000,0,2,0,1,0
2024,1,108000,0,2,0,1,0
2024,2,90000,0,2,0,1,0
2024,1,94068,0,2,0,1,0
2025,3,136000,0,2,0,1,0
2024,2,279400,0,2,0,1,0
2024,1,144000,0,2,0,1,0
2021,1,16228,100,3,0,1,0
2024,3,130900,0,2,0,1,0
2025,3,150713,100,2,0,1,0
2023,1,281700,0,2,0,1,0
2025,1,80000,0,2,0,1,0
2024,2,220000,0,2,0,1,0
2024,3,294000,0,2,0,1,0
2025,3,150000,0,2,0,1,0
2024,3,233840,0,2,0,1,0
2025,3,244000,0,2,0,1,0
2025,3,240000,0,2,0,1,0
2025,3,234000,0,2,0,1,0
2022,2,60938,0,2,0,1,0
2024,3,150700,0,2,0,1,0
2025,3,94600,100,2,0,1,0
2024,3,150000,0,2,0,1,0
2025,2,370000,0,2,0,1,0
2024,2,120000,0,2,0,1,0
2025,3,98000,0,2,0,1,0
2025,2,111000,0,2,0,1,0
2021,1,70000,100,2,0,1,0
2025,3,272000,0,2,0,1,0
2025,3,273070,0,2,0,1,0
2024,3,96600,0,2,0,1,0
2025,4,359500,0,2,0,1,0
2025,3,160000,100,2,0,1,0
2025,3,144200,0,2,0,1,0
2024,2,247800,0,2,0,1,0
2024,3,182700,0,2,0,1,0
2023,3,106500,0,2,0,1,0
2024,3,130100,0,2,0,1,0
2024,2,100450,0,2,0,1,0
2023,2,242100,0,2,0,1,0
2025,2,89600,0,3,0,1,0
2025,3,195000,0,2,0,1,0
2024,3,94000,100,2,0,1,0
2025,3,71070,0,2,0,1,0
2024,3,190000,0,2,0,1,0
2025,3,112900,0,2,0,1,0
2024,3,250000,100,2,0,1,0
2023,3,75000,100,2,0,1,0
2025,3,180650,0,2,0,1,0
2025,3,179000,100,2,0,1,0
2024,2,173650,0,2,0,1,0
2023,3,175000,100,2,0,1,0
2025,2,112000,0,2,0,1,0
2025,3,52631,0,2,0,1,0
2024,3,110400,0,2,0,1,0
2022,3,122000,0,2,0,1,0
2025,2,89000,100,2,0,1,0
2024,2,173040,0,2,0,1,0
2024,3,132000,0,2,0,1,0
2024,3,294000,0,2,0,1,0
2025,3,72000,100,2,0,1,0
2024,3,288000,100,2,0,1,0
2024,3,105500,100,2,0,1,0
2024,3,92190,0,2,0,1,0
2024,3,202800,0,3,0,1,0
2024,1,47500,0,2,0,1,0
2024,3,182000,100,3,0,1,0
2025,2,110000,0,2,0,1,0
2025,3,248594,0,2,0,1,0
2025,2,139000,0,2,0,1,0
2024,2,264200,0,2,0,1,0
2025,3,169800,0,2,0,1,0
2025,3,160000,100,2,0,1,0
2023,3,150000,0,2,0,1,0
2024,2,147000,0,2,0,1,0
2023,3,120000,0,2,0,1,0
2025,1,98000,0,2,0,1,0
2023,3,130000,100,2,0,1,0
2024,1,116000,0,2,0,1,0
2024,2,235400,0,2,0,1,0
2024,3,132900,0,2,0,1,0
2024,3,159300,0,2,0,1,0
2024,2,360000,0,2,0,1,0
2024,3,194000,0,2,0,1,0
2024,3,121125,0,2,0,1,0
2024,3,140000,100,2,0,1,0
2024,3,177500,0,2,0,1,0
2023,3,153600,100,2,0,1,0
2024,3,135799,0,2,0,1,0
2025,3,190000,0,2,0,1,0
2024,2,108000,0,2,0,1,0
2023,2,73824,0,2,0,1,0
2025,1,137000,0,2,0,1,0
2024,2,81500,0,2,0,1,0
2024,2,86840,0,2,0,1,0
2025,3,150000,0,2,0,1,0
2024,2,85800,0,2,0,1,0
2024,2,135800,100,2,0,1,0
2024,3,100000,0,2,0,1,0
2025,3,151800,0,2,0,1,0
2025,3,180000,0,2,0,1,0
2024,1,145000,0,2,0,1,0
2024,3,234000,0,2,0,1,0
2024,2,112000,0,2,0,1,0
2024,2,91862,100,2,0,1,0
2024,2,117875,100,2,0,1,0
2024,3,246000,100,2,0,1,0
2025,1,173040,0,2,0,1,0
2025,2,60350,0,2,0,1,0
2023,3,247500,0,2,0,1,0
2025,3,116000,0,2,0,1,0
2025,1,125000,100,2,0,1,0
2024,1,74400,100,2,0,1,0
2025,2,249000,0,2,0,1,0
2025,3,117200,100,2,0,1,0
2025,2,109269,0,2,0,1,0
2024,3,152000,0,2,0,1,0
2025,3,340000,0,2,0,1,0
2025,1,90000,0,2,0,1,0
2025,1,85000,0,2,0,1,0
2025,3,170000,0,2,0,1,0
2024,2,150000,0,2,0,1,0
2025,3,135000,0,2,0,1,0
2025,1,262350,0,2,0,1,0
2025,1,79700,0,2,0,1,0
2024,1,80000,0,2,0,1,0
2024,3,155000,0,2,0,1,0
2025,3,150000,0,2,0,1,0
2024,3,248400,0,2,0,1,0
2023,3,127300,0,2,0,1,0
2025,3,140000,0,2,0,1,0
2025,3,264500,0,2,0,1,0
2025,3,180400,0,2,0,1,0
2024,2,77000,0,2,0,1,0
2025,2,108000,0,2,0,1,0
2024,2,144200,0,2,0,1,0
2024,2,240000,0,2,0,1,0
2025,3,159300,0,3,0,1,0
2024,1,153600,0,2,0,1,0
2024,3,160000,100,2,0,1,0
2024,3,120000,100,2,0,1,0
2025,3,130000,100,2,0,1,0
2024,2,117000,0,2,0,1,0
2025,2,144000,0,2,0,1,0
2025,2,138715,100,2,0,1,0
2024,3,139000,0,2,0,1,0
2025,4,230000,0,2,0,1,0
2025,4,75949,0,2,0,1,0
2024,1,70000,0,2,0,1,0
2025,3,215000,0,2,0,1,0
2024,2,259000,0,2,0,1,0
2024,3,125000,0,2,0,1,0
2025,2,110379,0,2,0,1,0
2025,4,176400,0,2,0,1,0
2025,3,161415,0,2,0,1,0
2024,2,165500,0,2,0,1,0
2024,3,148000,0,2,0,1,0
2025,3,231400,0,2,0,1,0
2025,1,175000,0,2,0,1,0
2024,2,117500,100,2,0,1,0
2024,3,280000,0,2,0,1,0
2025,1,88900,0,2,0,1,0
2024,2,65894,0,2,0,1,0
2023,1,96412,0,2,0,1,0
2025,3,125200,100,2,0,1,0
2025,2,212000,0,2,0,1,0
2024,2,98000,0,2,0,1,0
2025,3,150500,100,2,0,1,0
2025,1,100000,0,2,0,1,0
2025,3,173000,0,2,0,1,0
2025,3,78000,0,2,0,1,0
2025,3,110000,100,2,0,1,0
2024,3,281000,100,2,0,1,0
2024,3,243000,0,2,0,1,0
2024,2,56250,0,2,0,1,0
2024,3,126500,0,2,0,1,0
2025,1,80000,0,2,0,1,0
2024,3,244700,0,2,0,1,0
2025,2,131229,0,2,0,1,0
2025,2,134200,0,2,0,1,0
2024,2,174600,0,2,0,1,0
2024,2,250000,0,2,0,1,0
2025,3,49700,0,2,0,1,0
2025,3,307000,0,2,0,1,0
2025,3,191000,100,2,0,1,0
2025,2,85040,0,2,0,1,0
2025,3,165400,0,2,0,1,0
2024,2,220000,0,2,0,1,0
2024,2,225000,0,2,0,1,0
2024,3,119850,0,2,0,1,0
2024,3,150700,0,2,0,1,0
2024,2,152000,0,2,0,1,0
2024,2,229900,0,2,0,1,0
2024,3,105000,100,2,0,1,0
2025,3,204900,0,2,0,1,0
2022,3,50432,0,2,0,1,0
2025,3,225000,0,2,0,1,0
2024,3,170000,100,2,0,1,0
2025,2,125000,100,2,0,1,0
2025,2,140000,0,2,0,1,0
2025,3,75949,0,2,0,1,0
2023,3,130000,0,2,0,1,0
2024,2,200000,0,2,0,1,0
2025,3,82300,0,2,0,1,0
2024,1,120000,100,2,0,1,0
2024,3,64813,0,2,0,1,0
2025,3,207000,100,2,0,1,0
2025,2,100600,0,2,0,1,0
2024,4,290000,0,2,0,1,0
2025,2,112655,0,2,0,1,0
2025,3,104981,100,2,0,1,0
2025,3,163200,0,2,0,1,0
2025,2,140000,0,2,0,1,0
2025,3,175000,100,2,0,1,0
2023,1,29691,50,3,0,1,0
2022,3,120000,100,2,0,1,0
2025,3,124300,0,2,0,1,0
2025,3,200000,100,2,0,1,0
2025,2,163380,100,2,0,1,0
2025,3,180000,0,2,0,1,0
2025,2,220000,0,2,0,1,0
2023,3,140000,100,2,0,1,0
2025,3,110000,100,2,0,1,0
2025,4,225000,100,2,0,1,0
2024,2,208800,0,2,0,1,0
2025,3,130000,100,2,0,1,0
2024,3,366000,0,2,0,1,0
2024,3,143000,0,2,0,1,0
2024,3,222000,100,2,0,1,0
2025,2,111000,0,2,0,1,0
2024,1,80000,0,2,0,1,0
2024,3,138000,0,2,0,1,0
2024,3,155000,0,2,0,1,0
2025,3,145000,0,2,0,1,0
2024,3,215000,0,2,0,1,0
2025,3,166000,0,2,0,1,0
2025,3,128000,0,2,0,1,0
2024,2,138900,0,2,0,1,0
2025,3,228000,100,2,0,1,0
2024,2,153000,0,2,0,1,0
2024,1,91200,0,3,0,1,0
2024,3,113360,0,2,0,1,0
2024,2,237500,0,2,0,1,0
2025,3,120000,0,2,0,1,0
2024,3,266000,0,2,0,1,0
2024,1,138900,0,2,0,1,0
2024,2,209000,100,2,0,1,0
2024,1,81900,0,2,0,1,0
2025,2,88000,0,2,0,1,0
2025,3,300000,0,2,0,1,0
2024,1,100000,0,2,0,1,0
2024,3,227000,0,2,0,1,0
2024,2,134160,0,2,0,1,0
2025,3,66000,0,2,0,1,0
2025,2,129300,0,3,0,1,0
2025,2,126000,100,2,0,1,0
2022,2,100000,100,2,0,1,0
2024,2,105000,100,2,0,1,0
2024,2,125000,0,2,0,1,0
2025,3,197730,0,2,0,1,0
2025,3,195750,0,2,0,1,0
2024,3,156250,100,2,0,1,0
2025,3,109000,100,2,0,1,0
2025,3,241900,0,2,0,1,0
2024,3,130000,0,2,0,1,0
2025,3,184000,0,2,0,1,0
2025,2,72200,0,2,0,1,0
2025,2,180000,0,2,0,1,0
2025,2,150000,0,2,0,1,0
2025,2,78500,0,2,0,1,0
2025,2,33000,0,2,0,1,0
2024,2,145000,0,2,0,1,0
2024,1,112200,0,2,0,1,0
2024,4,195400,0,2,0,1,0
2024,3,127000,0,2,0,1,0
2024,3,201650,0,2,0,1,0
2023,3,50000,0,2,0,1,0
2025,3,200000,0,2,0,1,0
2025,2,166000,0,2,0,1,0
2024,3,216000,0,2,0,1,0
2023,2,73824,0,3,0,1,0
2025,2,120000,100,2,0,1,0
2025,3,128000,0,2,0,1,0
2024,3,220000,100,2,0,1,0
2025,3,220000,0,2,0,1,0
2023,3,157550,0,2,0,1,0
2025,3,213500,0,2,0,1,0
2025,3,157601,100,2,0,1,0
2025,2,129700,0,2,0,1,0
2025,3,106000,100,2,0,1,0
2024,2,125100,0,2,0,1,0
2025,1,173040,0,2,0,1,0
2024,3,188500,0,2,0,1,0
2024,3,160000,0,2,0,1,0
2024,1,142996,0,3,0,1,0
2024,3,53333,0,2,0,1,0
2024,3,95264,100,2,0,1,0
2023,3,159300,0,2,0,1,0
2025,2,114000,0,2,0,1,0
2025,2,110000,0,2,0,1,0
2025,2,170000,0,2,0,1,0
2025,3,249900,0,2,0,1,0
2025,3,120900,0,2,0,1,0
2025,2,85000,0,2,0,1,0
2025,2,160000,0,2,0,1,0
2024,3,250200,0,2,0,1,0
2023,4,144540,100,2,0,1,0
2024,1,43750,0,2,0,1,0
2024,2,92880,100,2,0,1,0
2025,2,112800,0,2,0,1,0
2024,3,118200,0,2,0,1,0
2025,2,30000,100,2,0,1,0
2024,2,183000,0,2,0,1,0
2024,3,235000,100,2,0,1,0
2023,2,220000,0,2,0,1,0
2024,3,66000,0,2,0,1,0
2024,2,205000,0,2,0,1,0
2024,3,133200,0,2,0,1,0
2025,3,175000,0,2,0,1,0
2024,3,286000,100,2,0,1,0
2023,2,90000,100,2,0,1,0
2025,1,130122,0,2,0,1,0
2024,3,177000,0,2,0,1,0
2025,2,90000,0,2,0,1,0
2024,2,195000,0,2,0,1,0
2025,3,172000,0,2,0,1,0
2024,1,97500,0,3,0,1,0
2024,3,200000,0,2,0,1,0
2025,1,95000,0,2,0,1,0
2025,3,133000,0,2,0,1,0
2025,4,185500,100,2,0,1,0
2024,3,155000,0,2,0,1,0
2024,3,227800,100,2,0,1,0
2024,3,133450,100,2,0,1,0
2023,3,94500,0,2,0,1,0
2025,1,220000,100,2,0,1,0
2025,3,121024,0,2,0,1,0
2023,3,80000,0,2,0,1,0
2024,3,122900,0,2,0,1,0
2021,2,46597,100,3,0,1,0
2024,1,95000,0,2,0,1,0
2024,3,179400,0,2,0,1,0
2025,2,106840,0,2,0,1,0
2025,3,238960,0,2,0,1,0
2025,1,99750,0,2,0,1,0
2024,3,190000,0,2,0,1,0
2024,3,183330,0,2,0,1,0
2025,2,105000,0,2,0,1,0
2024,3,126500,0,2,0,1,0
2025,3,92000,100,2,0,1,0
2025,3,97388,0,2,0,1,0
2022,3,108800,0,2,0,1,0
2024,2,160000,0,2,0,1,0
2025,2,260000,100,2,0,1,0
2023,3,141000,0,2,0,1,0
2025,2,126862,0,2,0,1,0
2024,1,88640,0,2,0,1,0
2024,1,154818,0,2,0,1,0
2024,3,212800,0,2,0,1,0
2025,3,204900,0,2,0,1,0
2023,3,195000,100,3,0,1,0
2025,3,107300,0,2,0,1,0
2024,2,228000,0,2,0,1,0
2024,3,136500,100,2,0,1,0
2024,1,84100,0,2,0,1,0
2025,3,170000,0,2,0,1,0
2025,3,343100,0,2,0,1,0
2024,3,151463,100,2,0,1,0
2024,3,250200,0,2,0,1,0
2024,3,130000,0,2,0,1,0
2025,1,21052,0,2,0,0,1
2025,2,91140,0,2,0,1,0
2025,1,63800,0,2,0,1,0
2024,3,137000,0,2,0,1,0
2025,2,97000,100,2,0,1,0
2025,3,94000,100,2,0,1,0
2024,3,203520,0,3,0,1,0
2024,2,148000,0,2,0,1,0
2024,2,111000,100,2,0,1,0
2025,3,200000,0,3,0,1,0
2025,2,100000,100,2,0,1,0
2025,2,162200,0,2,0,1,0
2024,2,194750,0,2,0,1,0
2025,3,115000,0,2,0,0,1
2025,2,76400,0,2,0,1,0
2024,3,98000,0,2,0,1,0
2024,1,70000,0,2,0,1,0
2024,3,272000,100,2,0,1,0
2024,2,156000,0,2,0,1,0
2024,3,175800,0,2,0,1,0
2025,3,225000,100,2,0,1,0
2025,3,104000,0,2,0,1,0
2025,3,126100,0,2,0,1,0
2025,2,70000,0,2,0,1,0
2025,2,85714,0,2,0,1,0
2025,3,137600,0,2,0,1,0
2025,1,50000,0,2,0,1,0
2024,2,130000,0,2,0,1,0
2025,2,133600,0,2,0,1,0
2024,3,355000,0,2,0,1,0
2025,2,149750,100,2,0,1,0
2025,1,120000,0,2,0,1,0
2025,1,126797,0,2,0,1,0
2025,3,110000,100,2,0,1,0
2025,2,100000,0,2,0,1,0
2024,2,168000,0,2,0,1,0
2024,3,180625,100,2,0,1,0
2024,3,304496,100,2,0,1,0
2025,3,210000,0,2,0,1,0
2025,2,81745,0,2,0,1,0
2024,3,204000,100,2,0,1,0
2025,2,110000,100,2,0,1,0
2025,3,103711,100,2,0,1,0
2024,3,180000,0,2,0,1,0
2023,3,127000,0,2,0,1,0
2024,3,125000,0,2,0,1,0
2024,3,120750,0,2,0,1,0
2024,3,258450,0,2,0,1,0
2024,4,150405,0,2,0,1,0
2024,3,143100,0,2,0,1,0
2024,3,156400,100,2,0,1,0
2025,3,138000,0,2,0,1,0
2025,2,70000,0,2,0,1,0
2024,3,264200,0,2,0,1,0
2025,3,110000,100,2,0,1,0
2024,3,164000,0,2,0,1,0
2025,3,88200,0,2,0,1,0
2024,2,85000,100,2,0,1,0
2025,3,79400,0,2,0,1,0
2024,1,97722,100,2,0,1,0
2025,2,135000,0,2,0,1,0
2025,2,86700,0,2,0,1,0
2024,4,170000,0,2,0,1,0
2024,3,185000,100,2,0,1,0
2025,3,192000,0,2,0,1,0
2024,3,160000,0,2,0,1,0
2024,3,191250,0,2,0,1,0
2025,4,295000,0,2,0,1,0
2025,2,83600,100,2,0,1,0
2025,2,114900,0,2,0,1,0
2025,3,135000,0,2,0,1,0
2025,1,132000,0,2,0,1,0
2024,4,332000,0,2,0,1,0
2024,3,160000,100,2,0,1,0
2024,3,109100,0,2,0,1,0
2025,2,80000,0,2,0,1,0
2025,3,135000,0,2,0,1,0
2024,3,293800,0,2,0,1,0
2025,2,100000,0,2,0,1,0
2024,3,169229,0,2,0,1,0
2024,2,175308,0,2,0,1,0
2024,3,245400,0,2,0,1,0
2025,3,200000,100,2,0,1,0
2024,1,45900,100,2,0,1,0
2025,3,227950,0,2,0,1,0
2025,3,165000,0,2,0,1,0
2025,3,286300,0,2,0,1,0
2025,3,133100,0,2,0,1,0
2024,2,200200,0,2,0,1,0
2024,2,85878,0,2,0,1,0
2025,3,224000,0,2,0,1,0
2024,2,68123,0,2,0,1,0
2024,3,152000,100,2,0,1,0
2025,2,40927,100,2,0,1,0
2024,1,166549,0,2,0,1,0
2025,3,235750,0,2,0,1,0
2025,1,90000,0,2,0,1,0
2024,3,136000,0,2,0,1,0
2025,3,200000,0,2,0,1,0
2024,2,185000,0,2,0,1,0
2024,2,36250,0,2,0,1,0
2025,3,289460,0,2,0,1,0
2025,2,156000,0,2,0,1,0
2025,3,107000,0,2,0,1,0
2025,3,204600,0,2,0,1,0
2024,3,199320,0,2,0,1,0
2023,2,120000,100,2,0,1,0
2025,2,68730,100,2,0,1,0
2025,2,155000,100,2,0,1,0
2025,3,115900,0,2,0,1,0
2024,1,208800,0,2,0,1,0
2025,3,302000,0,2,0,1,0
2023,3,130838,0,2,0,1,0
2025,2,138225,0,2,0,1,0
2025,2,70000,0,2,0,1,0
2024,1,355000,0,2,0,1,0
2025,2,118380,0,2,0,1,0
2025,3,120000,0,2,0,1,0
2025,3,156500,0,2,0,1,0
2025,2,82000,0,2,0,1,0
2025,3,138000,0,2,0,1,0
2025,4,281900,0,2,0,1,0
2023,3,221000,0,2,0,1,0
2023,3,103000,0,2,0,1,0
2024,2,200000,0,2,0,1,0
2025,3,314400,0,2,0,1,0
2023,3,95000,100,2,0,1,0
2024,3,257600,0,2,0,1,0
2025,2,62500,0,2,0,1,0
2025,3,220000,0,2,0,1,0
2024,3,160000,0,2,0,1,0
2024,3,160000,100,2,0,1,0
2025,3,90000,0,2,0,1,0
2025,3,222480,0,2,0,1,0
2025,1,107760,0,2,0,1,0
2025,3,120402,0,2,0,1,0
2025,3,184000,0,2,0,1,0
2023,2,167500,0,2,0,1,0
2025,2,173000,0,2,0,1,0
2025,1,112920,0,2,0,1,0
2025,3,250600,0,2,0,1,0
2024,3,260000,0,3,0,1,0
2024,3,161000,0,2,0,1,0
2025,2,170000,0,2,0,1,0
2025,2,178000,0,2,0,1,0
2024,3,122900,0,2,0,1,0
2025,3,148699,0,2,0,1,0
2024,2,359400,100,2,0,1,0
2023,3,175000,100,2,0,1,0
2025,3,110000,0,2,0,1,0
2025,3,136400,0,2,0,1,0
2024,3,148025,0,2,0,1,0
2024,3,180000,0,2,0,1,0
2025,3,160000,0,2,0,1,0
2024,1,65000,100,2,0,1,0
2025,3,105800,100,2,0,1,0
2024,3,130000,100,2,0,1,0
2025,1,76700,0,2,0,1,0
2025,1,75949,0,2,0,1,0
2024,3,150500,0,2,0,1,0
2024,3,165000,0,2,0,1,0
2025,1,55000,0,2,0,1,0
2025,3,161425,0,2,0,1,0
2023,2,90000,100,2,0,1,0
2025,3,36000,0,2,0,1,0
2025,2,173000,0,2,0,1,0
2025,2,225000,100,2,0,1,0
2024,3,158950,0,2,0,1,0
2024,3,115500,0,2,0,1,0
2025,2,178000,0,2,0,1,0
2025,4,250000,100,2,0,1,0
2024,2,94200,0,2,0,1,0
2024,2,150000,0,2,0,1,0
2024,3,87930,0,2,0,1,0
2024,2,140000,0,2,0,1,0
2024,1,140000,0,2,0,1,0
2024,1,70000,100,2,0,1,0
2024,1,90000,0,2,0,1,0
2025,3,99100,0,2,0,1,0
2025,3,240800,0,2,0,1,0
2024,3,166250,100,2,0,1,0
2025,2,194000,100,2,0,1,0
2025,3,144200,0,2,0,1,0
2024,2,37800,100,2,0,1,0
2025,2,155360,0,2,0,1,0
2023,4,185000,0,2,0,1,0
2024,2,85920,0,2,0,1,0
2025,2,75949,0,2,0,1,0
2024,3,214500,0,2,0,1,0
2024,3,139600,100,2,0,1,0
2025,3,720000,0,2,0,1,0
2024,3,149750,100,2,0,1,0
2025,3,213000,0,2,0,1,0
2024,3,160000,100,2,0,1,0
2025,3,160000,100,2,0,1,0
2025,3,124800,0,2,0,1,0
2025,2,132000,0,2,0,1,0
2025,3,75789,0,2,0,1,0
2023,3,370000,0,2,0,1,0
2024,2,123000,0,2,0,1,0
2025,3,87400,0,2,0,1,0
2025,3,115200,0,2,0,1,0
2025,2,157600,0,2,0,1,0
2025,2,115500,0,2,0,1,0
2025,2,65500,0,2,0,1,0
2022,3,25000,100,2,0,1,0
2025,3,160000,100,2,0,1,0
2024,1,71384,0,2,0,1,0
2025,3,329290,0,2,0,1,0
2025,3,212750,0,2,0,1,0
2024,3,106250,0,2,0,1,0
2023,4,225000,100,2,0,1,0
2025,3,205000,100,2,0,1,0
2024,3,190000,100,2,0,1,0
2024,2,240500,0,3,0,1,0
2024,2,58400,0,2,0,1,0
2025,4,87280,0,2,0,1,0
2024,1,59513,0,2,0,1,0
2024,2,138000,0,2,0,1,0
2025,2,105600,100,2,0,1,0
2025,3,150000,0,2,0,1,0
2024,2,222200,0,3,0,1,0
2025,3,150000,0,2,0,1,0
2025,2,116000,0,2,0,1,0
2024,3,148017,100,2,0,1,0
2023,2,140000,100,2,0,1,0
2024,2,75600,0,2,0,1,0
2024,2,94400,0,2,0,1,0
2024,3,106200,0,2,0,1,0
2024,2,99300,0,2,0,1,0
2025,2,105000,0,2,0,1,0
2024,2,69333,0,2,0,1,0
2025,3,85000,0,2,0,1,0
2025,3,79000,0,2,0,1,0
2025,1,123283,0,2,0,1,0
2025,2,222000,100,2,0,1,0
2023,3,172500,0,2,0,1,0
2025,3,219200,0,2,0,1,0
2024,4,200000,0,2,0,1,0
2024,3,130000,100,2,0,1,0
2025,3,56962,0,2,0,1,0
2025,1,184000,0,2,0,1,0
2024,3,141340,0,2,0,1,0
2024,3,148000,0,2,0,1,0
2025,3,250000,0,2,0,1,0
2025,3,178000,0,2,0,1,0
2023,2,104000,0,2,0,1,0
2024,2,79500,0,2,0,1,0
2023,3,199600,0,2,0,1,0
2024,3,130920,0,2,0,1,0
2024,2,56250,0,2,0,1,0
2025,1,78000,0,2,0,1,0
2024,3,264200,0,2,0,1,0
2025,2,240000,100,2,0,1,0
2024,2,75600,100,2,0,1,0
2024,3,105784,0,2,0,1,0
2024,3,175000,0,2,0,1,0
2025,1,48235,0,2,0,1,0
2024,3,130000,0,2,0,1,0
2024,3,450000,0,2,0,1,0
2024,2,62000,0,2,0,1,0
2025,2,219600,0,2,0,1,0
2025,3,163000,0,2,0,1,0
2025,3,163200,0,2,0,1,0
2025,3,152000,0,2,0,1,0
2024,3,126600,0,2,0,1,0
2024,2,83300,0,2,0,1,0
2025,1,48000,0,2,0,1,0
2025,2,80449,0,2,0,1,0
2024,3,123300,0,2,0,1,0
2025,3,203000,0,2,0,1,0
2024,1,120000,0,2,0,1,0
2023,3,300105,0,2,0,1,0
2024,2,115000,100,2,0,1,0
2024,2,179000,0,2,0,1,0
2025,3,85000,0,2,0,1,0
2025,3,144200,0,2,0,1,0
2024,2,106700,0,2,0,1,0
2024,3,120000,100,2,0,1,0
2024,3,100000,0,2,0,1,0
2023,3,130000,0,2,0,1,0
2024,3,135700,0,2,0,1,0
2024,3,282200,0,2,0,1,0
2024,3,87280,0,2,0,1,0
2025,3,560000,0,2,0,1,0
2025,3,94556,0,2,0,1,0
2025,2,223600,0,3,0,1,0
2024,2,86250,0,2,0,1,0
2024,3,70300,0,2,0,1,0
2025,2,150000,0,2,0,1,0
2024,3,119213,100,2,0,1,0
2025,3,211800,100,2,0,1,0
2025,3,113000,0,3,0,1,0
2024,3,229000,0,2,0,1,0
2024,3,160000,0,2,0,1,0
2023,2,195000,0,2,0,1,0
2025,3,146000,0,2,0,1,0
2024,2,105000,0,2,0,1,0
2025,1,114333,0,2,0,1,0
2025,1,90593,0,2,0,1,0
2024,3,351500,100,2,0,1,0
2025,2,158400,0,2,0,1,0
2024,3,99740,0,2,0,1,0
2024,2,78000,0,2,0,1,0
2025,2,90000,0,2,0,1,0
2025,3,270250,0,2,0,1,0
2025,2,48000,0,2,0,1,0
2024,3,257300,0,2,0,1,0
2025,2,109700,100,2,0,1,0
2025,3,143000,0,2,0,1,0
2024,3,241600,0,2,0,1,0
2025,3,63157,100,2,0,1,0
2024,3,208000,0,2,0,1,0
2024,2,125000,0,2,0,1,0
2025,2,92583,0,2,0,1,0
2021,1,76833,100,1,0,1,0
2025,2,60800,0,2,0,1,0
2025,3,100381,0,2,0,1,0
2024,1,117519,0,2,0,1,0
2025,1,634000,0,2,0,1,0
2024,3,276000,0,2,0,1,0
2024,1,62900,0,2,0,1,0
2024,2,143000,0,2,0,1,0
2025,3,331640,0,2,0,1,0
2025,3,305600,100,2,0,1,0
2025,3,93300,0,2,0,1,0
2024,1,150000,0,2,0,1,0
2023,2,46426,0,2,0,1,0
2023,4,174500,100,2,0,1,0
2024,3,120000,0,2,0,1,0
2024,3,165100,0,2,0,1,0
2025,3,85992,0,2,0,1,0
2024,3,168700,0,2,0,1,0
2024,3,151000,100,2,0,1,0
2024,3,196000,0,2,0,1,0
2024,2,72200,0,2,0,1,0
2025,3,228380,0,2,0,1,0
2025,3,52000,0,2,0,1,0
2024,2,140000,0,2,0,1,0
2025,2,171000,0,2,0,1,0
2025,4,232500,0,2,0,1,0
2024,2,168000,0,2,0,1,0
2025,3,192500,0,2,0,1,0
2025,1,240000,0,2,0,1,0
2025,2,130600,0,2,0,1,0
2025,3,160000,0,2,0,1,0
2025,3,104550,0,2,0,1,0
2025,3,157600,100,2,0,1,0
2024,3,213000,0,2,0,1,0
2024,3,177140,0,2,0,1,0
2024,2,77100,0,2,0,1,0
2025,2,172000,0,2,0,1,0
2024,1,75000,0,2,0,1,0
2025,3,163000,0,2,0,1,0
2025,2,41052,0,2,0,1,0
2024,3,110000,0,2,0,1,0
2024,2,210960,0,2,0,1,0
2024,3,149966,0,2,0,1,0
2024,2,104600,0,2,0,1,0
2024,2,90000,100,2,0,1,0
2023,3,222200,0,3,0,1,0
2025,3,136191,0,2,0,1,0
2025,1,84045,0,2,0,1,0
2024,3,235400,100,2,0,1,0
2024,1,142136,0,2,0,1,0
2025,3,210100,100,2,0,1,0
2024,1,42415,0,2,0,1,0
2024,1,57700,0,2,0,1,0
2025,3,230000,0,2,0,1,0
2024,2,127300,0,2,0,1,0
2024,3,150000,0,2,0,1,0
2024,3,131500,0,2,0,1,0
2024,2,54000,0,2,0,1,0
2024,3,220000,100,2,0,1,0
2021,1,24823,50,2,0,1,0
2024,2,110000,0,2,0,1,0
2025,3,220700,0,2,0,1,0
2024,3,87600,0,2,0,1,0
2024,1,171040,0,2,0,1,0
2025,2,136990,0,2,0,1,0
2025,3,218900,0,2,0,1,0
2024,2,71500,100,2,0,1,0
2024,3,138000,0,2,0,1,0
2024,3,116800,0,2,0,1,0
2025,3,90714,100,2,0,1,0
2025,3,79400,0,2,0,1,0
2025,1,250000,0,2,0,1,0
2024,3,246000,100,2,0,1,0
2025,3,140000,0,2,0,1,0
2024,2,95000,0,2,0,1,0
2024,3,126444,0,2,0,1,0
2025,3,135000,100,2,0,1,0
2023,1,80000,0,2,0,1,0
2025,3,178000,0,2,0,1,0
2025,2,153600,0,2,0,1,0
2024,1,150400,0,2,0,1,0
2025,2,70000,100,2,0,1,0
2025,1,130650,0,2,0,1,0
2024,3,170000,100,2,0,1,0
2025,3,204500,0,2,0,1,0
2025,2,65000,100,2,0,1,0
2024,3,395280,0,2,0,1,0
2025,3,107675,0,2,0,1,0
2025,3,191500,0,2,0,1,0
2024,1,137000,0,2,0,1,0
2025,3,306000,0,2,0,1,0
2024,2,74270,0,2,0,1,0
2025,2,65500,0,2,0,1,0
2024,3,225000,0,2,0,1,0
2024,3,85000,0,2,0,1,0
2024,3,220000,100,2,0,1,0
2023,3,183500,100,2,0,1,0
2025,2,160000,100,2,0,1,0
2024,3,130000,0,2,0,1,0
2024,2,154500,0,2,0,1,0
2025,2,250000,0,2,0,1,0
2024,2,140000,0,2,0,1,0
2025,3,222772,0,2,0,1,0
2024,3,190000,0,2,0,1,0
2025,3,70907,0,2,0,1,0
2024,3,200000,0,2,0,1,0
2025,2,165000,0,2,0,1,0
2024,3,272400,0,2,0,1,0
2025,2,124000,0,2,0,1,0
2024,2,33750,0,2,0,1,0
2025,2,145000,0,2,0,1,0
2025,1,90000,100,2,0,1,0
2024,2,158600,0,2,0,1,0
2024,4,255000,0,2,0,1,0
2024,3,225500,0,2,0,1,0
2025,2,58000,0,2,0,1,0
2024,3,269640,100,2,0,1,0
2023,2,103000,0,2,0,1,0
2024,3,345000,0,2,0,1,0
2025,3,200000,0,2,0,1,0
2025,3,178090,100,2,0,1,0
2024,3,131712,0,2,0,1,0
2025,1,89000,0,2,0,1,0
2025,3,140000,0,2,0,1,0
2024,3,175800,0,2,0,1,0
2024,2,126300,100,2,0,1,0
2024,3,126000,100,2,0,1,0
2025,2,88000,0,2,0,1,0
2024,3,250200,0,2,0,1,0
2023,3,201700,0,2,0,1,0
2025,3,142000,0,2,0,1,0
2025,3,205600,0,3,0,1,0
2025,3,166000,0,2,0,1,0
2025,3,101000,0,2,0,1,0
2025,3,115900,0,2,0,1,0
2025,3,199295,100,2,0,1,0
2025,3,171000,0,2,0,1,0
2025,3,233625,0,2,0,1,0
2023,3,205500,0,2,0,1,0
2025,2,90500,0,2,0,1,0
2025,2,182600,0,2,0,1,0
2024,2,127000,0,2,0,1,0
2024,3,139300,0,2,0,1,0
2025,3,140000,100,2,0,1,0
2025,1,90600,0,2,0,1,0
2024,2,179000,0,2,0,1,0
2024,3,183600,100,2,0,1,0
2024,3,96700,0,2,0,1,0
2024,3,284400,0,2,0,1,0
2024,3,312200,0,2,0,1,0
2023,3,188500,100,2,0,1,0
2025,1,110000,0,2,0,1,0
2025,2,120000,0,2,0,1,0
2025,3,166000,0,2,0,1,0
2025,2,73700,0,2,0,1,0
2025,2,175000,0,2,0,1,0
2024,3,100000,100,2,0,1,0
2023,3,75000,100,2,0,1,0
2025,1,70066,100,2,0,1,0
2025,2,72000,0,2,0,1,0
2023,4,116704,100,2,0,1,0
2025,3,82000,0,2,0,1,0
2024,2,300000,0,2,0,1,0
2025,3,227000,0,2,0,1,0
2024,3,131250,0,2,0,1,0
2025,2,156000,0,2,0,0,0
2024,2,230000,0,2,0,1,0
2024,3,170000,0,2,0,1,0
2025,3,146000,0,2,0,1,0
2022,3,210000,100,2,0,1,0
2025,2,108900,0,2,0,1,0
2023,3,84750,0,2,0,1,0
2025,3,167200,0,2,0,1,0
2025,2,180000,0,2,0,1,0
2023,2,82254,100,3,0,1,0
2020,1,47899,0,3,0,1,0
2025,3,143500,0,2,0,1,0
2025,1,63291,100,2,0,1,0
2024,2,160000,0,2,0,1,0
2025,3,170000,100,2,0,1,0
2025,2,119000,0,2,0,1,0
2025,2,131000,100,2,0,1,0
2023,3,130000,100,2,0,1,0
2025,3,280000,100,2,0,1,0
2024,1,55381,0,2,0,1,0
2023,3,275300,100,2,0,1,0
2024,3,276000,0,2,0,1,0
2025,2,100000,0,2,0,1,0
2025,3,158000,0,2,0,1,0
2024,3,148000,0,2,0,1,0
2025,3,609200,0,2,0,1,0
2025,3,143000,0,2,0,1,0
2025,2,82100,100,2,0,1,0
2024,3,127700,0,2,0,1,0
2024,3,134500,0,2,0,1,0
2024,2,60000,0,2,0,1,0
2025,3,109650,100,2,0,1,0
2025,3,154000,0,2,0,1,0
2024,3,125000,0,2,0,1,0
2025,1,140000,0,2,0,1,0
2023,2,128000,0,2,0,1,0
2025,4,422500,0,2,0,1,0
2025,4,124250,0,2,0,1,0
2025,3,140000,100,2,0,1,0
2025,3,385000,100,2,0,1,0
2025,3,138000,0,2,0,1,0
2025,3,64332,0,2,0,1,0
2023,2,145000,100,2,0,1,0
2024,3,242000,0,2,0,1,0
2023,3,242000,0,2,0,1,0
2024,3,295490,0,2,0,1,0
2024,4,233100,0,2,0,1,0
2024,2,143000,100,2,0,1,0
2024,3,166000,0,2,0,1,0
2024,3,138000,0,2,0,1,0
2025,2,70000,0,2,0,1,0
2024,3,155600,0,2,0,1,0
2024,3,189100,100,2,0,1,0
2025,2,369000,0,2,0,1,0
2025,3,261500,0,3,0,1,0
2024,1,133000,0,2,0,1,0
2025,3,114900,0,2,0,1,0
2025,3,143100,0,2,0,1,0
2024,3,180000,100,2,0,1,0
2024,3,96400,0,2,0,1,0
2025,4,250000,0,2,0,1,0
2025,2,151000,0,2,0,1,0
2025,3,224000,0,2,0,1,0
2025,3,180000,0,2,0,1,0
2024,2,100000,0,2,0,1,0
2024,3,166000,0,2,0,1,0
2025,2,95000,0,2,0,1,0
2025,2,110000,0,2,0,1,0
2024,3,294000,0,2,0,1,0
2024,3,127000,100,2,0,1,0
2023,2,166000,0,2,0,1,0
2025,2,163000,0,2,0,1,0
2025,3,170000,0,2,0,1,0
2024,2,125000,0,2,0,1,0
2024,3,202950,100,2,0,1,0
2023,3,132000,100,2,0,1,0
2025,2,223400,0,3,0,1,0
2025,3,127000,0,2,0,1,0
2024,3,227500,100,2,0,1,0
2024,3,312866,0,2,0,1,0
2024,3,160000,0,2,0,1,0
2023,3,96200,0,2,0,1,0
2024,2,64700,100,2,0,1,0
2025,3,100800,0,2,0,1,0
2025,3,100000,0,2,0,1,0
2024,3,198500,0,2,0,1,0
2025,3,160000,0,2,0,1,0
2024,3,232000,0,2,0,1,0
2025,2,110000,0,2,0,1,0
2024,3,127500,100,2,0,1,0
2025,1,89000,0,2,0,1,0
2024,2,105000,100,2,0,1,0
2024,3,168000,0,2,0,1,0
2024,3,122400,0,2,0,1,0
2024,3,154000,100,2,0,1,0
2022,2,109000,0,2,0,1,0
2024,2,181250,0,2,0,1,0
2024,3,160000,0,2,0,1,0
2024,3,220900,0,2,0,1,0
2025,3,104200,0,2,0,1,0
2025,1,94736,0,2,0,1,0
2024,2,288000,0,2,0,1,0
2024,3,231000,100,2,0,1,0
2025,3,110000,0,2,0,1,0
2024,1,45500,0,2,0,1,0
2023,2,200000,0,2,0,1,0
2024,3,297900,0,2,0,1,0
2025,3,40000,0,2,0,1,0
2024,2,60300,0,2,0,1,0
2025,2,197200,0,2,0,1,0
2025,2,117279,0,2,0,1,0
2024,2,130680,100,2,0,1,0
2024,3,185000,100,2,0,1,0
2025,3,116000,100,2,0,1,0
2025,2,79700,100,2,0,1,0
2024,3,280000,0,2,0,1,0
2024,2,115000,0,2,0,1,0
2025,3,184000,0,2,0,1,0
2025,2,80000,0,2,0,1,0
2024,2,120000,0,2,0,1,0
2024,3,160800,0,2,0,1,0
2024,3,123000,0,2,0,1,0
2023,3,260000,0,3,0,1,0
2025,1,170000,0,2,0,1,0
2024,2,140000,0,2,0,1,0
2025,3,170000,0,2,0,1,0
2024,2,79000,0,2,0,1,0
2025,1,31253,0,2,0,1,0
2025,2,140000,0,2,0,1,0
2023,3,226500,100,2,0,1,0
2024,1,70000,100,2,0,1,0
2024,2,166000,0,2,0,1,0
2024,2,200000,0,2,0,1,0
2023,2,107500,0,2,0,1,0
2024,2,59000,100,2,0,1,0
2024,3,129400,0,3,0,1,0
2024,3,123200,100,2,0,1,0
2025,3,117728,100,2,0,1,0
2024,3,257000,0,2,0,1,0
2024,2,222200,0,3,0,1,0
2023,1,92280,0,2,0,1,0
2024,2,189000,0,2,0,1,0
2025,3,157000,100,2,0,1,0
2024,3,186846,0,2,0,1,0
2025,1,136800,0,2,0,1,0
2024,2,172200,100,2,0,1,0
2025,1,60000,0,2,0,1,0
2023,2,180000,0,2,0,1,0
2024,1,355000,0,2,0,1,0
2025,3,216000,0,2,0,1,0
2025,3,170000,0,2,0,1,0
2025,3,136000,0,3,0,1,0
2025,2,364254,100,2,0,1,0
2024,3,211500,0,2,0,1,0
2023,3,145900,0,2,0,1,0
2025,3,195000,0,2,0,1,0
2024,3,252000,0,2,0,1,0
2023,3,152500,0,2,0,1,0
2024,2,168520,0,2,0,1,0
2023,3,129300,0,2,0,1,0
2024,3,135000,0,2,0,1,0
2023,3,165000,0,2,0,1,0
2024,3,192500,100,2,0,1,0
2024,3,110760,0,2,0,1,0
2024,1,90000,0,2,0,1,0
2024,2,265200,0,2,0,1,0
2024,4,175800,0,2,0,1,0
2024,3,140000,0,2,0,1,0
2024,2,173000,0,2,0,1,0
2024,3,160000,100,2,0,1,0
2025,2,144000,0,2,0,1,0
2024,3,243500,0,2,0,1,0
2025,3,246400,0,2,0,1,0
2024,3,110700,0,2,0,1,0
2025,3,176000,0,2,0,1,0
2024,3,127890,100,2,0,1,0
2024,3,189000,0,2,0,1,0
2024,3,246500,0,2,0,1,0
2025,3,208000,0,2,0,1,0
2024,3,337000,0,2,0,1,0
2024,3,188500,0,2,0,1,0
2024,3,150000,0,2,0,1,0
2024,3,138000,0,2,0,1,0
2025,3,125900,0,2,0,1,0
2025,1,130000,0,2,0,1,0
2024,3,188640,0,2,0,1,0
2025,2,264200,0,2,0,1,0
2025,3,69938,100,2,0,1,0
2024,3,59923,0,2,0,1,0
2025,2,57484,0,2,0,1,0
2023,3,135000,100,2,0,1,0
2024,2,213000,0,2,0,1,0
2025,3,80000,100,2,0,1,0
2024,3,149250,0,2,0,1,0
2024,3,144606,0,2,0,1,0
2024,2,63333,100,1,0,0,0
2025,3,163125,0,2,0,1,0
2025,3,230000,100,2,0,1,0
2025,3,146000,0,2,0,1,0
2024,2,250104,0,2,0,1,0
2025,2,101996,0,2,0,1,0
2025,2,104000,0,2,0,1,0
2025,3,181000,0,2,0,1,0
2025,3,230160,0,2,0,1,0
2025,2,169747,0,2,0,1,0
2024,3,175300,0,2,0,1,0
2024,3,355000,0,2,0,1,0
2025,3,166024,0,2,0,1,0
2024,3,170000,100,2,0,1,0
2025,2,100000,0,2,0,1,0
2024,2,166000,0,2,0,1,0
2025,2,77600,0,2,0,1,0
2025,3,385000,0,2,0,1,0
2025,3,260000,0,2,0,1,0
2025,3,138900,0,2,0,1,0
2025,3,139296,0,2,0,1,0
2025,3,79000,0,2,0,1,0
2025,3,162000,0,2,0,1,0
2024,3,239748,0,2,0,1,0
2024,3,220000,0,2,0,1,0
2025,3,200400,0,2,0,1,0
2024,3,315850,0,2,0,1,0
2024,2,75100,0,2,0,1,0
2025,1,135000,0,2,0,1,0
2025,3,268900,0,2,0,1,0
2023,3,278700,0,2,0,1,0
2024,1,99385,100,2,0,1,0
2025,3,160000,100,2,0,1,0
2024,3,133000,0,2,0,1,0
2025,3,202000,0,2,0,1,0
2024,3,200000,100,2,0,1,0
2024,2,130000,0,2,0,1,0
2024,3,173000,0,2,0,1,0
2024,1,38750,0,2,0,1,0
2025,4,107120,0,2,0,1,0
2024,2,120000,0,2,0,1,0
2021,1,81000,50,1,0,1,0
2024,3,260000,0,3,0,1,0
2024,3,220000,0,2,0,1,0
2024,3,128300,0,2,0,1,0
2024,3,66666,0,2,0,1,0
2024,3,185000,100,2,0,1,0
2025,3,139477,100,2,0,1,0
2024,2,117000,0,2,0,1,0
2024,3,81500,0,2,0,1,0
2024,3,125640,0,2,0,1,0
2025,2,150000,0,2,0,1,0
2024,3,95000,100,2,0,1,0
2025,3,141700,0,2,0,1,0
2025,2,202500,100,2,0,1,0
2024,2,160425,0,2,0,1,0
2024,3,95264,0,2,0,1,0
2025,1,60000,100,2,0,1,0
2024,3,200000,100,2,0,1,0
2024,1,92000,0,2,0,1,0
2024,3,160000,100,2,0,1,0
2025,2,53400,100,2,0,1,0
2025,3,200000,0,2,0,1,0
2023,3,142200,0,2,0,1,0
2025,2,130000,0,2,0,1,0
2025,3,240300,0,2,0,1,0
2024,3,74800,100,2,0,1,0
2024,3,130000,0,2,0,1,0
2024,3,190000,0,2,0,1,0
2025,2,179000,0,2,0,1,0
2024,1,32500,0,2,0,1,0
2024,3,77777,0,2,0,1,0
2024,3,177000,0,2,0,1,0
2025,3,157500,0,2,0,1,0
2024,2,72200,0,2,0,1,0
2024,3,113600,0,2,0,1,0
2025,2,44450,0,2,0,1,0
2024,3,124800,0,2,0,1,0
2025,2,225000,100,2,0,1,0
2025,2,157200,100,2,0,1,0
2025,3,146350,0,2,0,1,0
2023,3,285000,0,2,0,1,0
2024,1,90000,0,2,0,1,0
2024,3,208000,0,2,0,1,0
2024,3,200000,0,2,0,1,0
2024,1,75600,0,2,0,1,0
2024,4,243000,0,2,0,1,0
2025,1,44210,0,2,0,1,0
2024,2,129600,100,2,0,1,0
2025,3,140000,0,2,0,1,0
2024,2,132324,100,2,0,1,0
2024,3,92500,0,2,0,1,0
2025,3,92857,0,2,0,1,0
2024,2,200000,100,2,0,1,0
2025,3,218900,0,2,0,1,0
2024,2,111826,0,2,0,1,0
2024,1,250000,0,2,0,1,0
2024,2,30000,100,2,0,1,0
2024,2,212780,0,2,0,1,0
2024,2,154800,0,2,0,1,0
2025,2,79320,0,2,0,1,0
2023,2,25912,100,1,0,1,0
2023,3,149200,100,2,0,1,0
2025,2,146520,0,2,0,1,0
2025,1,76700,0,2,0,1,0
2025,3,149880,0,2,0,1,0
2023,3,162000,0,2,0,1,0
2025,1,63157,50,3,0,1,0
2024,3,120000,0,2,0,1,0
2024,1,150000,0,2,0,1,0
2025,3,188200,0,3,0,1,0
2024,3,108557,0,2,0,1,0
2025,3,246750,0,2,0,1,0
2024,2,200000,0,2,0,1,0
2024,3,312200,0,2,0,1,0
2025,3,91127,0,2,0,1,0
2023,3,85000,0,2,0,1,0
2025,3,125200,0,2,0,1,0
2025,1,37500,0,2,0,1,0
2025,1,85000,0,2,0,1,0
2025,2,73300,0,2,0,1,0
2024,1,100000,0,2,0,1,0
2024,2,185000,0,2,0,1,0
2024,2,94600,0,2,0,1,0
2025,3,110000,100,2,0,1,0
2024,3,202000,0,2,0,1,0
2025,4,260000,100,2,0,1,0
2025,3,54392,0,2,0,1,0
2023,3,245000,0,2,0,1,0
2023,3,76500,0,2,0,1,0
2025,3,265505,0,2,0,1,0
2025,3,280600,0,2,0,1,0
2025,3,143100,0,2,0,1,0
2023,2,177000,0,2,0,1,0
2025,3,150000,0,2,0,1,0
2024,3,307900,0,3,0,1,0
2024,1,264200,0,2,0,1,0
2025,4,223900,0,2,0,1,0
2025,3,265000,0,2,0,1,0
2025,3,261000,0,2,0,1,0
2024,3,163200,0,2,0,1,0
2024,2,60000,100,2,0,1,0
2025,3,85000,0,2,0,1,0
2024,3,209600,0,2,0,1,0
2024,2,132100,0,2,0,1,0
2025,2,78500,0,2,0,1,0
2025,1,109118,100,2,0,1,0
2025,1,85000,0,2,0,1,0
2024,3,208000,0,2,0,1,0
2024,2,103000,0,2,0,1,0
2025,4,183544,0,2,0,1,0
2024,1,84700,0,2,0,1,0
2024,1,62946,0,2,0,1,0
2025,3,110000,100,2,0,1,0
2023,3,113000,0,2,0,1,0
2024,2,77000,100,2,0,1,0
2024,1,232222,0,2,0,1,0
2024,3,250000,0,2,0,1,0
2025,3,102900,0,2,0,1,0
2024,3,148600,0,2,0,1,0
2025,2,136000,0,3,0,1,0
2024,3,152320,100,2,0,1,0
2024,2,100000,0,2,0,1,0
2025,2,95000,100,2,0,1,0
2025,3,210000,0,2,0,1,0
2025,3,141400,0,2,0,1,0
2024,3,105000,100,2,0,1,0
2024,3,130295,0,2,0,1,0
2025,3,184000,0,2,0,1,0
2025,2,81900,0,2,0,1,0
2024,2,115000,0,2,0,1,0
2024,3,192500,100,2,0,1,0
2025,3,223600,0,2,0,1,0
2024,2,125000,100,2,0,1,0
2024,2,140000,0,2,0,1,0
2024,3,170760,0,2,0,1,0
2025,2,291800,0,2,0,1,0
2024,3,234700,0,2,0,1,0
2025,2,198000,0,2,0,1,0
2025,2,140000,0,2,0,1,0
2025,2,190400,0,2,0,1,0
2024,3,140300,0,2,0,1,0
2024,1,50000,0,2,0,1,0
2025,2,177000,0,2,0,1,0
2024,3,140713,0,2,0,1,0
2024,3,151300,0,2,0,1,0
2025,3,150000,0,2,0,1,0
2025,2,110000,0,2,0,1,0
2024,3,132000,0,2,0,1,0
2024,3,80000,100,2,0,1,0
2024,3,145000,0,2,0,1,0
2025,1,156450,100,2,0,1,0
2025,3,86000,0,2,0,1,0
2024,3,150000,0,2,0,1,0
2024,3,138080,0,2,0,1,0
2024,3,337250,0,2,0,1,0
2025,2,160000,100,2,0,1,0
2025,3,147472,0,2,0,1,0
2025,1,53164,0,2,0,1,0
2024,3,100000,0,2,0,1,0
2025,3,251600,0,2,0,1,0
2023,3,150000,100,2,0,1,0
2024,3,311900,0,2,0,1,0
2025,2,177000,0,2,0,1,0
2025,3,111613,0,2,0,1,0
2024,3,257600,0,2,0,1,0
2024,2,115000,0,2,0,1,0
2025,2,47000,100,2,0,1,0
2024,2,294300,0,2,0,1,0
2025,2,25263,0,2,0,1,0
2024,3,226500,0,3,0,1,0
2024,2,200000,0,2,0,1,0
2024,3,250000,0,2,0,1,0
2024,3,145000,0,2,0,1,0
2024,3,170000,0,2,0,1,0
2024,3,166000,0,2,0,1,0
2024,2,75600,0,2,0,1,0
2024,2,82999,0,2,0,1,0
2024,4,195000,0,2,0,1,0
2025,2,118800,0,2,0,1,0
2025,1,93000,0,2,0,1,0
2024,3,200000,0,2,0,1,0
2024,3,117000,0,2,0,1,0
2025,2,167500,0,2,0,1,0
2025,3,230000,0,2,0,1,0
2025,3,217200,0,2,0,1,0
2024,3,190000,0,2,0,1,0
2025,1,47840,0,2,0,1,0
2025,3,179100,0,2,0,1,0
2024,1,97722,100,2,0,1,0
2024,3,95000,0,2,0,1,0
2023,3,258000,0,2,0,1,0
2025,3,234000,0,2,0,1,0
2024,3,222634,0,2,0,1,0
2025,3,110000,0,2,0,1,0
2025,3,179000,0,2,0,1,0
2025,2,75000,0,2,0,1,0
2024,2,203350,0,2,0,1,0
2024,2,40000,0,2,0,1,0
2024,3,250000,0,2,0,1,0
2024,1,75941,0,2,0,1,0
2025,3,235000,100,2,0,1,0
2023,3,140000,0,2,0,1,0
2025,3,120000,0,2,0,1,0
2025,4,188100,0,2,0,1,0
2024,3,175800,0,2,0,1,0
2024,2,220000,0,2,0,1,0
2024,3,141418,0,2,0,1,0
2025,2,63000,0,2,0,1,0
2024,2,268484,100,2,0,1,0
2025,2,180959,100,2,0,1,0
2025,3,114000,0,2,0,1,0
2025,3,300000,0,2,0,1,0
2025,3,160000,100,2,0,1,0
2025,3,294000,0,2,0,1,0
2025,3,205000,0,2,0,1,0
2024,3,140000,0,2,0,1,0
2025,2,177000,0,2,0,1,0
2024,2,170000,0,2,0,1,0
2024,3,124000,0,2,0,1,0
2025,4,140000,0,2,0,1,0
2024,3,108500,100,2,0,1,0
2025,3,270400,0,2,0,1,0
2025,2,144000,0,2,0,1,0
2023,3,94000,100,2,0,1,0
2024,3,78800,100,2,0,1,0
2024,3,124400,0,2,0,1,0
2025,3,223000,0,2,0,1,0
2024,3,175000,0,2,0,1,0
2024,2,175800,0,2,0,1,0
2025,3,146000,0,2,0,1,0
2024,3,160000,100,2,0,1,0
2024,3,175000,100,2,0,1,0
2025,3,225000,100,2,0,1,0
2024,2,89600,0,3,0,1,0
2025,3,124000,100,2,0,1,0
2024,3,87280,0,2,0,1,0
2025,3,143320,0,2,0,1,0
2024,2,212800,0,3,0,1,0
2025,2,175000,0,2,0,1,0
2024,3,194000,0,2,0,1,0
2025,2,98300,0,2,0,1,0
2024,3,60341,0,2,0,1,0
2024,3,118500,0,2,0,1,0
2024,3,62000,100,2,0,1,0
2024,3,131675,0,2,0,1,0
2025,3,170400,0,2,0,1,0
2025,2,166000,0,2,0,1,0
2024,2,161000,0,2,0,1,0
2024,3,190000,0,2,0,1,0
2024,3,113840,0,2,0,1,0
2024,3,156000,0,2,0,1,0
2025,3,170000,0,2,0,1,0
2025,1,66979,0,2,0,1,0
2025,2,156000,0,2,0,1,0
2024,2,81500,0,2,0,1,0
2024,3,206250,100,2,0,1,0
2025,3,146000,0,2,0,1,0
2024,3,176500,0,2,0,1,0
2025,3,78947,0,2,0,1,0
2024,3,211000,0,2,0,1,0
2025,4,350000,0,2,0,1,0
2025,1,92100,0,2,0,1,0
2025,3,173000,0,2,0,1,0
2024,2,121800,0,2,0,1,0
2025,3,103800,0,2,0,1,0
2025,2,290000,0,2,0,1,0
2024,3,116000,0,2,0,1,0
2025,2,223600,0,3,0,1,0
2024,2,408000,0,2,0,1,0
2025,2,250000,0,2,0,1,0
2025,3,105740,0,2,0,1,0
2025,3,145600,0,2,0,1,0
2024,2,252000,0,2,0,1,0
2025,3,111980,0,2,0,1,0
2024,2,240240,0,2,0,1,0
2025,1,106000,100,2,0,1,0
2024,3,379500,100,2,0,1,0
2024,3,147500,100,2,0,1,0
2024,3,178418,0,2,0,1,0
2024,3,211000,0,2,0,1,0
2025,3,122000,0,2,0,1,0
2025,2,162000,0,2,0,1,0
2024,3,133000,0,2,0,1,0
2025,2,58000,0,2,0,0,1
2024,3,201900,0,2,0,1,0
2024,4,243000,0,2,0,1,0
2025,3,254000,0,2,0,1,0
2024,1,112200,0,2,0,1,0
2025,3,99500,0,2,0,1,0
2024,2,209369,100,2,0,1,0
2025,3,215000,0,2,0,1,0
2024,3,100000,0,2,0,1,0
2024,2,70000,0,2,0,1,0
2024,3,140000,0,2,0,1,0
2024,3,137600,0,2,0,1,0
2025,2,270000,0,2,0,1,0
2025,3,175000,100,2,0,1,0
2024,3,138000,0,2,0,1,0
2024,1,47840,0,2,0,1,0
2024,2,112500,100,2,0,1,0
2024,2,450000,0,2,0,1,0
2024,3,360000,0,2,0,1,0
2024,3,183000,100,2,0,1,0
2025,3,187000,0,2,0,1,0
2025,3,322875,0,2,0,1,0
2024,2,115000,0,2,0,1,0
2025,1,80000,0,2,0,1,0
2024,2,200000,0,2,0,1,0
2025,3,156000,100,2,0,1,0
2025,2,223600,0,3,0,1,0
2024,1,83333,0,2,0,1,0
2024,3,117000,0,2,0,1,0
2023,1,160000,0,2,0,1,0
2024,3,53333,0,2,0,1,0
2025,2,136800,0,2,0,1,0
2024,3,198000,0,2,0,1,0
2025,1,86000,0,2,0,1,0
2025,2,78000,100,2,0,1,0
2025,4,251750,0,2,0,1,0
2024,3,210000,0,2,0,1,0
2024,2,87500,0,2,0,1,0
2025,3,118600,0,2,0,1,0
2024,1,84000,0,2,0,1,0
2024,3,109800,0,2,0,1,0
2025,2,126100,0,2,0,1,0
2025,3,145000,100,2,0,1,0
2024,3,49183,0,2,0,1,0
2025,3,213480,0,2,0,1,0
2024,3,170000,0,2,0,1,0
2023,2,87500,100,2,0,1,0
2024,2,120000,100,2,0,1,0
2025,3,200000,0,2,0,1,0
2025,3,184300,0,2,0,1,0
2024,3,126802,100,2,0,1,0
2023,1,80000,100,2,0,1,0
2024,3,120000,0,2,0,1,0
2024,3,120000,0,2,0,1,0
2025,2,76650,0,2,0,1,0
2024,2,66000,0,2,0,1,0
2025,3,216000,0,2,0,1,0
2025,2,160000,0,2,0,1,0
2025,2,103110,0,2,0,1,0
2025,3,223000,100,2,0,1,0
2025,2,182000,0,2,0,1,0
2024,3,120000,0,2,0,1,0
2025,3,124200,0,2,0,1,0
2024,3,143100,0,2,0,1,0
2025,2,75000,0,2,0,1,0
2024,2,370000,0,2,0,1,0
2025,2,85000,100,2,0,1,0
2024,2,123000,0,2,0,1,0
2024,2,76960,0,2,0,1,0
2025,3,130000,0,2,0,1,0
2025,1,23086,0,2,0,1,0
2024,3,131400,0,2,0,1,0
2025,2,120000,100,2,0,1,0
2025,3,180000,100,2,0,1,0
2024,1,80000,0,2,0,1,0
2025,2,130000,0,2,0,1,0
2025,2,225000,100,2,0,1,0
2024,2,152375,100,2,0,1,0
2024,2,110000,0,2,0,1,0
2025,3,104452,100,2,0,1,0
2025,3,177000,0,2,0,1,0
2024,2,208800,0,2,0,1,0
2024,2,120000,0,2,0,1,0
2023,3,267720,0,2,0,1,0
2025,3,58000,0,2,0,1,0
2025,2,200000,0,2,0,1,0
2025,2,177000,0,2,0,1,0
2025,2,85000,0,2,0,1,0
2024,3,300000,0,2,0,1,0
2024,3,269100,0,2,0,1,0
2023,3,118800,100,2,0,1,0
2024,1,120000,0,2,0,1,0
2025,3,291000,0,2,0,1,0
2024,3,45000,0,2,0,1,0
2024,2,80477,0,3,0,1,0
2024,2,109000,100,2,0,1,0
2025,4,164900,0,2,0,1,0
2024,3,251000,0,2,0,1,0
2024,3,215000,0,2,0,1,0
2024,2,74000,0,2,0,1,0
2024,3,160000,100,2,0,1,0
2025,3,218900,0,2,0,1,0
2025,2,251000,0,2,0,1,0
2024,3,200000,100,2,0,1,0
2024,3,150000,100,2,0,1,0
2024,3,125821,0,2,0,1,0
2025,1,68000,0,2,0,1,0
2025,2,80000,0,2,0,1,0
2025,2,130000,0,2,0,1,0
2025,3,162400,0,2,0,1,0
2024,1,168150,0,2,0,1,0
2024,3,110000,0,2,0,1,0
2025,1,120000,100,2,0,0,0
2025,4,130200,0,2,0,1,0
2025,3,146000,0,2,0,1,0
2024,3,102000,0,2,0,1,0
2024,3,100000,100,2,0,1,0
2025,3,160200,100,2,0,1,0
2025,2,93000,100,2,0,1,0
2025,3,184000,0,2,0,1,0
2024,2,240240,0,2,0,1,0
2025,3,126000,0,2,0,1,0
2024,3,201000,0,2,0,1,0
2024,2,184808,100,2,0,1,0
2024,3,212000,0,2,0,1,0
2024,3,204600,0,2,0,1,0
2024,3,167537,0,2,0,1,0
2025,1,152500,0,2,0,1,0
2025,2,55439,0,2,0,1,0
2025,3,145000,0,2,0,1,0
2024,1,75600,0,2,0,1,0
2024,3,190000,0,2,0,1,0
2025,3,63500,0,2,0,1,0
2024,2,81250,0,2,0,1,0
2024,2,105700,0,2,0,1,0
2025,2,214032,0,2,0,1,0
2024,2,69957,0,2,0,1,0
2024,1,260100,100,2,0,1,0
2025,3,95795,100,2,0,1,0
2025,2,125409,0,2,0,1,0
2025,2,175000,0,2,0,1,0
2024,2,200000,0,2,0,1,0
2023,3,197000,100,2,0,1,0
2024,2,115256,0,2,0,1,0
2025,3,166000,0,2,0,1,0
2025,3,166000,0,2,0,1,0
2025,3,157100,0,2,0,1,0
2025,1,82000,0,2,0,1,0
2024,1,93295,0,2,0,1,0
2024,3,97000,0,2,0,1,0
2025,2,31175,100,2,0,1,0
2025,3,130000,0,2,0,1,0
2024,3,140000,100,2,0,1,0
2024,3,191000,0,2,0,1,0
2025,2,136000,0,3,0,1,0
2023,3,142000,0,2,0,1,0
2024,3,100000,0,2,0,1,0
2025,3,264400,0,2,0,1,0
2025,3,125760,0,2,0,1,0
2025,2,110380,0,2,0,1,0
2025,3,425500,0,2,0,1,0
2025,2,88000,0,2,0,1,0
2024,3,223000,100,2,0,1,0
2024,3,148000,100,2,0,1,0
2025,2,125000,0,2,0,1,0
2025,2,88607,0,2,0,1,0
2025,3,116500,0,2,0,1,0
2025,2,180800,0,2,0,1,0
2024,2,80000,0,2,0,1,0
2024,2,110000,100,2,0,1,0
2025,3,260000,0,2,0,1,0
2025,3,150000,0,2,0,1,0
2025,3,150000,0,2,0,1,0
2024,3,117200,0,2,0,1,0
2025,3,88200,0,2,0,1,0
2025,2,120000,100,2,0,1,0
2024,4,179000,0,2,0,1,0
2024,1,131000,0,2,0,1,0
2024,3,121000,100,2,0,1,0
2024,1,77000,0,2,0,1,0
2024,3,277000,0,2,0,1,0
2023,3,107400,0,2,0,1,0
2024,3,160500,0,2,0,1,0
2024,3,229300,0,2,0,1,0
2025,2,370000,0,2,0,1,0
2025,3,118094,100,2,0,1,0
2024,1,36000,0,2,0,1,0
2024,3,132300,0,2,0,1,0
2025,2,175000,0,2,0,1,0
2023,3,170000,100,3,0,1,0
2024,2,160000,0,2,0,0,0
2025,3,169000,0,2,0,1,0
2024,2,149300,0,2,0,1,0
2025,2,231250,0,2,0,1,0
2024,2,96800,0,2,0,1,0
2025,1,64100,0,2,0,1,0
2025,2,215000,0,2,0,1,0
2025,3,161289,100,2,0,1,0
2024,3,257000,0,2,0,1,0
2025,3,135000,0,2,0,1,0
2025,1,130800,0,2,0,1,0
2025,3,62700,0,2,0,1,0
2025,3,151000,0,2,0,1,0
2024,3,127000,0,2,0,1,0
2024,2,215000,0,2,0,1,0
2025,2,100000,100,2,0,1,0
2025,1,100000,0,2,0,1,0
2025,1,69900,0,2,0,1,0
2024,1,230000,0,2,0,1,0
2024,3,142000,0,2,0,1,0
2024,3,219300,0,2,0,1,0
2024,4,150000,0,2,0,1,0
2024,3,96600,0,2,0,1,0
2024,2,83400,0,2,0,1,0
2023,3,175000,0,2,0,1,0
2025,2,217200,0,2,0,1,0
2025,3,192050,0,2,0,1,0
2025,3,231000,0,2,0,1,0
2024,3,300200,0,2,0,1,0
2025,3,150100,0,2,0,1,0
2024,2,136800,0,2,0,1,0
2024,3,268700,0,2,0,1,0
2025,2,215000,0,2,0,1,0
2025,2,130000,0,2,0,1,0
2024,3,148000,0,2,0,1,0
2025,2,173000,0,2,0,1,0
2024,1,83646,0,2,0,1,0
2023,3,234900,0,2,0,1,0
2024,2,129000,0,2,0,1,0
2024,3,186000,0,2,0,1,0
2022,3,93700,100,2,0,1,0
2023,2,250000,0,2,0,1,0
2025,3,180967,0,2,0,1,0
2024,3,170800,0,2,0,1,0
2025,3,90000,0,2,0,1,0
2025,3,135000,0,2,0,1,0
2024,2,64600,0,2,0,1,0
2024,3,70000,0,2,0,1,0
2024,1,33750,0,2,0,1,0
2025,2,231000,0,2,0,1,0
2025,2,133000,0,2,0,1,0
2025,3,170000,0,2,0,1,0
2024,2,40000,0,2,0,1,0
2025,3,81978,100,2,0,1,0
2025,2,170000,100,2,0,1,0
2022,2,63040,100,2,0,1,0
2025,2,111800,0,2,0,1,0
2024,1,222900,100,2,0,1,0
2024,3,294000,0,2,0,1,0
2024,3,135000,0,2,0,1,0
2025,3,120000,100,2,0,1,0
2025,3,116100,100,2,0,1,0
2024,3,235500,0,2,0,1,0
2024,3,192000,0,2,0,1,0
2024,2,203000,100,2,0,1,0
2025,3,212000,0,2,0,1,0
2024,3,230000,0,2,0,1,0
2024,3,185800,0,2,0,1,0
2025,2,83300,0,2,0,1,0
2025,3,180000,0,2,0,1,0
2025,2,134865,0,2,0,1,0
2025,1,28571,0,2,0,1,0
2024,2,81400,0,2,0,1,0
2024,3,200000,100,2,0,1,0
2024,2,83600,0,2,0,1,0
2024,2,212800,0,3,0,1,0
2025,1,135600,0,2,0,1,0
2025,3,200000,100,2,0,1,0
2024,3,177688,0,2,0,1,0
2024,2,131000,100,2,0,1,0
2024,3,112500,0,2,0,1,0
2023,3,135000,100,2,0,1,0
2025,2,80000,0,2,0,1,0
2024,2,117000,0,2,0,1,0
2024,2,70000,0,2,0,1,0
2024,2,156500,0,2,0,1,0
2024,3,119900,0,2,0,1,0
2025,3,320000,0,2,0,1,0
2025,2,100714,0,2,0,1,0
2024,3,247600,0,3,0,1,0
2023,2,111151,100,2,0,1,0
2024,2,157000,100,2,0,1,0
2024,3,108750,0,1,0,1,0
2024,2,117600,0,3,0,1,0
2024,3,260000,0,3,0,1,0
2024,3,139000,0,2,0,1,0
2024,3,58800,0,2,0,1,0
2024,2,90000,0,2,0,1,0
2022,3,90700,100,2,0,1,0
2025,3,190000,100,2,0,1,0
2024,2,187000,0,2,0,1,0
2025,2,220000,0,2,0,1,0
2024,3,245000,0,2,0,1,0
2025,3,160000,0,2,0,1,0
2025,1,36000,0,2,0,0,1
2024,2,111500,0,2,0,1,0
2025,3,109000,0,2,0,1,0
2025,2,120000,0,2,0,1,0
2025,3,285000,0,2,0,1,0
2025,2,88607,0,2,0,0,0
2024,2,121600,0,2,0,1,0
2024,3,258000,100,2,0,1,0
2024,3,191061,0,2,0,1,0
2025,3,140000,0,2,0,1,0
2025,3,44000,0,2,0,1,0
2025,2,48000,0,2,0,1,0
2025,3,194000,100,2,0,1,0
2024,3,81250,0,2,0,1,0
2025,3,120000,0,2,0,1,0
2024,2,51283,0,2,0,1,0
2024,1,82000,0,2,0,1,0
2024,3,339250,0,2,0,1,0
2024,3,137750,0,2,0,1,0
2024,3,156000,100,2,0,1,0
2024,3,160000,0,2,0,1,0
2024,3,110000,0,2,0,1,0
2022,3,145000,0,2,0,1,0
2024,3,105000,0,2,0,1,0
2024,3,160000,0,2,0,1,0
2024,2,110000,0,2,0,1,0
2025,2,60300,0,2,0,1,0
2024,3,280000,0,2,0,1,0
2024,1,184180,0,2,0,1,0
2024,3,94200,0,2,0,1,0
2025,3,200000,0,2,0,1,0
2025,1,31578,0,1,0,1,0
2025,2,330000,0,2,0,1,0
2025,3,135000,0,2,0,1,0
2025,3,220000,100,2,0,1,0
2024,3,137400,0,2,0,1,0
2025,2,205000,0,2,0,1,0
2024,4,212500,0,2,0,1,0
2024,3,180000,0,2,0,1,0
2025,3,138000,0,2,0,1,0
2025,2,260000,0,2,0,1,0
2025,2,185000,0,2,0,1,0
2025,2,110500,0,2,0,1,0
2024,2,184900,100,2,0,1,0
2025,3,118845,0,2,0,1,0
2024,4,143858,100,2,0,1,0
2025,3,140700,0,2,0,1,0
2024,3,225000,0,2,0,1,0
2025,3,173000,0,2,0,1,0
2025,3,190000,0,2,0,1,0
2025,3,76000,0,2,0,1,0
2025,1,55228,0,2,0,1,0
2025,3,86000,0,2,0,1,0
2024,2,180960,100,2,0,1,0
2025,3,147000,100,2,0,1,0
2024,2,67500,0,2,0,1,0
2024,3,139000,100,2,0,1,0
2024,2,223000,0,2,0,1,0
2025,4,160000,0,2,0,1,0
2025,3,170925,100,2,0,1,0
2025,3,84750,0,2,0,1,0
2024,2,222480,0,2,0,1,0
2024,2,148300,0,2,0,1,0
2025,2,67600,0,2,0,1,0
2024,3,166000,100,2,0,1,0
2025,3,181000,0,2,0,1,0
2025,2,193000,0,2,0,1,0
2022,3,140400,0,2,0,1,0
2025,3,171000,0,2,0,1,0
2024,3,191253,0,2,0,1,0
2025,1,32000,0,2,0,0,1
2024,1,83400,0,2,0,1,0
2024,1,71000,0,2,0,1,0
2024,1,237500,0,2,0,1,0
2025,2,120000,0,2,0,1,0
2024,2,170000,0,2,0,1,0
2024,2,80000,0,2,0,1,0
2025,3,328500,0,2,0,1,0
2024,2,208800,0,2,0,1,0
2024,3,115000,100,2,0,1,0
2025,3,75800,0,2,0,1,0
2025,2,233500,0,2,0,1,0
2024,3,82100,0,2,0,1,0
2024,3,389500,0,2,0,1,0
2024,2,240240,0,2,0,1,0
2024,2,126300,0,3,0,1,0
2024,1,137000,0,2,0,1,0
2025,2,113100,100,2,0,1,0
2024,3,296100,0,2,0,1,0
2025,3,167740,0,2,0,1,0
2024,2,108500,0,2,0,1,0
2024,2,140000,0,2,0,1,0
2025,3,233154,0,2,0,1,0
2024,3,167538,0,2,0,1,0
2024,2,110000,0,2,0,1,0
2024,3,150000,100,2,0,1,0
2024,4,240000,0,2,0,1,0
2024,3,258000,0,2,0,1,0
2025,3,60000,0,2,0,1,0
2024,2,61800,0,2,0,1,0
2024,2,168000,0,2,0,1,0
2024,3,125000,0,2,0,1,0
2024,1,128000,0,2,0,1,0
2025,1,115627,0,2,0,1,0
2025,2,150000,0,2,0,1,0
2025,2,144000,0,2,0,1,0
2024,1,83000,0,2,0,1,0
2024,2,150327,0,2,0,1,0
2025,4,130920,0,2,0,1,0
2024,3,130000,0,2,0,1,0
2025,2,275000,0,2,0,1,0
2023,3,152000,0,2,0,1,0
2025,3,110000,0,2,0,1,0
2024,3,76923,0,2,0,1,0
2025,2,225000,0,2,0,1,0
2025,2,121000,100,2,0,1,0
2024,3,107657,0,2,0,1,0
2025,3,140800,100,2,0,1,0
2024,2,196900,0,2,0,1,0
2024,1,250000,0,2,0,1,0
2025,3,325000,0,2,0,1,0
2023,2,100000,100,2,0,1,0
2025,1,115000,0,2,0,1,0
2024,3,200000,100,2,0,1,0
2024,3,115000,100,2,0,1,0
2023,2,142200,0,2,0,1,0
2025,2,72857,0,2,0,1,0
2024,3,110000,0,2,0,1,0
2024,2,132000,100,2,0,1,0
2024,2,124000,0,2,0,1,0
2025,3,110000,100,2,0,1,0
2025,2,114080,0,2,0,1,0
2024,3,93750,0,2,0,1,0
2025,3,193400,0,2,0,1,0
2025,1,56842,0,2,0,1,0
2024,3,269525,100,2,0,1,0
2025,4,325000,100,2,0,1,0
2023,2,110000,100,2,0,1,0
2025,3,240000,0,2,0,1,0
2024,2,117000,0,3,0,1,0
2024,3,230000,0,2,0,1,0
2024,2,145000,100,2,0,1,0
2024,1,123000,0,2,0,1,0
2025,2,186800,100,2,0,1,0
2024,3,196000,0,2,0,1,0
2025,1,63254,0,2,0,1,0
2024,1,128250,0,2,0,1,0
2024,3,187040,0,2,0,1,0
2024,3,150000,100,2,0,1,0
2024,3,267720,0,2,0,1,0
2024,3,250200,0,2,0,1,0
2025,2,180000,0,2,0,1,0
2025,3,163000,100,2,0,1,0
2022,3,133766,100,3,0,1,0
2024,3,185000,100,2,0,1,0
2025,3,180000,100,2,0,1,0
2024,3,76960,0,2,0,1,0
2024,3,229900,0,2,0,1,0
2024,2,212800,0,3,0,1,0
2025,1,59000,0,2,0,1,0
2025,3,97600,0,2,0,1,0
2025,3,251600,0,2,0,1,0
2025,4,190000,100,2,0,1,0
2025,2,294600,0,2,0,1,0
2025,3,179400,0,2,0,1,0
2025,3,110000,0,2,0,1,0
2025,2,86423,0,2,0,1,0
2024,2,58660,0,2,0,1,0
2025,2,158000,100,2,0,1,0
2025,3,158100,100,2,0,1,0
2025,3,190000,0,2,0,1,0
2024,3,130270,0,2,0,1,0
2024,3,206700,100,2,0,1,0
2025,1,90764,0,2,0,1,0
2025,2,100000,0,2,0,1,0
2024,3,150000,0,2,0,1,0
2024,2,222000,0,2,0,1,0
2024,2,166600,0,2,0,1,0
2024,3,249000,0,2,0,1,0
2024,3,139000,0,2,0,1,0
2025,1,122058,0,2,0,1,0
2025,3,223600,0,2,0,1,0
2025,2,88215,0,2,0,1,0
2024,2,223600,0,3,0,1,0
2024,3,337250,0,2,0,1,0
2024,3,239000,0,2,0,1,0
2024,3,143750,0,2,0,1,0
2023,3,245700,0,2,0,1,0
2025,3,126000,0,2,0,1,0
2025,3,159000,100,2,0,1,0
2024,2,150000,0,2,0,1,0
2025,3,160000,0,2,0,1,0
2024,3,305000,0,2,0,1,0
2025,2,130000,0,2,0,1,0
2023,3,134000,100,2,0,1,0
2025,3,240000,0,2,0,1,0
2025,2,126600,0,2,0,1,0
2025,3,203000,0,2,0,1,0
2025,3,183800,0,2,0,1,0
2025,3,160000,100,2,0,1,0
2025,3,118680,0,2,0,1,0
2024,3,160000,0,2,0,1,0
2025,3,160000,100,2,0,1,0
2023,3,144000,100,2,0,1,0
2025,3,130000,0,2,0,1,0
2024,1,62400,0,2,0,1,0
2024,2,60431,0,2,0,1,0
2024,2,300000,0,2,0,1,0
2025,3,130000,0,2,0,1,0
2025,2,110000,100,2,0,1,0
2025,2,78315,0,2,0,1,0
2022,1,22892,50,2,0,1,0
2024,3,131300,0,2,0,1,0
2025,2,165000,0,2,0,1,0
2025,3,132000,0,2,0,1,0
2025,2,115000,0,2,0,1,0
2024,3,122500,100,2,0,1,0
2025,2,145000,0,2,0,1,0
2025,2,101400,0,2,0,1,0
2025,2,110000,0,2,0,1,0
2025,3,180000,0,2,0,1,0
2025,2,22736,0,2,0,1,0
2025,1,59368,0,2,0,1,0
2024,3,241393,100,2,0,1,0
2024,2,124000,100,2,0,1,0
2024,3,110000,0,2,0,1,0
2024,2,85000,0,2,0,1,0
2024,3,144100,0,2,0,1,0
2024,3,183580,100,2,0,1,0
2025,2,104000,100,2,0,1,0
2025,3,170000,0,2,0,1,0
2025,3,234000,0,2,0,1,0
2025,3,115000,0,2,0,1,0
2024,3,250000,0,2,0,1,0
2024,1,105000,100,2,0,1,0
2025,3,341500,0,2,0,1,0
2025,3,125882,100,2,0,1,0
2024,3,252000,0,2,0,1,0
2023,3,100000,100,2,0,1,0
2024,4,160000,0,2,0,1,0
2025,2,87600,100,2,0,1,0
2024,1,73000,0,2,0,1,0
2024,3,165000,100,2,0,1,0
2025,3,182000,0,2,0,1,0
2024,3,166600,0,2,0,1,0
2025,2,83368,0,2,0,1,0
2025,3,69400,0,2,0,1,0
2025,3,200700,100,2,0,1,0
2024,3,261000,0,2,0,1,0
2025,3,178100,0,2,0,1,0
2024,1,197100,0,2,0,1,0
2024,3,249700,100,2,0,1,0
2025,3,110000,100,2,0,1,0
2025,1,40989,0,2,0,1,0
2023,3,47799,100,2,0,1,0
2025,4,350000,0,2,0,1,0
2025,3,328500,0,2,0,1,0
2024,2,128000,0,2,0,1,0
2024,2,182400,100,2,0,1,0
2025,2,180000,100,2,0,1,0
2025,3,97600,0,2,0,1,0
2025,3,181500,100,2,0,1,0
2024,3,129400,0,2,0,1,0
2024,2,140000,100,2,0,1,0
2025,3,294000,0,2,0,1,0
2025,3,146000,0,2,0,1,0
2025,3,128000,0,2,0,1,0
2023,3,303387,100,2,0,1,0
2024,2,57582,100,2,0,1,0
2024,2,81500,0,2,0,1,0
2025,2,208145,0,2,0,1,0
2024,3,139050,0,2,0,1,0
2024,3,164300,100,2,0,1,0
2025,3,200000,0,2,0,1,0
2024,1,82783,0,2,0,1,0
2025,3,54736,0,2,0,1,0
2024,1,124600,0,2,0,1,0
2024,4,50000,0,2,0,1,0
2025,3,220000,100,2,0,1,0
2025,3,184140,0,2,0,1,0
2025,2,295000,0,2,0,1,0
2025,3,173000,0,2,0,1,0
2024,3,145000,0,2,0,1,0
2025,2,79310,0,2,0,1,0
2025,3,257000,0,2,0,1,0
2024,3,136000,100,2,0,1,0
2025,3,130000,100,2,0,1,0
2025,3,154000,0,2,0,1,0
2025,3,240800,0,2,0,1,0
2025,3,530000,0,2,0,1,0
2024,3,156000,100,2,0,1,0
2024,2,192000,0,2,0,1,0
2025,3,261500,0,3,0,1,0
2024,3,200000,100,2,0,1,0
2025,1,63000,100,2,0,1,0
2024,1,179000,0,2,0,1,0
2025,3,211900,0,2,0,1,0
2025,2,42442,0,2,0,1,0
2024,3,72473,100,2,0,1,0
2024,3,91500,0,2,0,1,0
2025,3,237500,0,2,0,1,0
2025,2,317880,0,2,0,1,0
2024,2,168500,0,2,0,1,0
2024,3,117220,0,2,0,1,0
2025,3,115000,0,2,0,1,0
2025,3,286300,0,2,0,1,0
2025,3,112000,100,2,0,1,0
2024,2,124000,0,2,0,1,0
2024,3,220000,0,2,0,1,0
2024,1,52000,0,2,0,1,0
2024,3,220348,0,2,0,1,0
2024,2,179000,0,2,0,1,0
2025,3,220000,0,2,0,1,0
2024,3,286000,0,2,0,1,0
2024,3,168700,0,2,0,1,0
2025,2,265200,0,2,0,1,0
2024,3,183600,0,2,0,1,0
2025,3,133000,0,2,0,1,0
2025,3,270000,100,2,0,1,0
2025,2,70000,100,2,0,1,0
2025,3,240000,0,2,0,1,0
2025,2,101265,0,2,0,1,0
2025,3,160000,0,2,0,1,0
2024,3,136000,0,3,0,1,0
2025,2,750000,100,2,0,1,0
2025,3,471500,0,2,0,1,0
2024,3,110000,0,2,0,1,0
2024,3,50666,0,2,0,1,0
2024,3,104800,0,2,0,1,0
2025,3,120000,100,2,0,1,0
2024,3,180000,0,2,0,1,0
2024,2,150000,0,2,0,1,0
2025,3,129000,0,2,0,1,0
2024,3,143000,0,2,0,1,0
2024,3,286000,0,2,0,1,0
2025,2,208800,0,2,0,1,0
2025,3,87954,100,2,0,1,0
2025,2,141400,0,3,0,1,0
2024,3,140000,0,2,0,1,0
2024,3,125000,0,2,0,1,0
2024,4,113840,0,2,0,1,0
2025,2,180000,0,2,0,1,0
2024,3,339250,0,2,0,1,0
2022,1,80000,100,3,0,1,0
2024,3,123000,0,2,0,1,0
2024,1,139000,0,2,0,1,0
2024,1,175100,0,2,0,1,0
2024,3,176800,0,2,0,1,0
2025,3,60543,100,2,0,0,0
2024,3,206900,0,2,0,1,0
2024,2,130000,0,2,0,1,0
2025,1,26265,0,2,0,0,0
2023,3,94000,0,2,0,1,0
2025,3,110000,100,2,0,1,0
2024,3,155000,100,2,0,1,0
2024,3,122500,100,2,0,1,0
2024,3,153018,0,2,0,1,0
2025,4,75949,0,2,0,1,0
2023,2,190000,100,2,0,1,0
2025,3,68421,0,2,0,1,0
2025,3,133900,0,2,0,1,0
2025,3,279000,0,2,0,1,0
2024,2,190000,100,2,0,1,0
2024,3,209720,0,2,0,1,0
2024,3,51688,0,2,0,1,0
2025,2,116400,0,2,0,1,0
2025,4,190000,0,2,0,1,0
2025,3,406250,100,2,0,1,0
2023,3,376080,100,2,0,1,0
2024,3,100000,0,2,0,1,0
2024,3,142000,0,2,0,1,0
2023,3,196000,0,2,0,1,0
2024,2,120000,0,2,0,1,0
2024,3,112200,0,2,0,1,0
2025,3,252000,0,2,0,1,0
2025,3,143000,0,2,0,1,0
2025,3,150400,0,3,0,1,0
2024,3,467998,100,2,0,1,0
2024,3,176000,0,2,0,1,0
2024,3,135000,100,2,0,1,0
2024,3,176000,0,2,0,1,0
2024,3,136000,100,2,0,1,0
2023,3,120000,0,2,0,1,0
2025,3,252000,0,2,0,1,0
2024,2,108000,100,2,0,1,0
2025,2,405000,0,2,0,1,0
2025,3,120100,0,2,0,1,0
2024,3,240000,100,2,0,1,0
2024,3,118976,0,2,0,1,0
2025,1,147368,0,2,0,1,0
2023,3,323300,0,2,0,1,0
2024,2,117000,0,2,0,1,0
2024,2,160000,0,2,0,1,0
2024,2,140000,0,2,0,1,0
2025,3,257200,0,2,0,1,0
2023,2,147500,0,2,0,1,0
2025,3,155605,0,2,0,1,0
2024,3,145000,0,2,0,1,0
2024,3,199800,0,2,0,1,0
2025,3,164500,0,2,0,1,0
2024,3,130000,100,2,0,1,0
2024,2,136000,100,2,0,1,0
2025,1,29473,0,2,0,1,0
2025,3,178000,100,2,0,1,0
2024,1,139650,0,2,0,1,0
2025,3,188000,0,2,0,1,0
2025,3,82105,0,2,0,1,0
2025,2,76960,0,2,0,1,0
2025,2,126000,0,2,0,1,0
2024,3,159000,0,2,0,1,0
2025,2,150000,0,2,0,1,0
2025,3,269640,100,2,0,1,0
2025,3,140800,100,2,0,1,0
2025,2,140000,0,2,0,1,0
2025,1,21006,0,2,0,1,0
2024,2,162800,0,2,0,1,0
2025,3,199407,0,2,0,1,0
2023,4,113000,0,2,0,1,0
2024,2,194600,0,2,0,1,0
2024,2,284000,0,2,0,1,0
2024,3,100000,100,2,0,1,0
2024,3,158200,0,2,0,1,0
2023,3,245000,0,2,0,1,0
2025,3,207444,0,2,0,1,0
2024,2,142000,0,2,0,1,0
2025,3,213000,0,2,0,1,0
2022,2,120000,0,2,0,1,0
2024,1,75000,100,2,0,1,0
2025,3,164000,0,2,0,1,0
2024,3,93500,100,2,0,1,0
2024,1,55250,0,2,0,1,0
2023,3,205500,0,2,0,1,0
2024,2,25000,100,2,0,1,0
2025,1,70200,0,2,0,1,0
2024,3,337000,0,2,0,1,0
2025,3,250000,0,2,0,1,0
2024,2,120100,0,2,0,1,0
2024,2,155000,0,2,0,1,0
2025,2,190000,0,2,0,1,0
2025,2,67600,0,2,0,1,0
2025,3,157000,100,2,0,1,0
2025,3,204600,0,2,0,1,0
2024,3,110000,0,2,0,1,0
2025,2,182240,0,2,0,1,0
2024,3,170000,100,2,0,1,0
2024,3,200000,100,2,0,1,0
2024,3,125000,0,2,0,1,0
2024,3,220000,0,2,0,1,0
2025,2,118200,100,3,0,1,0
2025,3,176000,0,2,0,1,0
2025,2,176361,0,2,0,1,0
2025,3,200700,0,2,0,1,0
2025,3,281000,0,2,0,1,0
2025,3,135000,0,2,0,1,0
2024,3,194000,0,2,0,1,0
2024,3,160000,100,2,0,1,0
2025,3,77900,0,2,0,1,0
2024,3,113840,0,2,0,1,0
2024,3,184300,0,2,0,1,0
2024,3,247600,0,3,0,1,0
2025,3,110000,0,2,0,1,0
2025,2,263000,100,2,0,1,0
2024,3,225600,0,2,0,1,0
2024,3,107300,0,2,0,1,0
2024,3,297500,0,2,0,1,0
2025,2,123000,0,2,0,1,0
2025,2,208000,0,2,0,1,0
2025,3,334500,0,2,0,1,0
2024,3,97497,0,2,0,1,0
2024,2,70000,0,2,0,1,0
2025,2,180000,0,2,0,1,0
2025,3,165000,0,2,0,1,0
2024,3,152600,0,2,0,1,0
2024,2,50000,0,2,0,1,0
2024,3,190000,0,2,0,1,0
2024,3,84600,0,2,0,1,0
2025,3,205000,100,2,0,1,0
2025,3,165000,0,2,0,1,0
2024,3,102000,0,2,0,1,0
2024,1,110240,0,2,0,1,0
2025,2,120900,0,2,0,1,0
2025,3,180000,0,2,0,1,0
2025,3,142320,0,2,0,1,0
2024,3,137275,100,2,0,1,0
2025,1,35000,0,2,0,1,0
2023,3,95040,100,2,0,1,0
2025,1,152300,0,2,0,1,0
2024,3,180000,0,2,0,1,0
2025,3,136300,0,2,0,1,0
2024,3,120000,100,2,0,1,0
2024,3,100000,0,2,0,1,0
2024,2,136000,0,3,0,1,0
2024,3,234000,0,2,0,1,0
2024,2,53950,100,2,0,1,0
2025,3,560000,0,2,0,1,0
2025,2,118785,0,2,0,1,0
2024,2,177905,0,2,0,1,0
2025,3,175500,0,2,0,1,0
2025,3,180000,0,2,0,1,0
2025,3,195596,0,2,0,1,0
2025,2,232000,100,2,0,1,0
2025,2,227000,0,2,0,1,0
2025,3,200000,0,2,0,1,0
2024,2,75000,100,2,0,1,0
2025,3,335720,100,2,0,1,0
2025,2,137100,0,2,0,1,0
2024,2,187000,0,2,0,1,0
2024,3,243400,0,2,0,1,0
2025,2,37578,0,2,0,1,0
2025,2,90000,0,2,0,1,0
2024,3,171000,0,2,0,1,0
2025,3,296300,0,2,0,1,0
2024,4,249600,0,2,0,1,0
2024,2,144000,0,2,0,1,0
2025,3,96800,0,2,0,1,0
2025,2,120000,0,2,0,1,0
2023,4,90000,100,2,0,1,0
2024,2,126300,0,2,0,1,0
2025,2,120000,0,2,0,1,0
2024,2,163700,0,2,0,1,0
2025,2,104000,100,2,0,1,0
2024,2,143000,0,2,0,1,0
2024,3,100000,100,2,0,1,0
2025,2,230230,100,2,0,1,0
2024,2,240240,0,2,0,1,0
2023,4,94000,0,2,0,1,0
2025,2,138000,0,2,0,1,0
2024,3,87100,0,2,0,1,0
2024,3,251000,0,2,0,1,0
2024,3,242000,0,2,0,1,0
2024,1,98300,0,2,0,1,0
2025,2,189000,0,2,0,1,0
2025,3,253000,100,2,0,1,0
2025,2,96600,0,2,0,1,0
2024,1,59842,0,2,0,1,0
2024,2,115000,0,2,0,1,0
2024,2,240000,0,2,0,1,0
2025,2,110240,0,2,0,1,0
2025,2,120000,100,2,0,1,0
2024,2,87822,0,2,0,1,0
2024,3,250000,0,2,0,1,0
2024,2,85000,0,2,0,1,0
2025,3,132800,0,2,0,1,0
2024,3,99900,0,2,0,1,0
2023,4,194500,0,2,0,1,0
2024,2,130000,0,2,0,1,0
2025,3,82300,0,2,0,1,0
2024,2,264200,0,2,0,1,0
2025,3,96400,0,2,0,1,0
2024,3,75000,0,2,0,1,0
2025,2,89203,0,2,0,1,0
2025,3,178600,0,2,0,1,0
2025,3,90000,0,2,0,1,0
2024,2,192000,0,2,0,1,0
2025,3,300000,0,2,0,1,0
2023,3,53300,0,2,0,1,0
2024,3,88888,50,1,0,1,0
2025,2,154000,0,2,0,1,0
2024,3,139900,100,2,0,1,0
2025,2,300000,100,2,0,1,0
2024,3,60300,0,2,0,1,0
2025,2,240000,0,2,0,1,0
2023,3,170200,0,2,0,1,0
2024,3,467998,100,2,0,1,0
2024,3,143625,0,2,0,1,0
2025,2,115000,0,2,0,1,0
2024,2,173400,0,2,0,1,0
2024,4,342000,0,2,0,1,0
2024,3,224880,0,2,0,1,0
2024,2,245000,0,2,0,1,0
2023,3,130000,100,2,0,1,0
2024,3,79700,0,2,0,1,0
2024,2,70000,0,2,0,1,0
2023,3,105000,100,2,0,1,0
2024,1,60000,100,2,0,1,0
2024,2,117000,100,2,0,1,0
2025,3,85000,0,2,0,1,0
2025,3,203000,0,2,0,1,0
2024,3,190000,0,2,0,1,0
2025,3,160000,100,2,0,1,0
2024,2,176000,0,2,0,1,0
2024,2,168000,0,2,0,1,0
2025,3,96000,0,2,0,1,0
2024,2,117500,0,2,0,1,0
2024,1,96000,0,2,0,1,0
2025,2,266000,0,2,0,1,0
2025,3,197800,0,2,0,1,0
2025,3,130000,0,2,0,1,0
2025,3,160000,100,2,0,1,0
2024,2,106700,0,2,0,1,0
2025,2,84480,0,2,0,1,0
2025,3,253000,0,2,0,1,0
2024,2,99900,0,2,0,1,0
2025,2,237500,0,2,0,1,0
2024,1,60400,0,2,0,1,0
2024,3,249000,0,2,0,1,0
2024,3,58000,0,2,0,1,0
2024,4,323700,100,2,0,1,0
2023,4,130000,0,2,0,1,0
2025,1,37974,0,2,0,1,0
2025,3,87050,0,2,0,1,0
2024,3,166600,0,2,0,1,0
2024,2,145307,0,2,0,1,0
2024,2,194000,0,2,0,1,0
2024,1,130000,0,2,0,1,0
2024,3,108000,0,2,0,1,0
2024,2,97000,100,2,0,1,0
2025,3,216700,100,2,0,1,0
2024,3,134000,0,2,0,1,0
2024,3,75000,100,2,0,1,0
2024,3,170000,0,2,0,1,0
2024,3,276000,0,2,0,1,0
2025,3,290000,100,2,0,1,0
2025,2,105000,0,2,0,1,0
2024,3,187040,0,2,0,1,0
2025,3,160000,0,2,0,1,0
2025,3,161000,100,2,0,1,0
2025,3,196200,0,2,0,1,0
2025,2,200000,0,2,0,1,0
2024,3,115000,0,2,0,1,0
2024,1,22000,0,2,0,0,1
2024,2,79600,0,3,0,1,0
2024,3,294000,0,2,0,1,0
2024,3,192500,100,2,0,1,0
2024,3,105500,0,2,0,1,0
2025,3,200000,0,2,0,1,0
2025,2,165000,100,2,0,1,0
2025,1,34177,0,2,0,1,0
2025,2,60000,0,2,0,1,0
2025,2,136800,0,2,0,1,0
2024,2,136000,0,3,0,1,0
2023,3,185000,0,3,0,1,0
2024,3,215000,0,2,0,1,0
2025,2,176000,0,2,0,1,0
2025,2,102000,0,2,0,1,0
2024,2,136620,0,2,0,1,0
2025,1,106200,0,2,0,1,0
2024,4,180000,0,2,0,1,0
2025,3,158600,0,2,0,1,0
2025,2,116200,0,2,0,1,0
2024,3,112800,100,2,0,1,0
2025,3,172000,0,2,0,1,0
2025,3,101300,0,2,0,1,0
2024,3,250000,100,2,0,1,0
2025,2,29052,0,2,0,1,0
2025,3,170000,0,2,0,1,0
2024,2,220000,0,2,0,1,0
2025,3,110000,0,2,0,1,0
2024,3,294000,0,2,0,1,0
2025,2,60000,0,2,0,1,0
2023,2,95012,50,3,0,1,0
2025,2,262350,0,2,0,1,0
2024,1,57146,0,2,0,1,0
2025,3,117200,0,2,0,1,0
2025,2,165000,0,2,0,1,0
2024,2,174500,100,2,0,1,0
2025,3,450000,0,2,0,1,0
2024,3,200000,100,2,0,1,0
2023,3,176000,100,2,0,1,0
2023,3,200000,0,2,0,1,0
2024,2,105000,0,2,0,1,0
2025,3,87700,100,2,0,1,0
2024,2,75650,0,2,0,1,0
2025,1,62992,0,2,0,0,1
2025,3,170000,0,2,0,1,0
2025,3,145113,100,2,0,1,0
2024,2,101000,100,3,0,1,0
2024,3,196000,0,2,0,1,0
2025,2,224000,0,2,0,1,0
2025,2,310000,0,2,0,1,0
2025,2,560000,0,2,0,1,0
2025,3,175000,0,2,0,1,0
2023,3,299500,0,2,0,1,0
2024,2,95000,0,2,0,1,0
2025,3,115000,0,2,0,1,0
2024,3,161800,0,2,0,1,0
2024,1,142000,0,2,0,1,0
2024,3,90750,0,2,0,1,0
2025,2,78530,0,2,0,1,0
2024,2,135400,0,2,0,1,0
2024,3,123990,100,2,0,1,0
2025,3,166000,0,2,0,1,0
2024,3,135000,0,2,0,1,0
2025,1,106200,100,2,0,1,0
2024,2,114400,0,2,0,1,0
2023,3,230000,100,2,0,1,0
2024,2,180000,0,2,0,1,0
2025,3,98500,0,2,0,1,0
2025,2,151200,0,2,0,1,0
2025,3,168800,0,2,0,1,0
2025,2,80000,0,2,0,1,0
2025,3,171500,0,2,0,1,0
2024,2,70800,0,2,0,1,0
2025,3,227000,0,2,0,1,0
2024,2,59101,100,2,0,1,0
2021,2,187442,100,3,0,1,0
2025,4,195000,0,2,0,1,0
2024,2,93750,0,2,0,1,0
2025,2,231600,0,2,0,1,0
2024,2,104000,0,2,0,1,0
2025,3,356500,100,2,0,1,0
2025,3,273000,100,2,0,1,0
2024,2,410000,0,2,0,1,0
2024,3,410000,100,2,0,1,0
2025,3,234000,0,2,0,1,0
2025,2,18031,0,2,0,1,0
2025,3,111100,0,2,0,1,0
2025,2,129960,100,2,0,1,0
2024,3,258524,0,2,0,1,0
2025,2,100000,0,2,0,1,0
2025,2,180000,0,2,0,1,0
2024,1,112200,0,2,0,1,0
2023,1,155000,0,2,0,1,0
2025,3,135000,0,2,0,1,0
2025,2,151000,100,2,0,1,0
2024,3,177688,0,2,0,1,0
2024,3,136000,0,3,0,1,0
2023,3,153600,0,2,0,1,0
2025,3,106400,0,2,0,1,0
2025,3,140000,100,2,0,1,0
2024,3,48000,100,2,0,1,0
2024,1,103635,0,2,0,1,0
2024,2,86600,100,2,0,1,0
2025,3,234000,0,2,0,1,0
2025,3,228000,0,2,0,1,0
2025,1,142104,0,2,0,1,0
2024,3,115704,100,2,0,1,0
2025,2,425500,0,2,0,1,0
2025,3,160000,100,2,0,1,0
2023,3,130000,0,2,0,1,0
2025,3,171925,0,2,0,1,0
2024,2,140000,0,2,0,1,0
2023,1,18160,100,3,0,0,1
2024,1,50000,0,2,0,1,0
2025,3,189615,0,2,0,1,0
2023,2,79976,0,2,0,1,0
2025,3,81978,100,2,0,1,0
2024,3,302000,0,2,0,1,0
2025,3,195750,100,2,0,1,0
2025,2,136767,0,2,0,1,0
2024,3,153400,0,2,0,1,0
2025,2,135000,100,2,0,1,0
2025,2,135700,0,2,0,1,0
2024,1,83500,0,2,0,1,0
2024,2,118500,0,2,0,1,0
2024,1,67400,100,2,0,1,0
2025,4,370000,0,2,0,1,0
2024,2,154360,0,2,0,1,0
2024,3,143100,0,2,0,1,0
2025,3,140000,100,2,0,1,0
2025,3,126582,0,2,0,1,0
2025,2,208800,0,2,0,1,0
2024,3,183800,0,2,0,1,0
2024,2,168000,0,2,0,1,0
2024,3,103685,0,2,0,1,0
2024,2,165760,100,2,0,1,0
2024,3,125000,100,2,0,1,0
2024,3,100300,0,2,0,1,0
2024,3,249000,0,2,0,1,0
2024,3,209000,100,2,0,1,0
2025,1,185200,0,2,0,1,0
2025,3,175000,100,2,0,1,0
2024,3,226000,0,2,0,1,0
2024,3,115000,0,2,0,1,0
2025,3,225000,0,2,0,1,0
2024,2,86700,100,2,0,1,0
2025,3,65835,0,2,0,1,0
2024,3,248920,0,2,0,1,0
2025,2,109000,0,2,0,1,0
2024,1,46500,0,2,0,1,0
2025,2,242000,0,2,0,1,0
2025,3,123832,0,2,0,1,0
2025,3,158000,0,2,0,1,0
2025,2,158400,0,2,0,1,0
2024,1,75000,100,2,0,1,0
2024,3,200000,0,2,0,1,0
2024,1,337250,0,2,0,1,0
2025,3,157700,0,2,0,1,0
2025,1,100000,0,2,0,1,0
2024,2,137000,0,2,0,1,0
2024,3,223000,100,2,0,1,0
2025,2,260000,0,2,0,1,0
2025,2,249000,0,2,0,1,0
2025,2,340000,100,2,0,1,0
2025,3,247300,100,2,0,1,0
2024,3,113600,0,2,0,1,0
2023,3,225000,0,2,0,1,0
2024,3,116300,0,2,0,1,0
2024,3,155100,0,2,0,1,0
2024,3,197292,0,2,0,1,0
2025,1,100000,0,2,0,1,0
2024,3,114400,0,2,0,1,0
2025,3,120100,0,2,0,1,0
2025,2,153000,0,2,0,1,0
2024,1,32000,0,2,0,1,0
2024,3,129700,0,2,0,1,0
2024,3,137600,0,2,0,1,0
2024,2,137750,0,2,0,1,0
2024,3,63671,0,2,0,1,0
2024,3,221000,0,2,0,1,0
2024,3,188000,0,2,0,1,0
2024,2,128300,0,2,0,1,0
2024,3,170000,0,2,0,1,0
2024,2,165000,0,2,0,1,0
2024,3,265000,100,2,0,1,0
2022,3,86193,0,2,0,1,0
2025,3,97000,0,2,0,1,0
2024,3,224000,0,2,0,1,0
2025,3,90673,0,2,0,1,0
2025,3,312200,0,2,0,1,0
2024,1,170000,0,2,0,1,0
2025,3,186900,0,2,0,1,0
2024,2,143100,0,2,0,1,0
2025,3,202560,0,2,0,1,0
2024,3,94860,0,2,0,1,0
2024,3,204000,100,2,0,1,0
2024,3,202000,0,2,0,1,0
2025,2,240000,0,2,0,1,0
2025,3,48000,0,2,0,1,0
2025,4,239467,0,2,0,1,0
2025,1,165360,0,2,0,1,0
2025,3,160000,0,2,0,1,0
2024,2,172000,0,2,0,1,0
2023,2,36000,0,1,1,0,0
2024,3,210000,100,2,0,1,0
2025,1,177688,0,2,0,1,0
2024,3,73008,0,2,0,1,0
2022,3,167100,0,2,0,1,0
2025,3,160000,100,2,0,1,0
2024,3,50000,100,2,0,1,0
2025,3,165000,100,2,0,1,0
2025,3,140000,0,2,0,1,0
2025,2,150000,0,2,0,1,0
2023,3,267720,0,2,0,1,0
2025,2,80480,0,2,0,1,0
2024,3,280000,0,2,0,1,0
2025,4,220000,100,2,0,1,0
2024,3,223500,0,2,0,1,0
2025,2,162019,0,2,0,1,0
2025,3,136380,0,2,0,1,0
2024,1,143200,0,2,0,1,0
2024,1,70000,0,3,0,1,0
2025,2,153000,0,2,0,1,0
2025,3,86320,0,2,0,1,0
2025,3,136000,0,2,0,1,0
2025,3,286000,0,2,0,1,0
2025,3,108000,0,2,0,1,0
2025,3,73684,0,2,0,1,0
2024,3,152000,100,2,0,1,0
2025,3,234600,100,2,0,1,0
2024,3,339250,0,2,0,1,0
2024,3,195000,100,2,0,1,0
2024,1,60000,0,2,0,1,0
2025,2,137049,0,2,0,1,0
2025,2,185000,0,2,0,1,0
2024,1,88000,0,2,0,1,0
2025,3,158700,0,2,0,1,0
2025,3,181000,0,2,0,1,0
2024,3,218900,0,2,0,1,0
2025,2,160000,100,2,0,1,0
